/*M!999999\- enable the sandbox mode */ 
-- MariaDB dump 10.19  Distrib 10.11.9-MariaDB, for Win64 (AMD64)
--
-- Host: localhost    Database: carnet
-- ------------------------------------------------------
-- Server version	10.11.9-MariaDB-log

/*!40101 SET @OLD_CHARACTER_SET_CLIENT=@@CHARACTER_SET_CLIENT */;
/*!40101 SET @OLD_CHARACTER_SET_RESULTS=@@CHARACTER_SET_RESULTS */;
/*!40101 SET @OLD_COLLATION_CONNECTION=@@COLLATION_CONNECTION */;
/*!40101 SET NAMES utf8mb4 */;
/*!40103 SET @OLD_TIME_ZONE=@@TIME_ZONE */;
/*!40103 SET TIME_ZONE='+00:00' */;
/*!40014 SET @OLD_UNIQUE_CHECKS=@@UNIQUE_CHECKS, UNIQUE_CHECKS=0 */;
/*!40014 SET @OLD_FOREIGN_KEY_CHECKS=@@FOREIGN_KEY_CHECKS, FOREIGN_KEY_CHECKS=0 */;
/*!40101 SET @OLD_SQL_MODE=@@SQL_MODE, SQL_MODE='NO_AUTO_VALUE_ON_ZERO' */;
/*!40111 SET @OLD_SQL_NOTES=@@SQL_NOTES, SQL_NOTES=0 */;

--
-- Table structure for table `areas`
--

DROP TABLE IF EXISTS `areas`;
/*!40101 SET @saved_cs_client     = @@character_set_client */;
/*!40101 SET character_set_client = utf8 */;
CREATE TABLE `areas` (
  `id` bigint(20) unsigned NOT NULL AUTO_INCREMENT,
  `nombre` varchar(255) NOT NULL,
  `imagen_carnet` varchar(255) DEFAULT NULL,
  `created_at` timestamp NULL DEFAULT NULL,
  `updated_at` timestamp NULL DEFAULT NULL,
  PRIMARY KEY (`id`),
  UNIQUE KEY `areas_nombre_unique` (`nombre`)
) ENGINE=InnoDB AUTO_INCREMENT=11 DEFAULT CHARSET=utf8mb4 COLLATE=utf8mb4_unicode_ci;
/*!40101 SET character_set_client = @saved_cs_client */;

--
-- Dumping data for table `areas`
--

LOCK TABLES `areas` WRITE;
/*!40000 ALTER TABLE `areas` DISABLE KEYS */;
INSERT INTO `areas` VALUES
(1,'Sistemas','areas/01JQD2RQ2N4DWWHBX9SK92ANXT.png','2025-02-27 06:56:44','2025-03-28 04:34:55'),
(2,'Ciencia Económica','areas/01JQD2B9YMBMCRS8GH0J11KJN2.png','2025-02-27 07:05:58','2025-03-28 04:27:35'),
(3,'Comunicación Social','areas/01JQD2CN36HPF9X4D9BKZQSDP7.png','2025-02-27 07:06:52','2025-03-28 04:28:19'),
(4,'Agronomía','areas/01JQD2T73M1R0BAV23JBM912BX.png','2025-02-27 07:07:09','2025-03-28 04:35:44'),
(5,'Ing Civil','areas/01JQD2R5X9J1QPV9QAQPN9EJEQ.png','2025-02-27 07:08:10','2025-03-28 04:34:37'),
(6,'Salud','areas/01JQD2Q3NVXCSRHTR9K1FQGZA8.png','2025-02-27 22:28:27','2025-03-28 04:34:02'),
(7,'Derecho','areas/01JQD2GYKY571KA9FZVQHX1P17.png','2025-03-28 04:30:40','2025-03-28 04:30:40'),
(8,'Odontología','areas/01JQD2KDRVJH77FF61P1F42N2F.png','2025-03-28 04:32:01','2025-03-28 04:32:01'),
(9,'Estudios continuos','areas/01JQD2VWY9K8DHDB4SSMYAY139.png','2025-03-28 04:36:39','2025-03-28 04:36:39'),
(10,'Postgrado','areas/01JQD2YDKDCVDPN4QF8JGEAM9P.png','2025-03-28 04:38:02','2025-03-28 04:38:02');
/*!40000 ALTER TABLE `areas` ENABLE KEYS */;
UNLOCK TABLES;

--
-- Table structure for table `audits`
--

DROP TABLE IF EXISTS `audits`;
/*!40101 SET @saved_cs_client     = @@character_set_client */;
/*!40101 SET character_set_client = utf8 */;
CREATE TABLE `audits` (
  `id` bigint(20) unsigned NOT NULL AUTO_INCREMENT,
  `user_type` varchar(255) DEFAULT NULL,
  `user_id` bigint(20) unsigned DEFAULT NULL,
  `event` varchar(255) NOT NULL,
  `auditable_type` varchar(255) NOT NULL,
  `auditable_id` bigint(20) unsigned NOT NULL,
  `old_values` text DEFAULT NULL,
  `new_values` text DEFAULT NULL,
  `url` text DEFAULT NULL,
  `ip_address` varchar(45) DEFAULT NULL,
  `user_agent` varchar(1023) DEFAULT NULL,
  `tags` varchar(255) DEFAULT NULL,
  `created_at` timestamp NULL DEFAULT NULL,
  `updated_at` timestamp NULL DEFAULT NULL,
  PRIMARY KEY (`id`),
  KEY `audits_auditable_type_auditable_id_index` (`auditable_type`,`auditable_id`),
  KEY `audits_user_id_user_type_index` (`user_id`,`user_type`)
) ENGINE=InnoDB AUTO_INCREMENT=53 DEFAULT CHARSET=utf8mb4 COLLATE=utf8mb4_unicode_ci;
/*!40101 SET character_set_client = @saved_cs_client */;

--
-- Dumping data for table `audits`
--

LOCK TABLES `audits` WRITE;
/*!40000 ALTER TABLE `audits` DISABLE KEYS */;
INSERT INTO `audits` VALUES
(1,'App\\Models\\User',1,'updated','App\\Models\\Area',1,'{\"nombre\":\"Sistema\"}','{\"nombre\":\"Sistemas\"}','http://carnet.test/livewire/update','127.0.0.1','Mozilla/5.0 (Windows NT 10.0; Win64; x64) AppleWebKit/537.36 (KHTML, like Gecko) Chrome/133.0.0.0 Safari/537.36',NULL,'2025-02-27 23:58:52','2025-02-27 23:58:52'),
(2,'App\\Models\\User',2,'updated','App\\Models\\Estudiante',1,'{\"carrera_id\":11}','{\"carrera_id\":\"3\"}','http://carnet.test/livewire/update','127.0.0.1','Mozilla/5.0 (Windows NT 10.0; Win64; x64) AppleWebKit/537.36 (KHTML, like Gecko) Chrome/133.0.0.0 Safari/537.36',NULL,'2025-02-28 00:07:43','2025-02-28 00:07:43'),
(3,'App\\Models\\User',2,'updated','App\\Models\\Estudiante',1,'{\"carrera_id\":3}','{\"carrera_id\":11}','http://carnet.test/livewire/update','127.0.0.1','Mozilla/5.0 (Windows NT 10.0; Win64; x64) AppleWebKit/537.36 (KHTML, like Gecko) Chrome/133.0.0.0 Safari/537.36',NULL,'2025-02-28 00:07:54','2025-02-28 00:07:54'),
(4,'App\\Models\\User',1,'updated','App\\Models\\Estudiante',1,'{\"imagen\":null}','{\"imagen\":\"estudiantes\\/01JN54JCAP5Z3YJ3PPTRQD68JS.jpg\"}','http://carnet.test/livewire/update','127.0.0.1','Mozilla/5.0 (Windows NT 10.0; Win64; x64) AppleWebKit/537.36 (KHTML, like Gecko) Chrome/133.0.0.0 Safari/537.36',NULL,'2025-02-28 06:01:05','2025-02-28 06:01:05'),
(5,'App\\Models\\User',1,'updated','App\\Models\\Estudiante',1,'{\"imagen\":\"estudiantes\\/01JN54JCAP5Z3YJ3PPTRQD68JS.jpg\"}','{\"imagen\":\"estudiantes\\/01JN54METT3A6CVS56W45M9Q6N.jpg\"}','http://carnet.test/livewire/update','127.0.0.1','Mozilla/5.0 (Windows NT 10.0; Win64; x64) AppleWebKit/537.36 (KHTML, like Gecko) Chrome/133.0.0.0 Safari/537.36',NULL,'2025-02-28 06:02:13','2025-02-28 06:02:13'),
(6,'App\\Models\\User',1,'updated','App\\Models\\Estudiante',1,'{\"imagen\":\"estudiantes\\/01JN54METT3A6CVS56W45M9Q6N.jpg\"}','{\"imagen\":\"estudiantes\\/01JN54S9W9JFRHADN2CM9J14XD.jpg\"}','http://carnet.test/livewire/update','127.0.0.1','Mozilla/5.0 (Windows NT 10.0; Win64; x64) AppleWebKit/537.36 (KHTML, like Gecko) Chrome/133.0.0.0 Safari/537.36',NULL,'2025-02-28 06:04:52','2025-02-28 06:04:52'),
(7,'App\\Models\\User',1,'updated','App\\Models\\User',1,'{\"remember_token\":\"o820XkAO2L0kt51gb1EjywuXPSc8pQEzqAtAXIqixp1Rpn8BDvcd0RwksfUm\"}','{\"remember_token\":\"WfK0V3vqpAZzY2AJItOKXajbSQTahzv56cwAlpnMIYRGGsPyRwGM8mczGbww\"}','http://carnet.test/admin/logout','127.0.0.1','Mozilla/5.0 (Windows NT 10.0; Win64; x64) AppleWebKit/537.36 (KHTML, like Gecko) Chrome/133.0.0.0 Safari/537.36',NULL,'2025-02-28 06:14:12','2025-02-28 06:14:12'),
(8,'App\\Models\\User',1,'updated','App\\Models\\User',1,'{\"remember_token\":\"WfK0V3vqpAZzY2AJItOKXajbSQTahzv56cwAlpnMIYRGGsPyRwGM8mczGbww\"}','{\"remember_token\":\"GCdda1sZOPHGD5kjeoo1UZHdvWAKuuQoO1m5DPAXHO9qJ3Dg9e1uFtk252bH\"}','http://carnet.test/admin/logout','127.0.0.1','Mozilla/5.0 (Windows NT 10.0; Win64; x64) AppleWebKit/537.36 (KHTML, like Gecko) Chrome/133.0.0.0 Safari/537.36',NULL,'2025-02-28 06:14:29','2025-02-28 06:14:29'),
(9,'App\\Models\\User',1,'updated','App\\Models\\Estudiante',2,'{\"imagen\":null}','{\"imagen\":\"estudiantes\\/01JNRXW16S0DFNX0Q0QH68P742.png\"}','http://carnet.test/livewire/update','127.0.0.1','Mozilla/5.0 (Windows NT 10.0; Win64; x64) AppleWebKit/537.36 (KHTML, like Gecko) Chrome/133.0.0.0 Safari/537.36',NULL,'2025-03-07 22:28:50','2025-03-07 22:28:50'),
(10,'App\\Models\\User',1,'updated','App\\Models\\User',1,'{\"remember_token\":\"GCdda1sZOPHGD5kjeoo1UZHdvWAKuuQoO1m5DPAXHO9qJ3Dg9e1uFtk252bH\"}','{\"remember_token\":\"FoPmCpsfrG47bzsYSeLLljwt7spJLYnyaQaYXkDgWswyWP7APDfwdezX6ifW\"}','http://carnet.test/admin/logout','127.0.0.1','Mozilla/5.0 (Windows NT 10.0; Win64; x64) AppleWebKit/537.36 (KHTML, like Gecko) Chrome/134.0.0.0 Safari/537.36',NULL,'2025-03-19 04:02:53','2025-03-19 04:02:53'),
(11,'App\\Models\\User',1,'updated','App\\Models\\User',1,'{\"remember_token\":\"FoPmCpsfrG47bzsYSeLLljwt7spJLYnyaQaYXkDgWswyWP7APDfwdezX6ifW\"}','{\"remember_token\":\"pE2l9hZ5OGAZC2Xn1avp02zasqmWkUHIhGw6lZn3UeJMiO2775aFLYjYZ7hG\"}','http://carnet.test/admin/logout','127.0.0.1','Mozilla/5.0 (Windows NT 10.0; Win64; x64) AppleWebKit/537.36 (KHTML, like Gecko) Chrome/134.0.0.0 Safari/537.36',NULL,'2025-03-19 04:35:08','2025-03-19 04:35:08'),
(12,'App\\Models\\User',1,'updated','App\\Models\\User',1,'{\"remember_token\":\"pE2l9hZ5OGAZC2Xn1avp02zasqmWkUHIhGw6lZn3UeJMiO2775aFLYjYZ7hG\"}','{\"remember_token\":\"ixM9ROECuMMxwKA7DXzuqGvR0hnBsbrfY41bo0D1m0YN8ZvEHPqsmxLg5PLh\"}','http://carnet.test/admin/logout','127.0.0.1','Mozilla/5.0 (Windows NT 10.0; Win64; x64) AppleWebKit/537.36 (KHTML, like Gecko) Chrome/134.0.0.0 Safari/537.36',NULL,'2025-03-19 18:09:18','2025-03-19 18:09:18'),
(13,'App\\Models\\User',1,'created','App\\Models\\Autoridad',1,'[]','{\"nombre\":\"Rector Nombre\",\"cargo\":\"Rector Cargo\",\"firma\":\"autoridades\\/01JPR3MDXZNR63JSCC3VJFMRC7.png\",\"sello\":\"autoridades\\/01JPR3MDY24KV7WGMT825AE1VT.png\",\"activo\":true,\"id\":1}','http://carnet.test/livewire/update','127.0.0.1','Mozilla/5.0 (Windows NT 10.0; Win64; x64) AppleWebKit/537.36 (KHTML, like Gecko) Chrome/134.0.0.0 Safari/537.36',NULL,'2025-03-20 01:06:00','2025-03-20 01:06:00'),
(14,'App\\Models\\User',1,'updated','App\\Models\\Carrera',11,'{\"imagen_carnet\":null}','{\"imagen_carnet\":\"carreras\\/01JPRGTAJX2YK3NZH9F98MDJ36.jpg\"}','http://carnet.test/livewire/update','127.0.0.1','Mozilla/5.0 (Windows NT 10.0; Win64; x64) AppleWebKit/537.36 (KHTML, like Gecko) Chrome/134.0.0.0 Safari/537.36',NULL,'2025-03-20 04:56:24','2025-03-20 04:56:24'),
(15,'App\\Models\\User',1,'updated','App\\Models\\Carrera',1,'{\"imagen_carnet\":null}','{\"imagen_carnet\":\"carreras\\/01JPRH170T8ESXE8SJ7JR1EHCD.jpg\"}','http://carnet.test/livewire/update','127.0.0.1','Mozilla/5.0 (Windows NT 10.0; Win64; x64) AppleWebKit/537.36 (KHTML, like Gecko) Chrome/134.0.0.0 Safari/537.36',NULL,'2025-03-20 05:00:10','2025-03-20 05:00:10'),
(16,'App\\Models\\User',1,'updated','App\\Models\\Estudiante',1,'{\"nombre\":\"Carlos Carrillo\"}','{\"nombre\":\"Carlos Eduardo Carrillo P\\u00e9rez\"}','http://carnet.test/livewire/update','127.0.0.1','Mozilla/5.0 (Windows NT 10.0; Win64; x64) AppleWebKit/537.36 (KHTML, like Gecko) Chrome/134.0.0.0 Safari/537.36',NULL,'2025-03-20 05:02:37','2025-03-20 05:02:37'),
(17,'App\\Models\\User',1,'updated','App\\Models\\Estudiante',1791,'{\"imagen\":null}','{\"imagen\":\"estudiantes\\/01JPRHZE286DDDZ8CQZS0YTMY3.png\"}','http://carnet.test/livewire/update','127.0.0.1','Mozilla/5.0 (Windows NT 10.0; Win64; x64) AppleWebKit/537.36 (KHTML, like Gecko) Chrome/134.0.0.0 Safari/537.36',NULL,'2025-03-20 05:16:40','2025-03-20 05:16:40'),
(18,'App\\Models\\User',1,'updated','App\\Models\\Carrera',10,'{\"imagen_carnet\":null}','{\"imagen_carnet\":\"carreras\\/01JPRJ3PCAY75FKBZV8S419WQV.jpg\"}','http://carnet.test/livewire/update','127.0.0.1','Mozilla/5.0 (Windows NT 10.0; Win64; x64) AppleWebKit/537.36 (KHTML, like Gecko) Chrome/134.0.0.0 Safari/537.36',NULL,'2025-03-20 05:19:00','2025-03-20 05:19:00'),
(19,'App\\Models\\User',1,'updated','App\\Models\\Carrera',13,'{\"imagen_carnet\":null}','{\"imagen_carnet\":\"carreras\\/01JPRJ5Y7AW7MYSCMNE2SMHCAQ.jpg\"}','http://carnet.test/livewire/update','127.0.0.1','Mozilla/5.0 (Windows NT 10.0; Win64; x64) AppleWebKit/537.36 (KHTML, like Gecko) Chrome/134.0.0.0 Safari/537.36',NULL,'2025-03-20 05:20:14','2025-03-20 05:20:14'),
(20,'App\\Models\\User',1,'created','App\\Models\\Departamento',1,'[]','{\"nombre\":\"Departamento 1\",\"id\":1}','http://carnet.test/livewire/update','127.0.0.1','Mozilla/5.0 (Windows NT 10.0; Win64; x64) AppleWebKit/537.36 (KHTML, like Gecko) Chrome/134.0.0.0 Safari/537.36',NULL,'2025-03-20 05:58:44','2025-03-20 05:58:44'),
(21,'App\\Models\\User',1,'created','App\\Models\\Cargo',1,'[]','{\"nombre\":\"Administrativo\",\"id\":1}','http://carnet.test/livewire/update','127.0.0.1','Mozilla/5.0 (Windows NT 10.0; Win64; x64) AppleWebKit/537.36 (KHTML, like Gecko) Chrome/134.0.0.0 Safari/537.36',NULL,'2025-03-20 05:59:22','2025-03-20 05:59:22'),
(22,'App\\Models\\User',1,'created','App\\Models\\Cargo',2,'[]','{\"nombre\":\"Obrero\",\"id\":2}','http://carnet.test/livewire/update','127.0.0.1','Mozilla/5.0 (Windows NT 10.0; Win64; x64) AppleWebKit/537.36 (KHTML, like Gecko) Chrome/134.0.0.0 Safari/537.36',NULL,'2025-03-20 05:59:27','2025-03-20 05:59:27'),
(23,'App\\Models\\User',1,'created','App\\Models\\Empleado',1,'[]','{\"departamento_id\":\"1\",\"cargo_id\":\"1\",\"cedula\":\"18082950\",\"nombre\":\"Carlos Eduardo Carrillo P\\u00e9rez\",\"imagen\":\"empleados\\/01JPRMWN04V43Y95J0VPWFJ9C9.png\",\"id\":1}','http://carnet.test/livewire/update','127.0.0.1','Mozilla/5.0 (Windows NT 10.0; Win64; x64) AppleWebKit/537.36 (KHTML, like Gecko) Chrome/134.0.0.0 Safari/537.36',NULL,'2025-03-20 06:07:35','2025-03-20 06:07:35'),
(24,'App\\Models\\User',1,'updated','App\\Models\\Cargo',1,'{\"imagen_carnet\":null}','{\"imagen_carnet\":\"cargos\\/01JPRN8BE44WHRP43D55VJQSA0.jpg\"}','http://carnet.test/livewire/update','127.0.0.1','Mozilla/5.0 (Windows NT 10.0; Win64; x64) AppleWebKit/537.36 (KHTML, like Gecko) Chrome/134.0.0.0 Safari/537.36',NULL,'2025-03-20 06:13:58','2025-03-20 06:13:58'),
(25,'App\\Models\\User',1,'updated','App\\Models\\Departamento',1,'{\"nombre\":\"Departamento 1\"}','{\"nombre\":\"Direcci\\u00f3n de Admisi\\u00f3n, Control y Evaluaci\\u00f3n\"}','http://carnet.test/livewire/update','127.0.0.1','Mozilla/5.0 (Windows NT 10.0; Win64; x64) AppleWebKit/537.36 (KHTML, like Gecko) Chrome/134.0.0.0 Safari/537.36',NULL,'2025-03-20 06:37:05','2025-03-20 06:37:05'),
(26,'App\\Models\\User',2,'updated','App\\Models\\Cargo',2,'{\"imagen_carnet\":null}','{\"imagen_carnet\":\"cargos\\/01JPRQWXYT2MAH9PT15RRTET87.jpg\"}','http://carnet.test/livewire/update','127.0.0.1','Mozilla/5.0 (Windows NT 10.0; Win64; x64) AppleWebKit/537.36 (KHTML, like Gecko) Chrome/134.0.0.0 Safari/537.36',NULL,'2025-03-20 07:00:10','2025-03-20 07:00:10'),
(27,'App\\Models\\User',1,'created','App\\Models\\Carnet',1,'[]','{\"estudiante_id\":1,\"autoridad_id\":1,\"fecha_emision\":\"2025-03-20T03:29:50.262257Z\",\"fecha_vencimiento\":\"2026-03-20T03:29:50.894411Z\",\"id\":1}','http://carnet.test/livewire/update','127.0.0.1','Mozilla/5.0 (Windows NT 10.0; Win64; x64) AppleWebKit/537.36 (KHTML, like Gecko) Chrome/134.0.0.0 Safari/537.36',NULL,'2025-03-20 07:29:51','2025-03-20 07:29:51'),
(28,'App\\Models\\User',1,'created','App\\Models\\Carnet',2,'[]','{\"estudiante_id\":2,\"autoridad_id\":1,\"fecha_emision\":\"2025-03-20T03:37:40.269923Z\",\"fecha_vencimiento\":\"2026-03-20T03:37:43.957922Z\",\"id\":2}','http://carnet.test/livewire/update','127.0.0.1','Mozilla/5.0 (Windows NT 10.0; Win64; x64) AppleWebKit/537.36 (KHTML, like Gecko) Chrome/134.0.0.0 Safari/537.36',NULL,'2025-03-20 07:37:47','2025-03-20 07:37:47'),
(29,'App\\Models\\User',1,'created','App\\Models\\Carnet',3,'[]','{\"empleado_id\":1,\"autoridad_id\":1,\"fecha_emision\":\"2025-03-20T03:43:00.715111Z\",\"fecha_vencimiento\":\"2026-03-20T03:43:00.715151Z\",\"id\":3}','http://carnet.test/livewire/update','127.0.0.1','Mozilla/5.0 (Windows NT 10.0; Win64; x64) AppleWebKit/537.36 (KHTML, like Gecko) Chrome/134.0.0.0 Safari/537.36',NULL,'2025-03-20 07:43:00','2025-03-20 07:43:00'),
(30,'App\\Models\\User',1,'updated','App\\Models\\Estudiante',3,'{\"imagen\":null}','{\"imagen\":\"estudiantes\\/01JPSWD70G392VBDGSHD06GF76.png\"}','http://carnet.test/livewire/update','127.0.0.1','Mozilla/5.0 (Windows NT 10.0; Win64; x64) AppleWebKit/537.36 (KHTML, like Gecko) Chrome/134.0.0.0 Safari/537.36',NULL,'2025-03-20 17:38:12','2025-03-20 17:38:12'),
(31,'App\\Models\\User',1,'created','App\\Models\\Carnet',4,'[]','{\"estudiante_id\":3,\"autoridad_id\":1,\"fecha_emision\":\"2025-03-20T13:38:22.441323Z\",\"fecha_vencimiento\":\"2026-03-20T13:38:22.441398Z\",\"id\":4}','http://carnet.test/livewire/update','127.0.0.1','Mozilla/5.0 (Windows NT 10.0; Win64; x64) AppleWebKit/537.36 (KHTML, like Gecko) Chrome/134.0.0.0 Safari/537.36',NULL,'2025-03-20 17:38:22','2025-03-20 17:38:22'),
(32,'App\\Models\\User',1,'updated','App\\Models\\Area',2,'{\"imagen_carnet\":\"areas\\/01JN4AWM82QNF878PZJ3PDDHNM.jpg\"}','{\"imagen_carnet\":\"areas\\/01JQD2B9YMBMCRS8GH0J11KJN2.png\"}','http://carnet.test/livewire/update','127.0.0.1','Mozilla/5.0 (Windows NT 10.0; Win64; x64) AppleWebKit/537.36 (KHTML, like Gecko) Chrome/134.0.0.0 Safari/537.36',NULL,'2025-03-28 04:27:35','2025-03-28 04:27:35'),
(33,'App\\Models\\User',1,'updated','App\\Models\\Area',3,'{\"imagen_carnet\":\"areas\\/01JN4AWM82QNF878PZJ3PDDHNM.jpg\"}','{\"imagen_carnet\":\"areas\\/01JQD2CN36HPF9X4D9BKZQSDP7.png\"}','http://carnet.test/livewire/update','127.0.0.1','Mozilla/5.0 (Windows NT 10.0; Win64; x64) AppleWebKit/537.36 (KHTML, like Gecko) Chrome/134.0.0.0 Safari/537.36',NULL,'2025-03-28 04:28:19','2025-03-28 04:28:19'),
(34,'App\\Models\\User',1,'created','App\\Models\\Area',7,'[]','{\"nombre\":\"Derecho\",\"imagen_carnet\":\"areas\\/01JQD2GYKY571KA9FZVQHX1P17.png\",\"id\":7}','http://carnet.test/livewire/update','127.0.0.1','Mozilla/5.0 (Windows NT 10.0; Win64; x64) AppleWebKit/537.36 (KHTML, like Gecko) Chrome/134.0.0.0 Safari/537.36',NULL,'2025-03-28 04:30:40','2025-03-28 04:30:40'),
(35,'App\\Models\\User',1,'created','App\\Models\\Area',8,'[]','{\"nombre\":\"Odontolog\\u00eda\",\"imagen_carnet\":\"areas\\/01JQD2KDRVJH77FF61P1F42N2F.png\",\"id\":8}','http://carnet.test/livewire/update','127.0.0.1','Mozilla/5.0 (Windows NT 10.0; Win64; x64) AppleWebKit/537.36 (KHTML, like Gecko) Chrome/134.0.0.0 Safari/537.36',NULL,'2025-03-28 04:32:01','2025-03-28 04:32:01'),
(36,'App\\Models\\User',1,'created','App\\Models\\Carrera',15,'[]','{\"area_id\":\"8\",\"nombre\":\"Odontolog\\u00eda\",\"imagen_carnet\":null,\"tipo\":\"Pregrado\",\"id\":15}','http://carnet.test/livewire/update','127.0.0.1','Mozilla/5.0 (Windows NT 10.0; Win64; x64) AppleWebKit/537.36 (KHTML, like Gecko) Chrome/134.0.0.0 Safari/537.36',NULL,'2025-03-28 04:33:09','2025-03-28 04:33:09'),
(37,'App\\Models\\User',1,'created','App\\Models\\Carrera',16,'[]','{\"area_id\":\"7\",\"nombre\":\"Derecho\",\"imagen_carnet\":null,\"tipo\":\"Pregrado\",\"id\":16}','http://carnet.test/livewire/update','127.0.0.1','Mozilla/5.0 (Windows NT 10.0; Win64; x64) AppleWebKit/537.36 (KHTML, like Gecko) Chrome/134.0.0.0 Safari/537.36',NULL,'2025-03-28 04:33:26','2025-03-28 04:33:26'),
(38,'App\\Models\\User',1,'updated','App\\Models\\Area',6,'{\"imagen_carnet\":\"areas\\/01JN4AWM82QNF878PZJ3PDDHNM.jpg\"}','{\"imagen_carnet\":\"areas\\/01JQD2Q3NVXCSRHTR9K1FQGZA8.png\"}','http://carnet.test/livewire/update','127.0.0.1','Mozilla/5.0 (Windows NT 10.0; Win64; x64) AppleWebKit/537.36 (KHTML, like Gecko) Chrome/134.0.0.0 Safari/537.36',NULL,'2025-03-28 04:34:02','2025-03-28 04:34:02'),
(39,'App\\Models\\User',1,'updated','App\\Models\\Area',5,'{\"imagen_carnet\":\"areas\\/01JN4AWM82QNF878PZJ3PDDHNM.jpg\"}','{\"imagen_carnet\":\"areas\\/01JQD2R5X9J1QPV9QAQPN9EJEQ.png\"}','http://carnet.test/livewire/update','127.0.0.1','Mozilla/5.0 (Windows NT 10.0; Win64; x64) AppleWebKit/537.36 (KHTML, like Gecko) Chrome/134.0.0.0 Safari/537.36',NULL,'2025-03-28 04:34:37','2025-03-28 04:34:37'),
(40,'App\\Models\\User',1,'updated','App\\Models\\Area',1,'{\"imagen_carnet\":\"areas\\/01JN4AWM82QNF878PZJ3PDDHNM.jpg\"}','{\"imagen_carnet\":\"areas\\/01JQD2RQ2N4DWWHBX9SK92ANXT.png\"}','http://carnet.test/livewire/update','127.0.0.1','Mozilla/5.0 (Windows NT 10.0; Win64; x64) AppleWebKit/537.36 (KHTML, like Gecko) Chrome/134.0.0.0 Safari/537.36',NULL,'2025-03-28 04:34:55','2025-03-28 04:34:55'),
(41,'App\\Models\\User',1,'updated','App\\Models\\Area',4,'{\"imagen_carnet\":\"areas\\/01JN4AWM82QNF878PZJ3PDDHNM.jpg\"}','{\"imagen_carnet\":\"areas\\/01JQD2SHPDF0ZG9CA3XRAZ8HZJ.png\"}','http://carnet.test/livewire/update','127.0.0.1','Mozilla/5.0 (Windows NT 10.0; Win64; x64) AppleWebKit/537.36 (KHTML, like Gecko) Chrome/134.0.0.0 Safari/537.36',NULL,'2025-03-28 04:35:22','2025-03-28 04:35:22'),
(42,'App\\Models\\User',1,'updated','App\\Models\\Area',4,'{\"imagen_carnet\":\"areas\\/01JQD2SHPDF0ZG9CA3XRAZ8HZJ.png\"}','{\"imagen_carnet\":\"areas\\/01JQD2T73M1R0BAV23JBM912BX.png\"}','http://carnet.test/livewire/update','127.0.0.1','Mozilla/5.0 (Windows NT 10.0; Win64; x64) AppleWebKit/537.36 (KHTML, like Gecko) Chrome/134.0.0.0 Safari/537.36',NULL,'2025-03-28 04:35:44','2025-03-28 04:35:44'),
(43,'App\\Models\\User',1,'created','App\\Models\\Area',9,'[]','{\"nombre\":\"Estudios continuos\",\"imagen_carnet\":\"areas\\/01JQD2VWY9K8DHDB4SSMYAY139.png\",\"id\":9}','http://carnet.test/livewire/update','127.0.0.1','Mozilla/5.0 (Windows NT 10.0; Win64; x64) AppleWebKit/537.36 (KHTML, like Gecko) Chrome/134.0.0.0 Safari/537.36',NULL,'2025-03-28 04:36:39','2025-03-28 04:36:39'),
(44,'App\\Models\\User',1,'updated','App\\Models\\Cargo',1,'{\"imagen_carnet\":\"cargos\\/01JPRN8BE44WHRP43D55VJQSA0.jpg\"}','{\"imagen_carnet\":\"cargos\\/01JQD2X0W88JK02KKVH2ERHPZB.png\"}','http://carnet.test/livewire/update','127.0.0.1','Mozilla/5.0 (Windows NT 10.0; Win64; x64) AppleWebKit/537.36 (KHTML, like Gecko) Chrome/134.0.0.0 Safari/537.36',NULL,'2025-03-28 04:37:16','2025-03-28 04:37:16'),
(45,'App\\Models\\User',1,'updated','App\\Models\\Cargo',2,'{\"imagen_carnet\":\"cargos\\/01JPRQWXYT2MAH9PT15RRTET87.jpg\"}','{\"imagen_carnet\":\"cargos\\/01JQD2XM6RN6VP80YHKB1AJ5Y6.png\"}','http://carnet.test/livewire/update','127.0.0.1','Mozilla/5.0 (Windows NT 10.0; Win64; x64) AppleWebKit/537.36 (KHTML, like Gecko) Chrome/134.0.0.0 Safari/537.36',NULL,'2025-03-28 04:37:36','2025-03-28 04:37:36'),
(46,'App\\Models\\User',1,'created','App\\Models\\Area',10,'[]','{\"nombre\":\"Postgrado\",\"imagen_carnet\":\"areas\\/01JQD2YDKDCVDPN4QF8JGEAM9P.png\",\"id\":10}','http://carnet.test/livewire/update','127.0.0.1','Mozilla/5.0 (Windows NT 10.0; Win64; x64) AppleWebKit/537.36 (KHTML, like Gecko) Chrome/134.0.0.0 Safari/537.36',NULL,'2025-03-28 04:38:02','2025-03-28 04:38:02'),
(47,'App\\Models\\User',1,'updated','App\\Models\\Autoridad',1,'{\"nombre\":\"Rector Nombre\",\"cedula\":null,\"cargo\":\"Rector Cargo\",\"sello\":\"autoridades\\/01JPR3MDY24KV7WGMT825AE1VT.png\",\"resolucion\":null,\"activo\":1}','{\"nombre\":\"Dr. Cesar Augusto Gomez Garcia\",\"cedula\":\"12345678\",\"cargo\":\"Rector\",\"sello\":\"autoridades\\/01JQD3E1CSWAJ5Z6WPVWCMM4CB.png\",\"resolucion\":\"Resoluci\\u00f3n N\\u00b0 048 de fecha 28\\/09\\/2023 publicado en G.O.R.B.W N\\u00b042.725 de fecha 29\\/09\\/2023\",\"activo\":true}','http://carnet.test/livewire/update','127.0.0.1','Mozilla/5.0 (Windows NT 10.0; Win64; x64) AppleWebKit/537.36 (KHTML, like Gecko) Chrome/134.0.0.0 Safari/537.36',NULL,'2025-03-28 04:46:33','2025-03-28 04:46:33'),
(48,'App\\Models\\User',1,'created','App\\Models\\Autoridad',2,'[]','{\"nombre\":\"c\",\"cedula\":\"13123\",\"cargo\":\"Rector\",\"resolucion\":\"123123\",\"firma\":\"autoridades\\/01JQD3RFPAV0H6PEBE862B1BBG.png\",\"sello\":\"autoridades\\/01JQD3RFPDBW9SJPA1QJG7MMCX.png\",\"activo\":true,\"id\":2}','http://carnet.test/livewire/update','127.0.0.1','Mozilla/5.0 (Windows NT 10.0; Win64; x64) AppleWebKit/537.36 (KHTML, like Gecko) Chrome/134.0.0.0 Safari/537.36',NULL,'2025-03-28 04:52:16','2025-03-28 04:52:16'),
(49,'App\\Models\\User',1,'updated','App\\Models\\Autoridad',1,'{\"activo\":0}','{\"activo\":true}','http://carnet.test/livewire/update','127.0.0.1','Mozilla/5.0 (Windows NT 10.0; Win64; x64) AppleWebKit/537.36 (KHTML, like Gecko) Chrome/134.0.0.0 Safari/537.36',NULL,'2025-03-28 04:52:29','2025-03-28 04:52:29'),
(50,'App\\Models\\User',1,'updated','App\\Models\\Carrera',11,'{\"imagen_carnet\":\"carreras\\/01JPRGTAJX2YK3NZH9F98MDJ36.jpg\"}','{\"imagen_carnet\":null}','http://carnet.test/livewire/update','127.0.0.1','Mozilla/5.0 (Windows NT 10.0; Win64; x64) AppleWebKit/537.36 (KHTML, like Gecko) Chrome/134.0.0.0 Safari/537.36',NULL,'2025-03-28 04:55:05','2025-03-28 04:55:05'),
(51,'App\\Models\\User',1,'updated','App\\Models\\Carrera',10,'{\"imagen_carnet\":\"carreras\\/01JPRJ3PCAY75FKBZV8S419WQV.jpg\"}','{\"imagen_carnet\":null}','http://carnet.test/livewire/update','127.0.0.1','Mozilla/5.0 (Windows NT 10.0; Win64; x64) AppleWebKit/537.36 (KHTML, like Gecko) Chrome/134.0.0.0 Safari/537.36',NULL,'2025-03-28 04:55:17','2025-03-28 04:55:17'),
(52,'App\\Models\\User',1,'updated','App\\Models\\Autoridad',1,'{\"sello\":\"autoridades\\/01JQD3E1CSWAJ5Z6WPVWCMM4CB.png\",\"activo\":1}','{\"sello\":\"autoridades\\/01JQD6019TDKDQ9N2HPXQMN88H.png\",\"activo\":true}','http://carnet.test/livewire/update','127.0.0.1','Mozilla/5.0 (Windows NT 10.0; Win64; x64) AppleWebKit/537.36 (KHTML, like Gecko) Chrome/134.0.0.0 Safari/537.36',NULL,'2025-03-28 05:31:20','2025-03-28 05:31:20');
/*!40000 ALTER TABLE `audits` ENABLE KEYS */;
UNLOCK TABLES;

--
-- Table structure for table `autoridades`
--

DROP TABLE IF EXISTS `autoridades`;
/*!40101 SET @saved_cs_client     = @@character_set_client */;
/*!40101 SET character_set_client = utf8 */;
CREATE TABLE `autoridades` (
  `id` int(11) NOT NULL AUTO_INCREMENT,
  `nombre` varchar(100) DEFAULT NULL,
  `cedula` varchar(10) DEFAULT NULL,
  `cargo` varchar(255) DEFAULT NULL,
  `firma` varchar(255) DEFAULT NULL,
  `sello` varchar(255) DEFAULT NULL,
  `resolucion` varchar(255) DEFAULT NULL,
  `activo` tinyint(1) DEFAULT 0,
  `created_at` timestamp NULL DEFAULT NULL,
  `updated_at` timestamp NULL DEFAULT NULL,
  PRIMARY KEY (`id`)
) ENGINE=InnoDB AUTO_INCREMENT=3 DEFAULT CHARSET=latin1 COLLATE=latin1_swedish_ci;
/*!40101 SET character_set_client = @saved_cs_client */;

--
-- Dumping data for table `autoridades`
--

LOCK TABLES `autoridades` WRITE;
/*!40000 ALTER TABLE `autoridades` DISABLE KEYS */;
INSERT INTO `autoridades` VALUES
(1,'Dr. Cesar Augusto Gomez Garcia','12345678','Rector','autoridades/01JPR3MDXZNR63JSCC3VJFMRC7.png','autoridades/01JQD6019TDKDQ9N2HPXQMN88H.png','Resolución N° 048 de fecha 28/09/2023 publicado en G.O.R.B.W N°42.725 de fecha 29/09/2023',1,'2025-03-20 01:06:00','2025-03-28 05:31:20'),
(2,'c','13123','Rector','autoridades/01JQD3RFPAV0H6PEBE862B1BBG.png','autoridades/01JQD3RFPDBW9SJPA1QJG7MMCX.png','123123',0,'2025-03-28 04:52:16','2025-03-28 04:52:29');
/*!40000 ALTER TABLE `autoridades` ENABLE KEYS */;
UNLOCK TABLES;

--
-- Table structure for table `cache`
--

DROP TABLE IF EXISTS `cache`;
/*!40101 SET @saved_cs_client     = @@character_set_client */;
/*!40101 SET character_set_client = utf8 */;
CREATE TABLE `cache` (
  `key` varchar(255) NOT NULL,
  `value` mediumtext NOT NULL,
  `expiration` int(11) NOT NULL,
  PRIMARY KEY (`key`)
) ENGINE=InnoDB DEFAULT CHARSET=utf8mb4 COLLATE=utf8mb4_unicode_ci;
/*!40101 SET character_set_client = @saved_cs_client */;

--
-- Dumping data for table `cache`
--

LOCK TABLES `cache` WRITE;
/*!40000 ALTER TABLE `cache` DISABLE KEYS */;
INSERT INTO `cache` VALUES
('laravel_cache_356a192b7913b04c54574d18c28d46e6395428ab','i:1;',1743125537),
('laravel_cache_356a192b7913b04c54574d18c28d46e6395428ab:timer','i:1743125537;',1743125537),
('laravel_cache_da4b9237bacccdf19c0760cab7aec4a8359010b0','i:1;',1742439667),
('laravel_cache_da4b9237bacccdf19c0760cab7aec4a8359010b0:timer','i:1742439667;',1742439667),
('laravel_cache_livewire-rate-limiter:a17961fa74e9275d529f489537f179c05d50c2f3','i:1;',1743121448),
('laravel_cache_livewire-rate-limiter:a17961fa74e9275d529f489537f179c05d50c2f3:timer','i:1743121448;',1743121448),
('laravel_cache_spatie.permission.cache','a:3:{s:5:\"alias\";a:4:{s:1:\"a\";s:2:\"id\";s:1:\"b\";s:4:\"name\";s:1:\"c\";s:10:\"guard_name\";s:1:\"r\";s:5:\"roles\";}s:11:\"permissions\";a:133:{i:0;a:4:{s:1:\"a\";i:1;s:1:\"b\";s:9:\"view_role\";s:1:\"c\";s:3:\"web\";s:1:\"r\";a:1:{i:0;i:1;}}i:1;a:4:{s:1:\"a\";i:2;s:1:\"b\";s:13:\"view_any_role\";s:1:\"c\";s:3:\"web\";s:1:\"r\";a:1:{i:0;i:1;}}i:2;a:4:{s:1:\"a\";i:3;s:1:\"b\";s:11:\"create_role\";s:1:\"c\";s:3:\"web\";s:1:\"r\";a:1:{i:0;i:1;}}i:3;a:4:{s:1:\"a\";i:4;s:1:\"b\";s:11:\"update_role\";s:1:\"c\";s:3:\"web\";s:1:\"r\";a:1:{i:0;i:1;}}i:4;a:4:{s:1:\"a\";i:5;s:1:\"b\";s:11:\"delete_role\";s:1:\"c\";s:3:\"web\";s:1:\"r\";a:1:{i:0;i:1;}}i:5;a:4:{s:1:\"a\";i:6;s:1:\"b\";s:15:\"delete_any_role\";s:1:\"c\";s:3:\"web\";s:1:\"r\";a:1:{i:0;i:1;}}i:6;a:4:{s:1:\"a\";i:7;s:1:\"b\";s:9:\"view_user\";s:1:\"c\";s:3:\"web\";s:1:\"r\";a:1:{i:0;i:1;}}i:7;a:4:{s:1:\"a\";i:8;s:1:\"b\";s:13:\"view_any_user\";s:1:\"c\";s:3:\"web\";s:1:\"r\";a:1:{i:0;i:1;}}i:8;a:4:{s:1:\"a\";i:9;s:1:\"b\";s:11:\"create_user\";s:1:\"c\";s:3:\"web\";s:1:\"r\";a:1:{i:0;i:1;}}i:9;a:4:{s:1:\"a\";i:10;s:1:\"b\";s:11:\"update_user\";s:1:\"c\";s:3:\"web\";s:1:\"r\";a:1:{i:0;i:1;}}i:10;a:4:{s:1:\"a\";i:11;s:1:\"b\";s:12:\"restore_user\";s:1:\"c\";s:3:\"web\";s:1:\"r\";a:1:{i:0;i:1;}}i:11;a:4:{s:1:\"a\";i:12;s:1:\"b\";s:16:\"restore_any_user\";s:1:\"c\";s:3:\"web\";s:1:\"r\";a:1:{i:0;i:1;}}i:12;a:4:{s:1:\"a\";i:13;s:1:\"b\";s:14:\"replicate_user\";s:1:\"c\";s:3:\"web\";s:1:\"r\";a:1:{i:0;i:1;}}i:13;a:4:{s:1:\"a\";i:14;s:1:\"b\";s:12:\"reorder_user\";s:1:\"c\";s:3:\"web\";s:1:\"r\";a:1:{i:0;i:1;}}i:14;a:4:{s:1:\"a\";i:15;s:1:\"b\";s:11:\"delete_user\";s:1:\"c\";s:3:\"web\";s:1:\"r\";a:1:{i:0;i:1;}}i:15;a:4:{s:1:\"a\";i:16;s:1:\"b\";s:15:\"delete_any_user\";s:1:\"c\";s:3:\"web\";s:1:\"r\";a:1:{i:0;i:1;}}i:16;a:4:{s:1:\"a\";i:17;s:1:\"b\";s:17:\"force_delete_user\";s:1:\"c\";s:3:\"web\";s:1:\"r\";a:1:{i:0;i:1;}}i:17;a:4:{s:1:\"a\";i:18;s:1:\"b\";s:21:\"force_delete_any_user\";s:1:\"c\";s:3:\"web\";s:1:\"r\";a:1:{i:0;i:1;}}i:18;a:4:{s:1:\"a\";i:19;s:1:\"b\";s:9:\"view_area\";s:1:\"c\";s:3:\"web\";s:1:\"r\";a:2:{i:0;i:1;i:1;i:2;}}i:19;a:4:{s:1:\"a\";i:20;s:1:\"b\";s:13:\"view_any_area\";s:1:\"c\";s:3:\"web\";s:1:\"r\";a:2:{i:0;i:1;i:1;i:2;}}i:20;a:4:{s:1:\"a\";i:21;s:1:\"b\";s:11:\"create_area\";s:1:\"c\";s:3:\"web\";s:1:\"r\";a:2:{i:0;i:1;i:1;i:2;}}i:21;a:4:{s:1:\"a\";i:22;s:1:\"b\";s:11:\"update_area\";s:1:\"c\";s:3:\"web\";s:1:\"r\";a:2:{i:0;i:1;i:1;i:2;}}i:22;a:4:{s:1:\"a\";i:23;s:1:\"b\";s:12:\"restore_area\";s:1:\"c\";s:3:\"web\";s:1:\"r\";a:1:{i:0;i:1;}}i:23;a:4:{s:1:\"a\";i:24;s:1:\"b\";s:16:\"restore_any_area\";s:1:\"c\";s:3:\"web\";s:1:\"r\";a:1:{i:0;i:1;}}i:24;a:4:{s:1:\"a\";i:25;s:1:\"b\";s:14:\"replicate_area\";s:1:\"c\";s:3:\"web\";s:1:\"r\";a:1:{i:0;i:1;}}i:25;a:4:{s:1:\"a\";i:26;s:1:\"b\";s:12:\"reorder_area\";s:1:\"c\";s:3:\"web\";s:1:\"r\";a:1:{i:0;i:1;}}i:26;a:4:{s:1:\"a\";i:27;s:1:\"b\";s:11:\"delete_area\";s:1:\"c\";s:3:\"web\";s:1:\"r\";a:1:{i:0;i:1;}}i:27;a:4:{s:1:\"a\";i:28;s:1:\"b\";s:15:\"delete_any_area\";s:1:\"c\";s:3:\"web\";s:1:\"r\";a:1:{i:0;i:1;}}i:28;a:4:{s:1:\"a\";i:29;s:1:\"b\";s:17:\"force_delete_area\";s:1:\"c\";s:3:\"web\";s:1:\"r\";a:1:{i:0;i:1;}}i:29;a:4:{s:1:\"a\";i:30;s:1:\"b\";s:21:\"force_delete_any_area\";s:1:\"c\";s:3:\"web\";s:1:\"r\";a:1:{i:0;i:1;}}i:30;a:4:{s:1:\"a\";i:31;s:1:\"b\";s:12:\"view_carrera\";s:1:\"c\";s:3:\"web\";s:1:\"r\";a:2:{i:0;i:1;i:1;i:2;}}i:31;a:4:{s:1:\"a\";i:32;s:1:\"b\";s:16:\"view_any_carrera\";s:1:\"c\";s:3:\"web\";s:1:\"r\";a:2:{i:0;i:1;i:1;i:2;}}i:32;a:4:{s:1:\"a\";i:33;s:1:\"b\";s:14:\"create_carrera\";s:1:\"c\";s:3:\"web\";s:1:\"r\";a:2:{i:0;i:1;i:1;i:2;}}i:33;a:4:{s:1:\"a\";i:34;s:1:\"b\";s:14:\"update_carrera\";s:1:\"c\";s:3:\"web\";s:1:\"r\";a:2:{i:0;i:1;i:1;i:2;}}i:34;a:4:{s:1:\"a\";i:35;s:1:\"b\";s:15:\"restore_carrera\";s:1:\"c\";s:3:\"web\";s:1:\"r\";a:1:{i:0;i:1;}}i:35;a:4:{s:1:\"a\";i:36;s:1:\"b\";s:19:\"restore_any_carrera\";s:1:\"c\";s:3:\"web\";s:1:\"r\";a:1:{i:0;i:1;}}i:36;a:4:{s:1:\"a\";i:37;s:1:\"b\";s:17:\"replicate_carrera\";s:1:\"c\";s:3:\"web\";s:1:\"r\";a:1:{i:0;i:1;}}i:37;a:4:{s:1:\"a\";i:38;s:1:\"b\";s:15:\"reorder_carrera\";s:1:\"c\";s:3:\"web\";s:1:\"r\";a:1:{i:0;i:1;}}i:38;a:4:{s:1:\"a\";i:39;s:1:\"b\";s:14:\"delete_carrera\";s:1:\"c\";s:3:\"web\";s:1:\"r\";a:1:{i:0;i:1;}}i:39;a:4:{s:1:\"a\";i:40;s:1:\"b\";s:18:\"delete_any_carrera\";s:1:\"c\";s:3:\"web\";s:1:\"r\";a:1:{i:0;i:1;}}i:40;a:4:{s:1:\"a\";i:41;s:1:\"b\";s:20:\"force_delete_carrera\";s:1:\"c\";s:3:\"web\";s:1:\"r\";a:1:{i:0;i:1;}}i:41;a:4:{s:1:\"a\";i:42;s:1:\"b\";s:24:\"force_delete_any_carrera\";s:1:\"c\";s:3:\"web\";s:1:\"r\";a:1:{i:0;i:1;}}i:42;a:4:{s:1:\"a\";i:43;s:1:\"b\";s:15:\"view_estudiante\";s:1:\"c\";s:3:\"web\";s:1:\"r\";a:2:{i:0;i:1;i:1;i:2;}}i:43;a:4:{s:1:\"a\";i:44;s:1:\"b\";s:19:\"view_any_estudiante\";s:1:\"c\";s:3:\"web\";s:1:\"r\";a:2:{i:0;i:1;i:1;i:2;}}i:44;a:4:{s:1:\"a\";i:45;s:1:\"b\";s:17:\"create_estudiante\";s:1:\"c\";s:3:\"web\";s:1:\"r\";a:2:{i:0;i:1;i:1;i:2;}}i:45;a:4:{s:1:\"a\";i:46;s:1:\"b\";s:17:\"update_estudiante\";s:1:\"c\";s:3:\"web\";s:1:\"r\";a:2:{i:0;i:1;i:1;i:2;}}i:46;a:4:{s:1:\"a\";i:47;s:1:\"b\";s:18:\"restore_estudiante\";s:1:\"c\";s:3:\"web\";s:1:\"r\";a:1:{i:0;i:1;}}i:47;a:4:{s:1:\"a\";i:48;s:1:\"b\";s:22:\"restore_any_estudiante\";s:1:\"c\";s:3:\"web\";s:1:\"r\";a:1:{i:0;i:1;}}i:48;a:4:{s:1:\"a\";i:49;s:1:\"b\";s:20:\"replicate_estudiante\";s:1:\"c\";s:3:\"web\";s:1:\"r\";a:1:{i:0;i:1;}}i:49;a:4:{s:1:\"a\";i:50;s:1:\"b\";s:18:\"reorder_estudiante\";s:1:\"c\";s:3:\"web\";s:1:\"r\";a:1:{i:0;i:1;}}i:50;a:4:{s:1:\"a\";i:51;s:1:\"b\";s:17:\"delete_estudiante\";s:1:\"c\";s:3:\"web\";s:1:\"r\";a:1:{i:0;i:1;}}i:51;a:4:{s:1:\"a\";i:52;s:1:\"b\";s:21:\"delete_any_estudiante\";s:1:\"c\";s:3:\"web\";s:1:\"r\";a:1:{i:0;i:1;}}i:52;a:4:{s:1:\"a\";i:53;s:1:\"b\";s:23:\"force_delete_estudiante\";s:1:\"c\";s:3:\"web\";s:1:\"r\";a:1:{i:0;i:1;}}i:53;a:4:{s:1:\"a\";i:54;s:1:\"b\";s:27:\"force_delete_any_estudiante\";s:1:\"c\";s:3:\"web\";s:1:\"r\";a:1:{i:0;i:1;}}i:54;a:4:{s:1:\"a\";i:55;s:1:\"b\";s:10:\"audit_area\";s:1:\"c\";s:3:\"web\";s:1:\"r\";a:1:{i:0;i:1;}}i:55;a:4:{s:1:\"a\";i:56;s:1:\"b\";s:17:\"restoreAudit_area\";s:1:\"c\";s:3:\"web\";s:1:\"r\";a:1:{i:0;i:1;}}i:56;a:4:{s:1:\"a\";i:57;s:1:\"b\";s:13:\"audit_carrera\";s:1:\"c\";s:3:\"web\";s:1:\"r\";a:1:{i:0;i:1;}}i:57;a:4:{s:1:\"a\";i:58;s:1:\"b\";s:20:\"restoreAudit_carrera\";s:1:\"c\";s:3:\"web\";s:1:\"r\";a:1:{i:0;i:1;}}i:58;a:4:{s:1:\"a\";i:59;s:1:\"b\";s:16:\"audit_estudiante\";s:1:\"c\";s:3:\"web\";s:1:\"r\";a:1:{i:0;i:1;}}i:59;a:4:{s:1:\"a\";i:60;s:1:\"b\";s:23:\"restoreAudit_estudiante\";s:1:\"c\";s:3:\"web\";s:1:\"r\";a:1:{i:0;i:1;}}i:60;a:4:{s:1:\"a\";i:61;s:1:\"b\";s:10:\"audit_user\";s:1:\"c\";s:3:\"web\";s:1:\"r\";a:1:{i:0;i:1;}}i:61;a:4:{s:1:\"a\";i:62;s:1:\"b\";s:17:\"restoreAudit_user\";s:1:\"c\";s:3:\"web\";s:1:\"r\";a:1:{i:0;i:1;}}i:62;a:4:{s:1:\"a\";i:63;s:1:\"b\";s:14:\"view_autoridad\";s:1:\"c\";s:3:\"web\";s:1:\"r\";a:2:{i:0;i:1;i:1;i:2;}}i:63;a:4:{s:1:\"a\";i:64;s:1:\"b\";s:18:\"view_any_autoridad\";s:1:\"c\";s:3:\"web\";s:1:\"r\";a:2:{i:0;i:1;i:1;i:2;}}i:64;a:4:{s:1:\"a\";i:65;s:1:\"b\";s:16:\"create_autoridad\";s:1:\"c\";s:3:\"web\";s:1:\"r\";a:2:{i:0;i:1;i:1;i:2;}}i:65;a:4:{s:1:\"a\";i:66;s:1:\"b\";s:16:\"update_autoridad\";s:1:\"c\";s:3:\"web\";s:1:\"r\";a:2:{i:0;i:1;i:1;i:2;}}i:66;a:4:{s:1:\"a\";i:67;s:1:\"b\";s:17:\"restore_autoridad\";s:1:\"c\";s:3:\"web\";s:1:\"r\";a:1:{i:0;i:1;}}i:67;a:4:{s:1:\"a\";i:68;s:1:\"b\";s:21:\"restore_any_autoridad\";s:1:\"c\";s:3:\"web\";s:1:\"r\";a:1:{i:0;i:1;}}i:68;a:4:{s:1:\"a\";i:69;s:1:\"b\";s:19:\"replicate_autoridad\";s:1:\"c\";s:3:\"web\";s:1:\"r\";a:1:{i:0;i:1;}}i:69;a:4:{s:1:\"a\";i:70;s:1:\"b\";s:17:\"reorder_autoridad\";s:1:\"c\";s:3:\"web\";s:1:\"r\";a:1:{i:0;i:1;}}i:70;a:4:{s:1:\"a\";i:71;s:1:\"b\";s:16:\"delete_autoridad\";s:1:\"c\";s:3:\"web\";s:1:\"r\";a:1:{i:0;i:1;}}i:71;a:4:{s:1:\"a\";i:72;s:1:\"b\";s:20:\"delete_any_autoridad\";s:1:\"c\";s:3:\"web\";s:1:\"r\";a:1:{i:0;i:1;}}i:72;a:4:{s:1:\"a\";i:73;s:1:\"b\";s:22:\"force_delete_autoridad\";s:1:\"c\";s:3:\"web\";s:1:\"r\";a:1:{i:0;i:1;}}i:73;a:4:{s:1:\"a\";i:74;s:1:\"b\";s:26:\"force_delete_any_autoridad\";s:1:\"c\";s:3:\"web\";s:1:\"r\";a:1:{i:0;i:1;}}i:74;a:4:{s:1:\"a\";i:75;s:1:\"b\";s:15:\"audit_autoridad\";s:1:\"c\";s:3:\"web\";s:1:\"r\";a:1:{i:0;i:1;}}i:75;a:4:{s:1:\"a\";i:76;s:1:\"b\";s:22:\"restoreAudit_autoridad\";s:1:\"c\";s:3:\"web\";s:1:\"r\";a:1:{i:0;i:1;}}i:76;a:4:{s:1:\"a\";i:77;s:1:\"b\";s:17:\"widget_Cantidades\";s:1:\"c\";s:3:\"web\";s:1:\"r\";a:2:{i:0;i:1;i:1;i:2;}}i:77;a:4:{s:1:\"a\";i:78;s:1:\"b\";s:10:\"view_cargo\";s:1:\"c\";s:3:\"web\";s:1:\"r\";a:2:{i:0;i:1;i:1;i:2;}}i:78;a:4:{s:1:\"a\";i:79;s:1:\"b\";s:14:\"view_any_cargo\";s:1:\"c\";s:3:\"web\";s:1:\"r\";a:2:{i:0;i:1;i:1;i:2;}}i:79;a:4:{s:1:\"a\";i:80;s:1:\"b\";s:12:\"create_cargo\";s:1:\"c\";s:3:\"web\";s:1:\"r\";a:2:{i:0;i:1;i:1;i:2;}}i:80;a:4:{s:1:\"a\";i:81;s:1:\"b\";s:12:\"update_cargo\";s:1:\"c\";s:3:\"web\";s:1:\"r\";a:2:{i:0;i:1;i:1;i:2;}}i:81;a:4:{s:1:\"a\";i:82;s:1:\"b\";s:13:\"restore_cargo\";s:1:\"c\";s:3:\"web\";s:1:\"r\";a:1:{i:0;i:1;}}i:82;a:4:{s:1:\"a\";i:83;s:1:\"b\";s:17:\"restore_any_cargo\";s:1:\"c\";s:3:\"web\";s:1:\"r\";a:1:{i:0;i:1;}}i:83;a:4:{s:1:\"a\";i:84;s:1:\"b\";s:15:\"replicate_cargo\";s:1:\"c\";s:3:\"web\";s:1:\"r\";a:1:{i:0;i:1;}}i:84;a:4:{s:1:\"a\";i:85;s:1:\"b\";s:13:\"reorder_cargo\";s:1:\"c\";s:3:\"web\";s:1:\"r\";a:1:{i:0;i:1;}}i:85;a:4:{s:1:\"a\";i:86;s:1:\"b\";s:12:\"delete_cargo\";s:1:\"c\";s:3:\"web\";s:1:\"r\";a:1:{i:0;i:1;}}i:86;a:4:{s:1:\"a\";i:87;s:1:\"b\";s:16:\"delete_any_cargo\";s:1:\"c\";s:3:\"web\";s:1:\"r\";a:1:{i:0;i:1;}}i:87;a:4:{s:1:\"a\";i:88;s:1:\"b\";s:18:\"force_delete_cargo\";s:1:\"c\";s:3:\"web\";s:1:\"r\";a:1:{i:0;i:1;}}i:88;a:4:{s:1:\"a\";i:89;s:1:\"b\";s:22:\"force_delete_any_cargo\";s:1:\"c\";s:3:\"web\";s:1:\"r\";a:1:{i:0;i:1;}}i:89;a:4:{s:1:\"a\";i:90;s:1:\"b\";s:11:\"audit_cargo\";s:1:\"c\";s:3:\"web\";s:1:\"r\";a:1:{i:0;i:1;}}i:90;a:4:{s:1:\"a\";i:91;s:1:\"b\";s:18:\"restoreAudit_cargo\";s:1:\"c\";s:3:\"web\";s:1:\"r\";a:1:{i:0;i:1;}}i:91;a:4:{s:1:\"a\";i:92;s:1:\"b\";s:17:\"view_departamento\";s:1:\"c\";s:3:\"web\";s:1:\"r\";a:2:{i:0;i:1;i:1;i:2;}}i:92;a:4:{s:1:\"a\";i:93;s:1:\"b\";s:21:\"view_any_departamento\";s:1:\"c\";s:3:\"web\";s:1:\"r\";a:2:{i:0;i:1;i:1;i:2;}}i:93;a:4:{s:1:\"a\";i:94;s:1:\"b\";s:19:\"create_departamento\";s:1:\"c\";s:3:\"web\";s:1:\"r\";a:2:{i:0;i:1;i:1;i:2;}}i:94;a:4:{s:1:\"a\";i:95;s:1:\"b\";s:19:\"update_departamento\";s:1:\"c\";s:3:\"web\";s:1:\"r\";a:2:{i:0;i:1;i:1;i:2;}}i:95;a:4:{s:1:\"a\";i:96;s:1:\"b\";s:20:\"restore_departamento\";s:1:\"c\";s:3:\"web\";s:1:\"r\";a:1:{i:0;i:1;}}i:96;a:4:{s:1:\"a\";i:97;s:1:\"b\";s:24:\"restore_any_departamento\";s:1:\"c\";s:3:\"web\";s:1:\"r\";a:1:{i:0;i:1;}}i:97;a:4:{s:1:\"a\";i:98;s:1:\"b\";s:22:\"replicate_departamento\";s:1:\"c\";s:3:\"web\";s:1:\"r\";a:1:{i:0;i:1;}}i:98;a:4:{s:1:\"a\";i:99;s:1:\"b\";s:20:\"reorder_departamento\";s:1:\"c\";s:3:\"web\";s:1:\"r\";a:1:{i:0;i:1;}}i:99;a:4:{s:1:\"a\";i:100;s:1:\"b\";s:19:\"delete_departamento\";s:1:\"c\";s:3:\"web\";s:1:\"r\";a:1:{i:0;i:1;}}i:100;a:4:{s:1:\"a\";i:101;s:1:\"b\";s:23:\"delete_any_departamento\";s:1:\"c\";s:3:\"web\";s:1:\"r\";a:1:{i:0;i:1;}}i:101;a:4:{s:1:\"a\";i:102;s:1:\"b\";s:25:\"force_delete_departamento\";s:1:\"c\";s:3:\"web\";s:1:\"r\";a:1:{i:0;i:1;}}i:102;a:4:{s:1:\"a\";i:103;s:1:\"b\";s:29:\"force_delete_any_departamento\";s:1:\"c\";s:3:\"web\";s:1:\"r\";a:1:{i:0;i:1;}}i:103;a:4:{s:1:\"a\";i:104;s:1:\"b\";s:18:\"audit_departamento\";s:1:\"c\";s:3:\"web\";s:1:\"r\";a:1:{i:0;i:1;}}i:104;a:4:{s:1:\"a\";i:105;s:1:\"b\";s:25:\"restoreAudit_departamento\";s:1:\"c\";s:3:\"web\";s:1:\"r\";a:1:{i:0;i:1;}}i:105;a:4:{s:1:\"a\";i:106;s:1:\"b\";s:13:\"view_empleado\";s:1:\"c\";s:3:\"web\";s:1:\"r\";a:2:{i:0;i:1;i:1;i:2;}}i:106;a:4:{s:1:\"a\";i:107;s:1:\"b\";s:17:\"view_any_empleado\";s:1:\"c\";s:3:\"web\";s:1:\"r\";a:2:{i:0;i:1;i:1;i:2;}}i:107;a:4:{s:1:\"a\";i:108;s:1:\"b\";s:15:\"create_empleado\";s:1:\"c\";s:3:\"web\";s:1:\"r\";a:2:{i:0;i:1;i:1;i:2;}}i:108;a:4:{s:1:\"a\";i:109;s:1:\"b\";s:15:\"update_empleado\";s:1:\"c\";s:3:\"web\";s:1:\"r\";a:2:{i:0;i:1;i:1;i:2;}}i:109;a:4:{s:1:\"a\";i:110;s:1:\"b\";s:16:\"restore_empleado\";s:1:\"c\";s:3:\"web\";s:1:\"r\";a:1:{i:0;i:1;}}i:110;a:4:{s:1:\"a\";i:111;s:1:\"b\";s:20:\"restore_any_empleado\";s:1:\"c\";s:3:\"web\";s:1:\"r\";a:1:{i:0;i:1;}}i:111;a:4:{s:1:\"a\";i:112;s:1:\"b\";s:18:\"replicate_empleado\";s:1:\"c\";s:3:\"web\";s:1:\"r\";a:1:{i:0;i:1;}}i:112;a:4:{s:1:\"a\";i:113;s:1:\"b\";s:16:\"reorder_empleado\";s:1:\"c\";s:3:\"web\";s:1:\"r\";a:1:{i:0;i:1;}}i:113;a:4:{s:1:\"a\";i:114;s:1:\"b\";s:15:\"delete_empleado\";s:1:\"c\";s:3:\"web\";s:1:\"r\";a:1:{i:0;i:1;}}i:114;a:4:{s:1:\"a\";i:115;s:1:\"b\";s:19:\"delete_any_empleado\";s:1:\"c\";s:3:\"web\";s:1:\"r\";a:1:{i:0;i:1;}}i:115;a:4:{s:1:\"a\";i:116;s:1:\"b\";s:21:\"force_delete_empleado\";s:1:\"c\";s:3:\"web\";s:1:\"r\";a:1:{i:0;i:1;}}i:116;a:4:{s:1:\"a\";i:117;s:1:\"b\";s:25:\"force_delete_any_empleado\";s:1:\"c\";s:3:\"web\";s:1:\"r\";a:1:{i:0;i:1;}}i:117;a:4:{s:1:\"a\";i:118;s:1:\"b\";s:14:\"audit_empleado\";s:1:\"c\";s:3:\"web\";s:1:\"r\";a:1:{i:0;i:1;}}i:118;a:4:{s:1:\"a\";i:119;s:1:\"b\";s:21:\"restoreAudit_empleado\";s:1:\"c\";s:3:\"web\";s:1:\"r\";a:1:{i:0;i:1;}}i:119;a:4:{s:1:\"a\";i:120;s:1:\"b\";s:11:\"view_carnet\";s:1:\"c\";s:3:\"web\";s:1:\"r\";a:2:{i:0;i:1;i:1;i:2;}}i:120;a:4:{s:1:\"a\";i:121;s:1:\"b\";s:15:\"view_any_carnet\";s:1:\"c\";s:3:\"web\";s:1:\"r\";a:2:{i:0;i:1;i:1;i:2;}}i:121;a:4:{s:1:\"a\";i:122;s:1:\"b\";s:13:\"create_carnet\";s:1:\"c\";s:3:\"web\";s:1:\"r\";a:2:{i:0;i:1;i:1;i:2;}}i:122;a:4:{s:1:\"a\";i:123;s:1:\"b\";s:13:\"update_carnet\";s:1:\"c\";s:3:\"web\";s:1:\"r\";a:2:{i:0;i:1;i:1;i:2;}}i:123;a:4:{s:1:\"a\";i:124;s:1:\"b\";s:14:\"restore_carnet\";s:1:\"c\";s:3:\"web\";s:1:\"r\";a:1:{i:0;i:1;}}i:124;a:4:{s:1:\"a\";i:125;s:1:\"b\";s:18:\"restore_any_carnet\";s:1:\"c\";s:3:\"web\";s:1:\"r\";a:1:{i:0;i:1;}}i:125;a:4:{s:1:\"a\";i:126;s:1:\"b\";s:16:\"replicate_carnet\";s:1:\"c\";s:3:\"web\";s:1:\"r\";a:1:{i:0;i:1;}}i:126;a:4:{s:1:\"a\";i:127;s:1:\"b\";s:14:\"reorder_carnet\";s:1:\"c\";s:3:\"web\";s:1:\"r\";a:1:{i:0;i:1;}}i:127;a:4:{s:1:\"a\";i:128;s:1:\"b\";s:13:\"delete_carnet\";s:1:\"c\";s:3:\"web\";s:1:\"r\";a:1:{i:0;i:1;}}i:128;a:4:{s:1:\"a\";i:129;s:1:\"b\";s:17:\"delete_any_carnet\";s:1:\"c\";s:3:\"web\";s:1:\"r\";a:1:{i:0;i:1;}}i:129;a:4:{s:1:\"a\";i:130;s:1:\"b\";s:19:\"force_delete_carnet\";s:1:\"c\";s:3:\"web\";s:1:\"r\";a:1:{i:0;i:1;}}i:130;a:4:{s:1:\"a\";i:131;s:1:\"b\";s:23:\"force_delete_any_carnet\";s:1:\"c\";s:3:\"web\";s:1:\"r\";a:1:{i:0;i:1;}}i:131;a:4:{s:1:\"a\";i:132;s:1:\"b\";s:12:\"audit_carnet\";s:1:\"c\";s:3:\"web\";s:1:\"r\";a:1:{i:0;i:1;}}i:132;a:4:{s:1:\"a\";i:133;s:1:\"b\";s:19:\"restoreAudit_carnet\";s:1:\"c\";s:3:\"web\";s:1:\"r\";a:1:{i:0;i:1;}}}s:5:\"roles\";a:2:{i:0;a:3:{s:1:\"a\";i:1;s:1:\"b\";s:11:\"super_admin\";s:1:\"c\";s:3:\"web\";}i:1;a:3:{s:1:\"a\";i:2;s:1:\"b\";s:10:\"panel_user\";s:1:\"c\";s:3:\"web\";}}}',1743212310);
/*!40000 ALTER TABLE `cache` ENABLE KEYS */;
UNLOCK TABLES;

--
-- Table structure for table `cache_locks`
--

DROP TABLE IF EXISTS `cache_locks`;
/*!40101 SET @saved_cs_client     = @@character_set_client */;
/*!40101 SET character_set_client = utf8 */;
CREATE TABLE `cache_locks` (
  `key` varchar(255) NOT NULL,
  `owner` varchar(255) NOT NULL,
  `expiration` int(11) NOT NULL,
  PRIMARY KEY (`key`)
) ENGINE=InnoDB DEFAULT CHARSET=utf8mb4 COLLATE=utf8mb4_unicode_ci;
/*!40101 SET character_set_client = @saved_cs_client */;

--
-- Dumping data for table `cache_locks`
--

LOCK TABLES `cache_locks` WRITE;
/*!40000 ALTER TABLE `cache_locks` DISABLE KEYS */;
/*!40000 ALTER TABLE `cache_locks` ENABLE KEYS */;
UNLOCK TABLES;

--
-- Table structure for table `cargos`
--

DROP TABLE IF EXISTS `cargos`;
/*!40101 SET @saved_cs_client     = @@character_set_client */;
/*!40101 SET character_set_client = utf8 */;
CREATE TABLE `cargos` (
  `id` int(11) NOT NULL AUTO_INCREMENT,
  `nombre` varchar(255) DEFAULT NULL,
  `imagen_carnet` varchar(255) DEFAULT NULL,
  `created_at` timestamp NULL DEFAULT NULL,
  `updated_at` timestamp NULL DEFAULT NULL,
  PRIMARY KEY (`id`)
) ENGINE=InnoDB AUTO_INCREMENT=3 DEFAULT CHARSET=latin1 COLLATE=latin1_swedish_ci;
/*!40101 SET character_set_client = @saved_cs_client */;

--
-- Dumping data for table `cargos`
--

LOCK TABLES `cargos` WRITE;
/*!40000 ALTER TABLE `cargos` DISABLE KEYS */;
INSERT INTO `cargos` VALUES
(1,'Administrativo','cargos/01JQD2X0W88JK02KKVH2ERHPZB.png','2025-03-20 05:59:22','2025-03-28 04:37:16'),
(2,'Obrero','cargos/01JQD2XM6RN6VP80YHKB1AJ5Y6.png','2025-03-20 05:59:27','2025-03-28 04:37:36');
/*!40000 ALTER TABLE `cargos` ENABLE KEYS */;
UNLOCK TABLES;

--
-- Table structure for table `carnets`
--

DROP TABLE IF EXISTS `carnets`;
/*!40101 SET @saved_cs_client     = @@character_set_client */;
/*!40101 SET character_set_client = utf8 */;
CREATE TABLE `carnets` (
  `id` int(11) NOT NULL AUTO_INCREMENT,
  `estudiante_id` bigint(20) DEFAULT NULL,
  `empleado_id` int(11) DEFAULT NULL,
  `autoridad_id` int(11) DEFAULT NULL,
  `fecha_emision` date DEFAULT NULL,
  `fecha_vencimiento` date DEFAULT NULL,
  `created_at` timestamp NULL DEFAULT NULL,
  `updated_at` timestamp NULL DEFAULT NULL,
  PRIMARY KEY (`id`),
  KEY `estudiante_id` (`estudiante_id`) USING BTREE,
  KEY `empleado_id` (`empleado_id`) USING BTREE,
  KEY `autoridad_id` (`autoridad_id`) USING BTREE
) ENGINE=InnoDB AUTO_INCREMENT=5 DEFAULT CHARSET=latin1 COLLATE=latin1_swedish_ci;
/*!40101 SET character_set_client = @saved_cs_client */;

--
-- Dumping data for table `carnets`
--

LOCK TABLES `carnets` WRITE;
/*!40000 ALTER TABLE `carnets` DISABLE KEYS */;
INSERT INTO `carnets` VALUES
(1,1,NULL,1,'2025-03-20','2026-03-20','2025-03-20 07:29:51','2025-03-20 07:29:51'),
(2,2,NULL,1,'2025-03-20','2026-03-20','2025-03-20 07:37:47','2025-03-20 07:37:47'),
(3,NULL,1,1,'2025-03-20','2026-03-20','2025-03-20 07:43:00','2025-03-20 07:43:00'),
(4,3,NULL,1,'2025-03-20','2026-03-20','2025-03-20 17:38:22','2025-03-20 17:38:22');
/*!40000 ALTER TABLE `carnets` ENABLE KEYS */;
UNLOCK TABLES;

--
-- Table structure for table `carreras`
--

DROP TABLE IF EXISTS `carreras`;
/*!40101 SET @saved_cs_client     = @@character_set_client */;
/*!40101 SET character_set_client = utf8 */;
CREATE TABLE `carreras` (
  `id` bigint(20) unsigned NOT NULL AUTO_INCREMENT,
  `area_id` bigint(20) unsigned NOT NULL,
  `nombre` varchar(255) NOT NULL,
  `imagen_carnet` varchar(255) DEFAULT '',
  `tipo` varchar(20) DEFAULT NULL,
  `created_at` timestamp NULL DEFAULT NULL,
  `updated_at` timestamp NULL DEFAULT NULL,
  PRIMARY KEY (`id`),
  UNIQUE KEY `carreras_nombre_unique` (`nombre`),
  KEY `carreras_area_id` (`area_id`),
  CONSTRAINT `carreras_area_id` FOREIGN KEY (`area_id`) REFERENCES `areas` (`id`)
) ENGINE=InnoDB AUTO_INCREMENT=17 DEFAULT CHARSET=utf8mb4 COLLATE=utf8mb4_unicode_ci;
/*!40101 SET character_set_client = @saved_cs_client */;

--
-- Dumping data for table `carreras`
--

LOCK TABLES `carreras` WRITE;
/*!40000 ALTER TABLE `carreras` DISABLE KEYS */;
INSERT INTO `carreras` VALUES
(1,2,'ADMINISTRACION COMERCIAL','carreras/01JPRH170T8ESXE8SJ7JR1EHCD.jpg','Pregrado','2025-02-27 07:16:59','2025-03-20 05:00:10'),
(3,3,'COMUNICACION SOCIAL',NULL,'Pregrado','2025-02-27 07:18:28','2025-02-27 07:18:28'),
(4,2,'CONTADURIA PUBLICA',NULL,'Pregrado','2025-02-27 07:19:00','2025-02-27 07:19:00'),
(5,2,'ECONOMIA',NULL,'Pregrado','2025-02-27 07:19:15','2025-02-27 07:19:15'),
(6,4,'INGENIERIA AGRONOMICA DE PRODUCCION ANIMAL',NULL,'Pregrado','2025-02-27 07:19:25','2025-02-27 07:19:25'),
(7,4,'INGENIERIA AGRONOMICA DE PRODUCCION VEGETAL',NULL,'Pregrado','2025-02-27 07:19:37','2025-02-27 07:19:37'),
(8,5,'INGENIERIA CIVIL',NULL,'Pregrado','2025-02-27 07:19:46','2025-02-27 07:19:46'),
(9,5,'INGENIERIA EN HIDROCARBURO MENCION GAS',NULL,'Pregrado','2025-02-27 07:19:57','2025-02-27 07:19:57'),
(10,5,'INGENIERIA EN HIDROCARBURO MENCION PETROLEO',NULL,'Pregrado','2025-02-27 07:20:39','2025-03-28 04:55:17'),
(11,1,'INGENIERIA EN INFORMATICA',NULL,'Pregrado','2025-02-27 07:20:50','2025-03-28 04:55:05'),
(12,5,'T.S.U EN HIDROCARBUROS MENCION: GAS',NULL,'Pregrado','2025-02-27 07:21:08','2025-02-27 07:21:08'),
(13,5,'T.S.U EN HIDROCARBUROS MENCION: PETROLEO','carreras/01JPRJ5Y7AW7MYSCMNE2SMHCAQ.jpg','Pregrado','2025-02-27 07:21:16','2025-03-20 05:20:14'),
(14,6,'Enfermeria','carreras/01JN4AQ8Q4XCSAQTRV9BX3DNXD.jpg','Pregrado','2025-02-27 22:29:22','2025-02-27 22:29:22'),
(15,8,'Odontología',NULL,'Pregrado','2025-03-28 04:33:09','2025-03-28 04:33:09'),
(16,7,'Derecho',NULL,'Pregrado','2025-03-28 04:33:26','2025-03-28 04:33:26');
/*!40000 ALTER TABLE `carreras` ENABLE KEYS */;
UNLOCK TABLES;

--
-- Table structure for table `departamentos`
--

DROP TABLE IF EXISTS `departamentos`;
/*!40101 SET @saved_cs_client     = @@character_set_client */;
/*!40101 SET character_set_client = utf8 */;
CREATE TABLE `departamentos` (
  `id` int(11) NOT NULL AUTO_INCREMENT,
  `nombre` varchar(255) DEFAULT NULL,
  `created_at` timestamp NULL DEFAULT NULL,
  `updated_at` timestamp NULL DEFAULT NULL,
  PRIMARY KEY (`id`)
) ENGINE=InnoDB AUTO_INCREMENT=2 DEFAULT CHARSET=latin1 COLLATE=latin1_swedish_ci;
/*!40101 SET character_set_client = @saved_cs_client */;

--
-- Dumping data for table `departamentos`
--

LOCK TABLES `departamentos` WRITE;
/*!40000 ALTER TABLE `departamentos` DISABLE KEYS */;
INSERT INTO `departamentos` VALUES
(1,'Dirección de Admisión, Control y Evaluación','2025-03-20 05:58:44','2025-03-20 06:37:05');
/*!40000 ALTER TABLE `departamentos` ENABLE KEYS */;
UNLOCK TABLES;

--
-- Table structure for table `empleados`
--

DROP TABLE IF EXISTS `empleados`;
/*!40101 SET @saved_cs_client     = @@character_set_client */;
/*!40101 SET character_set_client = utf8 */;
CREATE TABLE `empleados` (
  `id` int(11) NOT NULL AUTO_INCREMENT,
  `departamento_id` int(11) DEFAULT NULL,
  `cargo_id` int(11) DEFAULT NULL,
  `cedula` varchar(20) DEFAULT NULL,
  `nombre` varchar(255) DEFAULT NULL,
  `imagen` varchar(255) DEFAULT NULL,
  `created_at` timestamp NULL DEFAULT NULL,
  `updated_at` timestamp NULL DEFAULT NULL,
  PRIMARY KEY (`id`),
  KEY `empleado_departamento` (`departamento_id`),
  KEY `empleado_cargo` (`cargo_id`),
  CONSTRAINT `empleado_cargo` FOREIGN KEY (`cargo_id`) REFERENCES `cargos` (`id`),
  CONSTRAINT `empleado_departamento` FOREIGN KEY (`departamento_id`) REFERENCES `departamentos` (`id`)
) ENGINE=InnoDB AUTO_INCREMENT=2 DEFAULT CHARSET=latin1 COLLATE=latin1_swedish_ci;
/*!40101 SET character_set_client = @saved_cs_client */;

--
-- Dumping data for table `empleados`
--

LOCK TABLES `empleados` WRITE;
/*!40000 ALTER TABLE `empleados` DISABLE KEYS */;
INSERT INTO `empleados` VALUES
(1,1,1,'18082950','Carlos Eduardo Carrillo Pérez','empleados/01JPRMWN04V43Y95J0VPWFJ9C9.png','2025-03-20 06:07:35','2025-03-20 06:07:35');
/*!40000 ALTER TABLE `empleados` ENABLE KEYS */;
UNLOCK TABLES;

--
-- Table structure for table `estudiantes`
--

DROP TABLE IF EXISTS `estudiantes`;
/*!40101 SET @saved_cs_client     = @@character_set_client */;
/*!40101 SET character_set_client = utf8 */;
CREATE TABLE `estudiantes` (
  `id` bigint(20) unsigned NOT NULL AUTO_INCREMENT,
  `carrera_id` bigint(20) unsigned NOT NULL,
  `cedula` varchar(255) NOT NULL,
  `nombre` varchar(255) NOT NULL,
  `parroquia` varchar(255) DEFAULT NULL,
  `created_at` timestamp NULL DEFAULT NULL,
  `updated_at` timestamp NULL DEFAULT NULL,
  `imagen` varchar(255) DEFAULT NULL,
  PRIMARY KEY (`id`),
  UNIQUE KEY `estudiantes_cedula_unique` (`cedula`),
  KEY `estudiantes_carrera_id` (`carrera_id`),
  CONSTRAINT `estudiantes_carrera_id` FOREIGN KEY (`carrera_id`) REFERENCES `carreras` (`id`)
) ENGINE=InnoDB AUTO_INCREMENT=1808 DEFAULT CHARSET=utf8mb4 COLLATE=utf8mb4_unicode_ci;
/*!40101 SET character_set_client = @saved_cs_client */;

--
-- Dumping data for table `estudiantes`
--

LOCK TABLES `estudiantes` WRITE;
/*!40000 ALTER TABLE `estudiantes` DISABLE KEYS */;
INSERT INTO `estudiantes` VALUES
(1,11,'18082950','Carlos Eduardo Carrillo Pérez','SAN JUAN DE LOS MORROS','2025-02-27 22:38:25','2025-03-20 05:02:37','estudiantes/01JN54S9W9JFRHADN2CM9J14XD.jpg'),
(2,1,'31073425','JOSE ALEXANDER MEDRANO PADRON','SAN JUAN DE LOS MORROS','2025-02-27 23:19:18','2025-03-07 22:28:50','estudiantes/01JNRXW16S0DFNX0Q0QH68P742.png'),
(3,1,'21335901','Miguel Eduardo Zerpa Gómez','SAN JUAN DE LOS MORROS','2025-02-27 23:19:32','2025-03-20 17:38:12','estudiantes/01JPSWD70G392VBDGSHD06GF76.png'),
(4,1,'28575136','GIOANNI JOSE GONZALEZ BLANCA','SAN JUAN DE LOS MORROS','2025-02-27 23:19:33','2025-02-27 23:19:33',NULL),
(5,1,'31081237','Mariangel Nohemy Querales Rubio','SAN JUAN DE LOS MORROS','2025-02-27 23:19:33','2025-02-27 23:19:33',NULL),
(6,1,'30790075','Diego Jose Piña Miquelena','SAN JUAN DE LOS MORROS','2025-02-27 23:19:34','2025-02-27 23:19:34',NULL),
(7,1,'30276528','DIANA VALENTINA RAMIREZ BERROETA','SAN JUAN DE LOS MORROS','2025-02-27 23:19:34','2025-02-27 23:19:34',NULL),
(8,1,'28051396','Jose  Simon Suarez Cabriles','SAN JUAN DE LOS MORROS','2025-02-27 23:19:41','2025-02-27 23:19:41',NULL),
(9,1,'31917397','  PILAR ANDREINA MENDOZA REYES ','SAN JUAN DE LOS MORROS','2025-02-27 23:19:42','2025-02-27 23:19:42',NULL),
(10,1,'31529495','Genesis Victoria Castillo Caracas','SAN JUAN DE LOS MORROS','2025-02-27 23:20:03','2025-02-27 23:20:03',NULL),
(11,1,'31107363','  ROSANGEL JULIETA CHACON ARAUJO ','SAN JUAN DE LOS MORROS','2025-02-27 23:20:13','2025-02-27 23:20:13',NULL),
(12,1,'31922768','  WINNELLY DE LOURDES VELIZ PAREDES ','SAN JUAN DE LOS MORROS','2025-02-27 23:20:16','2025-02-27 23:20:16',NULL),
(13,1,'31313378','NAYELY ALEXANDRA PEREZ HERNANDEZ','SAN JUAN DE LOS MORROS','2025-02-27 23:20:16','2025-02-27 23:20:16',NULL),
(14,1,'28012835','CESAR  VARGAS ','SAN JUAN DE LOS MORROS','2025-02-27 23:20:16','2025-02-27 23:20:16',NULL),
(15,1,'25922716','Mariexy Maria Mendoza Sanchez','SAN JUAN DE LOS MORROS','2025-02-27 23:20:16','2025-02-27 23:20:16',NULL),
(16,1,'31742925','Azumy Antonella Requena Infante','SAN JUAN DE LOS MORROS','2025-02-27 23:20:17','2025-02-27 23:20:17',NULL),
(17,1,'31197358','Emerlys Valentina Suez Quintero','SAN JUAN DE LOS MORROS','2025-02-27 23:20:17','2025-02-27 23:20:17',NULL),
(18,1,'84569526','Marcos Alejandro Diaz Garcia','SAN JUAN DE LOS MORROS','2025-02-27 23:20:17','2025-02-27 23:20:17',NULL),
(19,1,'28012718','Jakima Nicole Suarez Garcia','SAN JUAN DE LOS MORROS','2025-02-27 23:20:17','2025-02-27 23:20:17',NULL),
(20,1,'29671322','SEIJAS  RAYMAR CONTRERAS','SAN JUAN DE LOS MORROS','2025-02-27 23:20:17','2025-02-27 23:20:17',NULL),
(21,1,'30626480','Esperanza Ruth celis Martinez','SAN JUAN DE LOS MORROS','2025-02-27 23:20:18','2025-02-27 23:20:18',NULL),
(22,1,'27882316','YORBER GREGORIO LARA TORREALBA','SAN JUAN DE LOS MORROS','2025-02-27 23:20:18','2025-02-27 23:20:18',NULL),
(23,1,'31080905','Jose Gregorio Lopez Delgado','SAN JUAN DE LOS MORROS','2025-02-27 23:20:18','2025-02-27 23:20:18',NULL),
(24,1,'31487610','Jhandrymar Nazareth Fernandez Barberii','SAN JUAN DE LOS MORROS','2025-02-27 23:20:18','2025-02-27 23:20:18',NULL),
(25,1,'29941061','Valeria Alejandra Maluenga De Abreu','SAN JUAN DE LOS MORROS','2025-02-27 23:20:18','2025-02-27 23:20:18',NULL),
(26,1,'30463615','Yeferson Jose Gabriel Perez Gonzalez','SAN JUAN DE LOS MORROS','2025-02-27 23:20:18','2025-02-27 23:20:18',NULL),
(27,1,'15081487','  Hernandez Silva Adriana Julitza ','SAN JUAN DE LOS MORROS','2025-02-27 23:20:19','2025-02-27 23:20:19',NULL),
(28,1,'31171530','Ricardo Arturo Bolivar Aldana','SAN JUAN DE LOS MORROS','2025-02-27 23:20:19','2025-02-27 23:20:19',NULL),
(29,1,'31576533','Vanessa  Cabrera Castro','SAN JUAN DE LOS MORROS','2025-02-27 23:20:19','2025-02-27 23:20:19',NULL),
(30,1,'31182852','Wileidy  Melendez Urbina','SAN JUAN DE LOS MORROS','2025-02-27 23:20:22','2025-02-27 23:20:22',NULL),
(31,1,'30669160','Santiago David Lopez Romero','SAN JUAN DE LOS MORROS','2025-02-27 23:20:22','2025-02-27 23:20:22',NULL),
(32,1,'32411170','  JOSEIDY GABRIELA SILVA PERDOMO ','SAN JUAN DE LOS MORROS','2025-02-27 23:20:22','2025-02-27 23:20:22',NULL),
(33,1,'28482649','ABEL ENRIQUE PAEZ GONZALEZ','SAN JUAN DE LOS MORROS','2025-02-27 23:20:22','2025-02-27 23:20:22',NULL),
(34,1,'30659070','Yexibeth Alexandra Pereira Naranjo','SAN JUAN DE LOS MORROS','2025-02-27 23:20:22','2025-02-27 23:20:22',NULL),
(35,3,'25573079','Ricardo Rafael Hernandez Pinero','SAN JUAN DE LOS MORROS','2025-02-27 23:20:23','2025-02-27 23:20:23',NULL),
(36,3,'30049761','Kelvin Jose Moises Briceno','SAN JUAN DE LOS MORROS','2025-02-27 23:20:23','2025-02-27 23:20:23',NULL),
(37,3,'28408653','Eukary Nakary Fuentes Sanabria','SAN JUAN DE LOS MORROS','2025-02-27 23:20:23','2025-02-27 23:20:23',NULL),
(38,3,'30499060','Andrea Alejandra Lopez Beaumont','SAN JUAN DE LOS MORROS','2025-02-27 23:20:23','2025-02-27 23:20:23',NULL),
(39,3,'30464280','JOEL MANUEL FERNANDEZ MORENO','SAN JUAN DE LOS MORROS','2025-02-27 23:20:23','2025-02-27 23:20:23',NULL),
(40,3,'30961562','Sabrina Mariana Herrera Tabares','SAN JUAN DE LOS MORROS','2025-02-27 23:20:24','2025-02-27 23:20:24',NULL),
(41,3,'31073506','Darielys Alejandra Maracara Romero','SAN JUAN DE LOS MORROS','2025-02-27 23:20:24','2025-02-27 23:20:24',NULL),
(42,3,'28754096','Melymar Del Valle Alvarez Ruiz','SAN JUAN DE LOS MORROS','2025-02-27 23:20:24','2025-02-27 23:20:24',NULL),
(43,3,'30627072','Willianys Michel Cambero Laya','SAN JUAN DE LOS MORROS','2025-02-27 23:20:24','2025-02-27 23:20:24',NULL),
(44,3,'28482200','Manuel Alejandro Ardon Rengifo','SAN JUAN DE LOS MORROS','2025-02-27 23:20:32','2025-02-27 23:20:32',NULL),
(45,3,'27289836','  SEBASTIAN JESUS MUNOZ ESCALONA ','SAN JUAN DE LOS MORROS','2025-02-27 23:20:32','2025-02-27 23:20:32',NULL),
(46,3,'27867553','Andres Eduardo Menesini Espinoza','SAN JUAN DE LOS MORROS','2025-02-27 23:20:32','2025-02-27 23:20:32',NULL),
(47,3,'12074593','Ernesto Jose Gonzalez Subero','SAN JUAN DE LOS MORROS','2025-02-27 23:20:32','2025-02-27 23:20:32',NULL),
(48,3,'28482277','Hilary Nicole Escalona Bastardo','SAN JUAN DE LOS MORROS','2025-02-27 23:20:32','2025-02-27 23:20:32',NULL),
(49,3,'31718550','  LEOMIR YUSNEBIS GUILLEN PELAYO ','SAN JUAN DE LOS MORROS','2025-02-27 23:20:32','2025-02-27 23:20:32',NULL),
(50,3,'30961154','FREDDY JOSE UTRERA HERNANDEZ','SAN JUAN DE LOS MORROS','2025-02-27 23:20:32','2025-02-27 23:20:32',NULL),
(51,3,'20247746','LUCEIDYS EVELING ROJAS TOVAR','SAN JUAN DE LOS MORROS','2025-02-27 23:20:32','2025-02-27 23:20:32',NULL),
(52,3,'30463795','Neilin  Dariana Alvarez Caucho','SAN JUAN DE LOS MORROS','2025-02-27 23:20:32','2025-02-27 23:20:32',NULL),
(53,3,'18617166','Eduardo José Bolívar Noguera','SAN JUAN DE LOS MORROS','2025-02-27 23:20:32','2025-02-27 23:20:32',NULL),
(54,3,'31338930','Cynthia Gherizim Prieto Millan','SAN JUAN DE LOS MORROS','2025-02-27 23:20:32','2025-02-27 23:20:32',NULL),
(55,3,'27840792','Wilfredys Jose Rubio  Jaime','SAN JUAN DE LOS MORROS','2025-02-27 23:20:32','2025-02-27 23:20:32',NULL),
(56,3,'25684480','Ricardo ysmael Escorche Alas','SAN JUAN DE LOS MORROS','2025-02-27 23:20:32','2025-02-27 23:20:32',NULL),
(57,3,'30290306','Meliannys DEL CARMEN Franco Garrido','SAN JUAN DE LOS MORROS','2025-02-27 23:20:32','2025-02-27 23:20:32',NULL),
(58,3,'30852201','Glorianyeli Sofia Godoy Alzuro','SAN JUAN DE LOS MORROS','2025-02-27 23:20:32','2025-02-27 23:20:32',NULL),
(59,3,'28176305','Heymar Talia Gonzalez Diaz','SAN JUAN DE LOS MORROS','2025-02-27 23:20:32','2025-02-27 23:20:32',NULL),
(60,3,'30669220','Yhassiel Jhossuemar  Alayon Lovera','SAN JUAN DE LOS MORROS','2025-02-27 23:20:32','2025-02-27 23:20:32',NULL),
(61,3,'29940798','Roneisy Adelina Alayon Morales','SAN JUAN DE LOS MORROS','2025-02-27 23:20:32','2025-02-27 23:20:32',NULL),
(62,3,'29781490','Branniela Del Valle Pares Ferrer','SAN JUAN DE LOS MORROS','2025-02-27 23:20:32','2025-02-27 23:20:32',NULL),
(63,3,'29899784','Josymar Georgette Blanco Cordova','SAN JUAN DE LOS MORROS','2025-02-27 23:20:32','2025-02-27 23:20:32',NULL),
(64,3,'19601722','Jose Antonio Martinez Celis','SAN JUAN DE LOS MORROS','2025-02-27 23:20:32','2025-02-27 23:20:32',NULL),
(65,3,'32312935','Grecia Helena Medina Marquez','SAN JUAN DE LOS MORROS','2025-02-27 23:20:32','2025-02-27 23:20:32',NULL),
(66,3,'29943456','Eric Alexander Guzman Mendoza','SAN JUAN DE LOS MORROS','2025-02-27 23:20:32','2025-02-27 23:20:32',NULL),
(67,3,'29981375','Daniela Valentina Alfonzo Hurtado','SAN JUAN DE LOS MORROS','2025-02-27 23:20:32','2025-02-27 23:20:32',NULL),
(68,3,'28432502','OSORIO  JOSE HIGUERA','SAN JUAN DE LOS MORROS','2025-02-27 23:20:32','2025-02-27 23:20:32',NULL),
(69,3,'30626311','Pablo Jose Muñoz Hidalgo','SAN JUAN DE LOS MORROS','2025-02-27 23:20:32','2025-02-27 23:20:32',NULL),
(70,3,'30627064','Anais Gabriela Matute Pineda','SAN JUAN DE LOS MORROS','2025-02-27 23:20:32','2025-02-27 23:20:32',NULL),
(71,3,'30865824','Ana Gabriela Duque Rodriguez','SAN JUAN DE LOS MORROS','2025-02-27 23:20:32','2025-02-27 23:20:32',NULL),
(72,3,'28051081','Nesleidy Mariany jaspe Diaz ','SAN JUAN DE LOS MORROS','2025-02-27 23:20:32','2025-02-27 23:20:32',NULL),
(73,3,'30703990','Karelys Milagros Silva  Navas','SAN JUAN DE LOS MORROS','2025-02-27 23:20:32','2025-02-27 23:20:32',NULL),
(74,3,'30542956','Maria De los Angeles Romero Blanco','SAN JUAN DE LOS MORROS','2025-02-27 23:20:32','2025-02-27 23:20:32',NULL),
(75,3,'17352220','VICTOR JOSE BETANCOURT MANRIQUE','SAN JUAN DE LOS MORROS','2025-02-27 23:20:32','2025-02-27 23:20:32',NULL),
(76,3,'26308275','Joswald Jose Guanipa Rojas','SAN JUAN DE LOS MORROS','2025-02-27 23:20:32','2025-02-27 23:20:32',NULL),
(77,3,'30703893','Diana Patricia Salgado Hernandez','SAN JUAN DE LOS MORROS','2025-02-27 23:20:32','2025-02-27 23:20:32',NULL),
(78,3,'27867052','Jose Gabriel Paredes Guzman','SAN JUAN DE LOS MORROS','2025-02-27 23:20:32','2025-02-27 23:20:32',NULL),
(79,3,'29941225','Giser Ginette Navarro Melo','SAN JUAN DE LOS MORROS','2025-02-27 23:20:32','2025-02-27 23:20:32',NULL),
(80,3,'30658572','Patricia Alejandra Briceno Pimentel','SAN JUAN DE LOS MORROS','2025-02-27 23:20:32','2025-02-27 23:20:32',NULL),
(81,3,'28588603','FERNANDO FABIO HURTADO LISCANO','SAN JUAN DE LOS MORROS','2025-02-27 23:20:32','2025-02-27 23:20:32',NULL),
(82,3,'30247399','Santiago Alejandro Carrero Marrero','SAN JUAN DE LOS MORROS','2025-02-27 23:20:32','2025-02-27 23:20:32',NULL),
(83,3,'30873834','Gusmary Nazareth Urbina Ochoa','SAN JUAN DE LOS MORROS','2025-02-27 23:20:32','2025-02-27 23:20:32',NULL),
(84,3,'29581402','Johnatan Josue Sosa Perdomo','SAN JUAN DE LOS MORROS','2025-02-27 23:20:32','2025-02-27 23:20:32',NULL),
(85,3,'31743085','TREJO  AMBAR ORTEGA','SAN JUAN DE LOS MORROS','2025-02-27 23:20:32','2025-02-27 23:20:32',NULL),
(86,3,'30596022','Neuvimar Alejandra Coronado Perez','SAN JUAN DE LOS MORROS','2025-02-27 23:20:32','2025-02-27 23:20:32',NULL),
(87,3,'31429124','Josephanis Valeria Heredia Tovar','SAN JUAN DE LOS MORROS','2025-02-27 23:20:32','2025-02-27 23:20:32',NULL),
(88,3,'31197477','Karen Alexandra Rivas Espinoza','SAN JUAN DE LOS MORROS','2025-02-27 23:20:32','2025-02-27 23:20:32',NULL),
(89,3,'30626283','Scarleth Oneilys Carranza Zurita','SAN JUAN DE LOS MORROS','2025-02-27 23:20:32','2025-02-27 23:20:32',NULL),
(90,3,'30039347','Merly Sabrina Cabriles Avila','SAN JUAN DE LOS MORROS','2025-02-27 23:20:32','2025-02-27 23:20:32',NULL),
(91,3,'28282987','Elimer Franchesca Montero Valera','SAN JUAN DE LOS MORROS','2025-02-27 23:20:32','2025-02-27 23:20:32',NULL),
(92,3,'31092492','Freyli Angely Sanoja Galea','SAN JUAN DE LOS MORROS','2025-02-27 23:20:32','2025-02-27 23:20:32',NULL),
(93,3,'30499527','Maria Fernanda Colmenares Arteaga','SAN JUAN DE LOS MORROS','2025-02-27 23:20:32','2025-02-27 23:20:32',NULL),
(94,3,'32223107','  CRISBEL EMILIA RUEDA FLORES ','SAN JUAN DE LOS MORROS','2025-02-27 23:20:32','2025-02-27 23:20:32',NULL),
(95,3,'31073297','VALERIA ALEJANDRA LUCENA ','SAN JUAN DE LOS MORROS','2025-02-27 23:20:32','2025-02-27 23:20:32',NULL),
(96,3,'30801360','Nelly Adonay Tovar Rodriguez','SAN JUAN DE LOS MORROS','2025-02-27 23:20:32','2025-02-27 23:20:32',NULL),
(97,3,'28432836','Gerleys Andrimar Sanabria Obando','SAN JUAN DE LOS MORROS','2025-02-27 23:20:32','2025-02-27 23:20:32',NULL),
(98,3,'30459243','MARIA GABRIELA CABRERA SANCHEZ','SAN JUAN DE LOS MORROS','2025-02-27 23:20:32','2025-02-27 23:20:32',NULL),
(99,3,'26055267','Eliani yoreimi Baez Franco','SAN JUAN DE LOS MORROS','2025-02-27 23:20:32','2025-02-27 23:20:32',NULL),
(100,3,'31294376','Andrianny Yelin Vegas Hernandez','SAN JUAN DE LOS MORROS','2025-02-27 23:20:32','2025-02-27 23:20:32',NULL),
(101,3,'30325829','Jessica Denisse Marrero Herrera','SAN JUAN DE LOS MORROS','2025-02-27 23:20:32','2025-02-27 23:20:32',NULL),
(102,3,'31435463','Tatiana Valentina Caro Ladera','SAN JUAN DE LOS MORROS','2025-02-27 23:20:32','2025-02-27 23:20:32',NULL),
(103,3,'31947884',' AZA  EIMY BOYER','SAN JUAN DE LOS MORROS','2025-02-27 23:20:32','2025-02-27 23:20:32',NULL),
(104,3,'21605756','FRANK KARL CAMARIPANO SOJO','SAN JUAN DE LOS MORROS','2025-02-27 23:20:32','2025-02-27 23:20:32',NULL),
(105,3,'31372986','  MONICA ALEJANDRA LOPEZ ANDRADES ','SAN JUAN DE LOS MORROS','2025-02-27 23:20:32','2025-02-27 23:20:32',NULL),
(106,3,'25304867','jesus manuel muñoz poller','SAN JUAN DE LOS MORROS','2025-02-27 23:20:32','2025-02-27 23:20:32',NULL),
(107,3,'30790198','Yerfran Gabriel Rojas Mireles','SAN JUAN DE LOS MORROS','2025-02-27 23:20:32','2025-02-27 23:20:32',NULL),
(108,3,'29858693','Arilianny Andreina Capote Diaz','SAN JUAN DE LOS MORROS','2025-02-27 23:20:32','2025-02-27 23:20:32',NULL),
(109,3,'30596491','Laura Del Valle Bolivar Labastida','SAN JUAN DE LOS MORROS','2025-02-27 23:20:32','2025-02-27 23:20:32',NULL),
(110,3,'30090880','Luisangeli Alexandra Quintero Colina','SAN JUAN DE LOS MORROS','2025-02-27 23:20:32','2025-02-27 23:20:32',NULL),
(111,3,'27867080','Marianyeli Michel Yusti Luna','SAN JUAN DE LOS MORROS','2025-02-27 23:20:32','2025-02-27 23:20:32',NULL),
(112,3,'31107522','MARIA De Los Angeles ROJAS CASTRO','SAN JUAN DE LOS MORROS','2025-02-27 23:20:32','2025-02-27 23:20:32',NULL),
(113,3,'30577426','Angile Daniela Diaz Ortega','SAN JUAN DE LOS MORROS','2025-02-27 23:20:32','2025-02-27 23:20:32',NULL),
(114,3,'30327733','Ceychin Alexandra Ortiz Nino','SAN JUAN DE LOS MORROS','2025-02-27 23:20:32','2025-02-27 23:20:32',NULL),
(115,3,'28700391','Vanessa Andrea Duerto Merida','SAN JUAN DE LOS MORROS','2025-02-27 23:20:32','2025-02-27 23:20:32',NULL),
(116,3,'30626793','Yorgeth Yeimaru Mendoza Carpio','SAN JUAN DE LOS MORROS','2025-02-27 23:20:32','2025-02-27 23:20:32',NULL),
(117,3,'30611854','Gabriela  del Valle  Peralta Machado','SAN JUAN DE LOS MORROS','2025-02-27 23:20:32','2025-02-27 23:20:32',NULL),
(118,3,'29940734','Luis Enrique  Vargas Quiaragua','SAN JUAN DE LOS MORROS','2025-02-27 23:20:32','2025-02-27 23:20:32',NULL),
(119,3,'25887668','GALLANGO  JESSIKA CARBONELL','SAN JUAN DE LOS MORROS','2025-02-27 23:20:32','2025-02-27 23:20:32',NULL),
(120,3,'13356458','Pedro Emilio Cruze Ledezma','SAN JUAN DE LOS MORROS','2025-02-27 23:20:32','2025-02-27 23:20:32',NULL),
(121,3,'30663481','Jaday Victoria Restrepo Rodriguez','SAN JUAN DE LOS MORROS','2025-02-27 23:20:32','2025-02-27 23:20:32',NULL),
(122,3,'25583551','Shakira Loredana Del Mar Diaz Perez','SAN JUAN DE LOS MORROS','2025-02-27 23:20:32','2025-02-27 23:20:32',NULL),
(123,3,'30039944','ALEXANDER JOSE CASTILLO BOLIVAR','SAN JUAN DE LOS MORROS','2025-02-27 23:20:32','2025-02-27 23:20:32',NULL),
(124,3,'30325820','Laura Isabel Romero Pacheco','SAN JUAN DE LOS MORROS','2025-02-27 23:20:32','2025-02-27 23:20:32',NULL),
(125,3,'28373142','Samantha  Paola  Aimonetti Rodriguez ','SAN JUAN DE LOS MORROS','2025-02-27 23:20:32','2025-02-27 23:20:32',NULL),
(126,3,'30463750','Francisco Javier Paz Castillo Hernandez','SAN JUAN DE LOS MORROS','2025-02-27 23:20:32','2025-02-27 23:20:32',NULL),
(127,3,'29941211',' PEREZ  OSKEIBER RAMIREZ','SAN JUAN DE LOS MORROS','2025-02-27 23:20:32','2025-02-27 23:20:32',NULL),
(128,3,'31473389','Alejandra Mercedes Cordero Pire','SAN JUAN DE LOS MORROS','2025-02-27 23:20:32','2025-02-27 23:20:32',NULL),
(129,3,'30790172','Luisangela  Espinoza Ramos','SAN JUAN DE LOS MORROS','2025-02-27 23:20:32','2025-02-27 23:20:32',NULL),
(130,3,'26026619','Nahomi Sinai Barrios Gregory','SAN JUAN DE LOS MORROS','2025-02-27 23:20:32','2025-02-27 23:20:32',NULL),
(131,3,'30811134','Yalimar Gabriela castrillo Hernandez','SAN JUAN DE LOS MORROS','2025-02-27 23:20:32','2025-02-27 23:20:32',NULL),
(132,3,'22540619','ANAIS MARIEL FERNANDEZ BOLIVAR','SAN JUAN DE LOS MORROS','2025-02-27 23:20:32','2025-02-27 23:20:32',NULL),
(133,3,'30493243','Osmaira Berenice Contreras Mendoza','SAN JUAN DE LOS MORROS','2025-02-27 23:20:32','2025-02-27 23:20:32',NULL),
(134,3,'31488086','  CATHERINE ANDREA RINCON ZAMBRANO ','SAN JUAN DE LOS MORROS','2025-02-27 23:20:32','2025-02-27 23:20:32',NULL),
(135,3,'32283709','  MILAGROS NEYMAR ANTONELLA LORCA REVERON ','SAN JUAN DE LOS MORROS','2025-02-27 23:20:32','2025-02-27 23:20:32',NULL),
(136,3,'31424124','Carlos David Herrera Montes  De Oca','SAN JUAN DE LOS MORROS','2025-02-27 23:20:32','2025-02-27 23:20:32',NULL),
(137,3,'30276233','Mariangeles  Adriana Acosta  Torres','SAN JUAN DE LOS MORROS','2025-02-27 23:20:32','2025-02-27 23:20:32',NULL),
(138,3,'28514014','Jose  Alejandro Gomez Rodriguez','SAN JUAN DE LOS MORROS','2025-02-27 23:20:32','2025-02-27 23:20:32',NULL),
(139,3,'28317079','Beiker Alexander  Rojas  Sobrino','SAN JUAN DE LOS MORROS','2025-02-27 23:20:32','2025-02-27 23:20:32',NULL),
(140,3,'28432812','Aura Lya Mabel Nazareth Nieves Uztariz','SAN JUAN DE LOS MORROS','2025-02-27 23:20:32','2025-02-27 23:20:32',NULL),
(141,3,'29940150','Karla Margarita Dunkley Garcia','SAN JUAN DE LOS MORROS','2025-02-27 23:20:32','2025-02-27 23:20:32',NULL),
(142,3,'31197486','Ariagna Zoemar Del Rosario Vargas Tirado','SAN JUAN DE LOS MORROS','2025-02-27 23:20:32','2025-02-27 23:20:32',NULL),
(143,3,'29728152','Luis Andres Henriquez Flores','SAN JUAN DE LOS MORROS','2025-02-27 23:20:32','2025-02-27 23:20:32',NULL),
(144,3,'30327082','Maria Jose Gonzalez Silva','SAN JUAN DE LOS MORROS','2025-02-27 23:20:32','2025-02-27 23:20:32',NULL),
(145,3,'30276229','Leonela Alexandra Romero delgado','SAN JUAN DE LOS MORROS','2025-02-27 23:20:32','2025-02-27 23:20:32',NULL),
(146,3,'30914933','Julio Gabriel Abrahan Diaz Pinto','SAN JUAN DE LOS MORROS','2025-02-27 23:20:32','2025-02-27 23:20:32',NULL),
(147,3,'30212030','Leslyth Valentina Hernandez Berroteran','SAN JUAN DE LOS MORROS','2025-02-27 23:20:32','2025-02-27 23:20:32',NULL),
(148,3,'30160248','Jhoselyne Andreina Perez Gomez','SAN JUAN DE LOS MORROS','2025-02-27 23:20:32','2025-02-27 23:20:32',NULL),
(149,3,'30961412','Anthonella  Aguilar Linares','SAN JUAN DE LOS MORROS','2025-02-27 23:20:32','2025-02-27 23:20:32',NULL),
(150,3,'30789974','ANYELISMAR STHEFANY ESPARRAGOZA BLANCO','SAN JUAN DE LOS MORROS','2025-02-27 23:20:32','2025-02-27 23:20:32',NULL),
(151,3,'30406958','Samara Betzabeth Fuentes Guash','SAN JUAN DE LOS MORROS','2025-02-27 23:20:32','2025-02-27 23:20:32',NULL),
(152,3,'31376157','Francheska Josefina Orlando Contreras','SAN JUAN DE LOS MORROS','2025-02-27 23:20:32','2025-02-27 23:20:32',NULL),
(153,3,'26345310','Ronaldo  Jesús  Rojas  Carrasquel ','SAN JUAN DE LOS MORROS','2025-02-27 23:20:32','2025-02-27 23:20:32',NULL),
(154,3,'27882931','Mery Del valle CHANGIR CASTAÑEDA','SAN JUAN DE LOS MORROS','2025-02-27 23:20:32','2025-02-27 23:20:32',NULL),
(155,3,'28408244','Stephanny Valeric De La Coromoto Garcia Agraz','SAN JUAN DE LOS MORROS','2025-02-27 23:20:32','2025-02-27 23:20:32',NULL),
(156,3,'31910457','  FRANCO ANTONIO VIVAS CARDENAS ','SAN JUAN DE LOS MORROS','2025-02-27 23:20:32','2025-02-27 23:20:32',NULL),
(157,3,'30463223','Andres Alejandro Sanchez Melo','SAN JUAN DE LOS MORROS','2025-02-27 23:20:32','2025-02-27 23:20:32',NULL),
(158,3,'30703943','Santiago De Jesus Colmenares Risso','SAN JUAN DE LOS MORROS','2025-02-27 23:20:32','2025-02-27 23:20:32',NULL),
(159,3,'32645008','  GLARIANNY CAROLINA PEREZ RODRIGUEZ ','SAN JUAN DE LOS MORROS','2025-02-27 23:20:32','2025-02-27 23:20:32',NULL),
(160,3,'30914826','LOREYVIC VALENTINA ORTEGA BRACHO','SAN JUAN DE LOS MORROS','2025-02-27 23:20:32','2025-02-27 23:20:32',NULL),
(161,3,'29781033','Julmary Cunatay Gamarra Borrego','SAN JUAN DE LOS MORROS','2025-02-27 23:20:32','2025-02-27 23:20:32',NULL),
(162,3,'31001103','Carlos Moises Padilla Gamez','SAN JUAN DE LOS MORROS','2025-02-27 23:20:32','2025-02-27 23:20:32',NULL),
(163,3,'29858644','Gabriela Alexandra Martinez Bolivar','SAN JUAN DE LOS MORROS','2025-02-27 23:20:32','2025-02-27 23:20:32',NULL),
(164,3,'29781118','Anthonella Betania Rivera Moreno','SAN JUAN DE LOS MORROS','2025-02-27 23:20:32','2025-02-27 23:20:32',NULL),
(165,3,'30840519','Jesus Alfonso Maluenga ','SAN JUAN DE LOS MORROS','2025-02-27 23:20:32','2025-02-27 23:20:32',NULL),
(166,3,'31819206','  SINEY SHARAY OCHOA AGRAZ ','SAN JUAN DE LOS MORROS','2025-02-27 23:20:32','2025-02-27 23:20:32',NULL),
(167,3,'31578006','Daniela Nazareth Perez Roman','SAN JUAN DE LOS MORROS','2025-02-27 23:20:32','2025-02-27 23:20:32',NULL),
(168,3,'32261690','Franciss Victoria Sanchez Rodriguez','SAN JUAN DE LOS MORROS','2025-02-27 23:20:32','2025-02-27 23:20:32',NULL),
(169,3,'29940815','Cesar Miguel Rondon Guevara','SAN JUAN DE LOS MORROS','2025-02-27 23:20:32','2025-02-27 23:20:32',NULL),
(170,3,'30626267','Jhonatan Moises Berroteran Chacin','SAN JUAN DE LOS MORROS','2025-02-27 23:20:32','2025-02-27 23:20:32',NULL),
(171,3,'30208057','Ismary Yoselin Mendoza Alvarado','SAN JUAN DE LOS MORROS','2025-02-27 23:20:32','2025-02-27 23:20:32',NULL),
(172,3,'29786835','Dariana Winmar Perozo Aparicio','SAN JUAN DE LOS MORROS','2025-02-27 23:20:32','2025-02-27 23:20:32',NULL),
(173,3,'28360696','Kelvis Rafael Urbaneja Rojas','SAN JUAN DE LOS MORROS','2025-02-27 23:20:32','2025-02-27 23:20:32',NULL),
(174,3,'30626271','Luis Eduardo Velasquez Roman','SAN JUAN DE LOS MORROS','2025-02-27 23:20:32','2025-02-27 23:20:32',NULL),
(175,3,'31108226','Ana Franchesca Peralta Olivero','SAN JUAN DE LOS MORROS','2025-02-27 23:20:32','2025-02-27 23:20:32',NULL),
(176,3,'31576347','YAHIL NUMA VEGAS ROJAS','SAN JUAN DE LOS MORROS','2025-02-27 23:20:32','2025-02-27 23:20:32',NULL),
(177,3,'31317203','FUENTES  EURIMAL MOLINA','SAN JUAN DE LOS MORROS','2025-02-27 23:20:32','2025-02-27 23:20:32',NULL),
(178,3,'30397321','Mariangel Bethania Paez Torres','SAN JUAN DE LOS MORROS','2025-02-27 23:20:32','2025-02-27 23:20:32',NULL),
(179,3,'30644788','ANGELYS YEHILOT BASTOS FRANCO','SAN JUAN DE LOS MORROS','2025-02-27 23:20:32','2025-02-27 23:20:32',NULL),
(180,3,'30961548','Yelmary Del Carmen Gabazutt Paez','SAN JUAN DE LOS MORROS','2025-02-27 23:20:32','2025-02-27 23:20:32',NULL),
(181,3,'30703870','Kenyuri Frequei Carrillo Rodriguez','SAN JUAN DE LOS MORROS','2025-02-27 23:20:32','2025-02-27 23:20:32',NULL),
(182,3,'32243740','  DAXMAR EMILIS GABRIELA MATEOS VALDERRAMA ','SAN JUAN DE LOS MORROS','2025-02-27 23:20:32','2025-02-27 23:20:32',NULL),
(183,3,'31031490','Orlando Rafael Marvez Ortiz','SAN JUAN DE LOS MORROS','2025-02-27 23:20:32','2025-02-27 23:20:32',NULL),
(184,3,'30039705','Miguel Alexander Mejias Molina','SAN JUAN DE LOS MORROS','2025-02-27 23:20:32','2025-02-27 23:20:32',NULL),
(185,3,'30276870','Maria Betania Barletta Ceballos','SAN JUAN DE LOS MORROS','2025-02-27 23:20:32','2025-02-27 23:20:32',NULL),
(186,3,'30703023','Heyllin Stefania Solorzano Salgado','SAN JUAN DE LOS MORROS','2025-02-27 23:20:32','2025-02-27 23:20:32',NULL),
(187,3,'28485002','Karlynés Nakari Serrano Mendoza ','SAN JUAN DE LOS MORROS','2025-02-27 23:20:32','2025-02-27 23:20:32',NULL),
(188,3,'30596612','Luana Emilia Arteaga Naranjo','SAN JUAN DE LOS MORROS','2025-02-27 23:20:32','2025-02-27 23:20:32',NULL),
(189,3,'30063391','Aubrisdays Rosaylis Abreu Hernandez','SAN JUAN DE LOS MORROS','2025-02-27 23:20:32','2025-02-27 23:20:32',NULL),
(190,3,'30543620','Francys Ailyn Padron Marrero','SAN JUAN DE LOS MORROS','2025-02-27 23:20:32','2025-02-27 23:20:32',NULL),
(191,3,'30160447','Orianna Rosalia Del Valle Ruiz Gonzalez','SAN JUAN DE LOS MORROS','2025-02-27 23:20:32','2025-02-27 23:20:32',NULL),
(192,3,'30463777','Wilmar Francheska Vasquez Balza','SAN JUAN DE LOS MORROS','2025-02-27 23:20:32','2025-02-27 23:20:32',NULL),
(193,3,'24347453','Carlos José Jiménez Cordova','SAN JUAN DE LOS MORROS','2025-02-27 23:20:32','2025-02-27 23:20:32',NULL),
(194,3,'30626805','Celimar Carliu Romero Martinez','SAN JUAN DE LOS MORROS','2025-02-27 23:20:32','2025-02-27 23:20:32',NULL),
(195,3,'29858455','Alitza Shaddai Acosta Camero','SAN JUAN DE LOS MORROS','2025-02-27 23:20:32','2025-02-27 23:20:32',NULL),
(196,3,'31023526','ENMANUEL DAVID OVIEDO OTERO','SAN JUAN DE LOS MORROS','2025-02-27 23:20:32','2025-02-27 23:20:32',NULL),
(197,3,'30463841','Angelina  Barrera Carpio','SAN JUAN DE LOS MORROS','2025-02-27 23:20:32','2025-02-27 23:20:32',NULL),
(198,3,'30160394','Sory Gabriela De Jesus Manriquez Segovia','SAN JUAN DE LOS MORROS','2025-02-27 23:20:32','2025-02-27 23:20:32',NULL),
(199,3,'30144752','Alondra Deyanira Rojas Penaloza','SAN JUAN DE LOS MORROS','2025-02-27 23:20:32','2025-02-27 23:20:32',NULL),
(200,3,'29940697','Karla Carolina Leal Venero','SAN JUAN DE LOS MORROS','2025-02-27 23:20:32','2025-02-27 23:20:32',NULL),
(201,3,'29781523','Genesis del Carmen Perez Blanco','SAN JUAN DE LOS MORROS','2025-02-27 23:20:32','2025-02-27 23:20:32',NULL),
(202,3,'6522559','JHONNY RAMÓN GOTA MONCADA','SAN JUAN DE LOS MORROS','2025-02-27 23:20:32','2025-02-27 23:20:32',NULL),
(203,3,'27712276','Auris Viviana Perez Hernandez','SAN JUAN DE LOS MORROS','2025-02-27 23:20:32','2025-02-27 23:20:32',NULL),
(204,3,'30626459','Maria Esther Ortiz Paez','SAN JUAN DE LOS MORROS','2025-02-27 23:20:32','2025-02-27 23:20:32',NULL),
(205,3,'31427525','Julio Cesar Rivero Aguilar','SAN JUAN DE LOS MORROS','2025-02-27 23:20:32','2025-02-27 23:20:32',NULL),
(206,3,'31576307','  GUSTAVO ANDRES RAMIREZ ROJAS ','SAN JUAN DE LOS MORROS','2025-02-27 23:20:32','2025-02-27 23:20:32',NULL),
(207,3,'31473399','SAMUEL ALEXANDER DIAZ SANCHEZ','SAN JUAN DE LOS MORROS','2025-02-27 23:20:32','2025-02-27 23:20:32',NULL),
(208,3,'30659065','Raul Armando Sumoza Torrealba','SAN JUAN DE LOS MORROS','2025-02-27 23:20:32','2025-02-27 23:20:32',NULL),
(209,3,'31182920','Jose Ignacio Viana Pelaez','SAN JUAN DE LOS MORROS','2025-02-27 23:20:32','2025-02-27 23:20:32',NULL),
(210,3,'28482598','Pablo Rafael Machado Escala','SAN JUAN DE LOS MORROS','2025-02-27 23:20:32','2025-02-27 23:20:32',NULL),
(211,3,'30961745','  EDUARD ALEJANDRO CABALLERO MEDINA ','SAN JUAN DE LOS MORROS','2025-02-27 23:20:32','2025-02-27 23:20:32',NULL),
(212,3,'30463825','Alejandra Nacari Torrealba  Salazar','SAN JUAN DE LOS MORROS','2025-02-27 23:20:32','2025-02-27 23:20:32',NULL),
(213,3,'31711629','Esmeralda Paulimar Machado escala','SAN JUAN DE LOS MORROS','2025-02-27 23:20:32','2025-02-27 23:20:32',NULL),
(214,3,'29781488','Yargelis Raymar Guerra Olivero','SAN JUAN DE LOS MORROS','2025-02-27 23:20:32','2025-02-27 23:20:32',NULL),
(215,3,'28671205','Ronald Esteban Malave Ermerida','SAN JUAN DE LOS MORROS','2025-02-27 23:20:32','2025-02-27 23:20:32',NULL),
(216,3,'30406054','Angelo Gabriel Tavera Franco','SAN JUAN DE LOS MORROS','2025-02-27 23:20:32','2025-02-27 23:20:32',NULL),
(217,3,'30445762','Edeyali Michel Puerta Herrera','SAN JUAN DE LOS MORROS','2025-02-27 23:20:32','2025-02-27 23:20:32',NULL),
(218,3,'29671578','Mariana Alejandra Guerra Romero','SAN JUAN DE LOS MORROS','2025-02-27 23:20:32','2025-02-27 23:20:32',NULL),
(219,3,'30406164','Marialejandra Nazareth Alcantara Flores','SAN JUAN DE LOS MORROS','2025-02-27 23:20:32','2025-02-27 23:20:32',NULL),
(220,3,'26026407','Edith Gabriela Blanco ','SAN JUAN DE LOS MORROS','2025-02-27 23:20:32','2025-02-27 23:20:32',NULL),
(221,3,'28482774','Edwin Eduardo Flores Flores','SAN JUAN DE LOS MORROS','2025-02-27 23:20:32','2025-02-27 23:20:32',NULL),
(222,3,'32016715','  ROXANA DORELYS ZERPA MONTEZUMA ','SAN JUAN DE LOS MORROS','2025-02-27 23:20:32','2025-02-27 23:20:32',NULL),
(223,3,'31095882','Rashell Damaris Nava Garboza','SAN JUAN DE LOS MORROS','2025-02-27 23:20:32','2025-02-27 23:20:32',NULL),
(224,3,'27842206','Daniel Eloy Rosa Avila','SAN JUAN DE LOS MORROS','2025-02-27 23:20:32','2025-02-27 23:20:32',NULL),
(225,3,'31382479','  MARIA ALEJANDRA OSORIO MANRIQUE ','SAN JUAN DE LOS MORROS','2025-02-27 23:20:32','2025-02-27 23:20:32',NULL),
(226,3,'31055708','ADRIANA LEILANITH VALENZUELA CORDERO','SAN JUAN DE LOS MORROS','2025-02-27 23:20:32','2025-02-27 23:20:32',NULL),
(227,3,'30082373','Jaemsly Lorett Soto Salazar','SAN JUAN DE LOS MORROS','2025-02-27 23:20:32','2025-02-27 23:20:32',NULL),
(228,3,'30961174','Mariangel Stefanny Torrealba Gonzalez','SAN JUAN DE LOS MORROS','2025-02-27 23:20:32','2025-02-27 23:20:32',NULL),
(229,3,'31743103','  LEONARDO JOSE RAFAEL ALBORNOZ AVENDANO ','SAN JUAN DE LOS MORROS','2025-02-27 23:20:32','2025-02-27 23:20:32',NULL),
(230,3,'31197829','Denesis del Carmen Suarez Camacho','SAN JUAN DE LOS MORROS','2025-02-27 23:20:32','2025-02-27 23:20:32',NULL),
(231,3,'32429051','Maria Valentina Rico Torrealba','SAN JUAN DE LOS MORROS','2025-02-27 23:20:32','2025-02-27 23:20:32',NULL),
(232,3,'30160430','Armelys Alejandra Fuenmayor Jimenez','SAN JUAN DE LOS MORROS','2025-02-27 23:20:32','2025-02-27 23:20:32',NULL),
(233,3,'19221246','  Duarte Martinez Jhonathan Jose ','SAN JUAN DE LOS MORROS','2025-02-27 23:20:32','2025-02-27 23:20:32',NULL),
(234,3,'30334924','Kleudymar Daniela Ovalles Gimenez','SAN JUAN DE LOS MORROS','2025-02-27 23:20:32','2025-02-27 23:20:32',NULL),
(235,3,'29628967','Luisangel Jose Giron Contreras','SAN JUAN DE LOS MORROS','2025-02-27 23:20:32','2025-02-27 23:20:32',NULL),
(236,3,'30780715','Airin Alejandra Utrera Gonzalez','SAN JUAN DE LOS MORROS','2025-02-27 23:20:32','2025-02-27 23:20:32',NULL),
(237,3,'28408855','Enyerber Jose Perdomo Luna','SAN JUAN DE LOS MORROS','2025-02-27 23:20:32','2025-02-27 23:20:32',NULL),
(238,3,'31957628','BENARES  JORGE MACHADO','SAN JUAN DE LOS MORROS','2025-02-27 23:20:32','2025-02-27 23:20:32',NULL),
(239,3,'31834804','Branyelis Nazareth Munoz Melo','SAN JUAN DE LOS MORROS','2025-02-27 23:20:32','2025-02-27 23:20:32',NULL),
(240,3,'30873899','Beleana Emperatriz Sanchez Brizuela','SAN JUAN DE LOS MORROS','2025-02-27 23:20:32','2025-02-27 23:20:32',NULL),
(241,3,'31069912','GENESIS NORGELY MACHADO MORALES','SAN JUAN DE LOS MORROS','2025-02-27 23:20:33','2025-02-27 23:20:33',NULL),
(242,3,'30499769','Maria fernanda Sterling Sandoval','SAN JUAN DE LOS MORROS','2025-02-27 23:20:33','2025-02-27 23:20:33',NULL),
(243,3,'30667487','Barbara Gabriela Camara Ramirez','SAN JUAN DE LOS MORROS','2025-02-27 23:20:33','2025-02-27 23:20:33',NULL),
(244,3,'31374812','Veronica Cristina Munoz Brizuela','SAN JUAN DE LOS MORROS','2025-02-27 23:20:33','2025-02-27 23:20:33',NULL),
(245,3,'31811765','Darliuska Abigail Romero Delgado','SAN JUAN DE LOS MORROS','2025-02-27 23:20:33','2025-02-27 23:20:33',NULL),
(246,3,'31031704','Isaias Antonio Guerrero Meza','SAN JUAN DE LOS MORROS','2025-02-27 23:20:33','2025-02-27 23:20:33',NULL),
(247,3,'27695756','Jonathan Jesus Rengifo Cordova','SAN JUAN DE LOS MORROS','2025-02-27 23:20:33','2025-02-27 23:20:33',NULL),
(248,3,'30477029','Emivel Nazareth Perez Herrera','SAN JUAN DE LOS MORROS','2025-02-27 23:20:33','2025-02-27 23:20:33',NULL),
(249,3,'31980887','  MARIA CARLOTA OROPEZA HERNANDEZ ','SAN JUAN DE LOS MORROS','2025-02-27 23:20:33','2025-02-27 23:20:33',NULL),
(250,3,'30874264','Maria Gabriela Avila Garcia','SAN JUAN DE LOS MORROS','2025-02-27 23:20:33','2025-02-27 23:20:33',NULL),
(251,3,'22341605','  GENESIS MILEIDY HERNANDEZ IBARRA ','SAN JUAN DE LOS MORROS','2025-02-27 23:20:33','2025-02-27 23:20:33',NULL),
(252,3,'28176910','Rosilvialimilcar Francis del Valle Parababi Valor','SAN JUAN DE LOS MORROS','2025-02-27 23:20:33','2025-02-27 23:20:33',NULL),
(253,3,'27842926','Ashley Dahil La Torre Ortega','SAN JUAN DE LOS MORROS','2025-02-27 23:20:33','2025-02-27 23:20:33',NULL),
(254,3,'30325534','NILION NOEL GONZALEZ HURTADO','SAN JUAN DE LOS MORROS','2025-02-27 23:20:33','2025-02-27 23:20:33',NULL),
(255,3,'19207182','Jesminel Amarilys Ponce Pulido','SAN JUAN DE LOS MORROS','2025-02-27 23:20:33','2025-02-27 23:20:33',NULL),
(256,3,'32541714','YENNY VICTORIA HERRERA MANRIQUE','SAN JUAN DE LOS MORROS','2025-02-27 23:20:33','2025-02-27 23:20:33',NULL),
(257,3,'30197118','Roger Abraham Polly Rojas','SAN JUAN DE LOS MORROS','2025-02-27 23:20:33','2025-02-27 23:20:33',NULL),
(258,3,'28174031','Rosmar  Yohalin  Rocha  Bolivar ','SAN JUAN DE LOS MORROS','2025-02-27 23:20:33','2025-02-27 23:20:33',NULL),
(259,3,'31815314','  SHANTAL ANYELINA CARRERO MORENO ','SAN JUAN DE LOS MORROS','2025-02-27 23:20:33','2025-02-27 23:20:33',NULL),
(260,3,'30626845','Emeibyss Daniela Aguiar Ceballos','SAN JUAN DE LOS MORROS','2025-02-27 23:20:33','2025-02-27 23:20:33',NULL),
(261,3,'29981389','Jorge  Javier  Garcia  Aparicio ','SAN JUAN DE LOS MORROS','2025-02-27 23:20:33','2025-02-27 23:20:33',NULL),
(262,3,'30081708','Velys Lorena Gonzalez Castillo','SAN JUAN DE LOS MORROS','2025-02-27 23:20:33','2025-02-27 23:20:33',NULL),
(263,3,'30961332','Jesus Alejandro Tirado Jimenez','SAN JUAN DE LOS MORROS','2025-02-27 23:20:33','2025-02-27 23:20:33',NULL),
(264,3,'30137791','Yenifer Leivimar Higuera Aguilar','SAN JUAN DE LOS MORROS','2025-02-27 23:20:33','2025-02-27 23:20:33',NULL),
(265,3,'31780837','Genesis Getzareth Vilchez Torreyes','SAN JUAN DE LOS MORROS','2025-02-27 23:20:33','2025-02-27 23:20:33',NULL),
(266,3,'30869687','Legnairogerg Zafiro Perez Moreno','SAN JUAN DE LOS MORROS','2025-02-27 23:20:33','2025-02-27 23:20:33',NULL),
(267,3,'24975884','   CARLOS ORTA','SAN JUAN DE LOS MORROS','2025-02-27 23:20:33','2025-02-27 23:20:33',NULL),
(268,3,'29982922','Adinay Alexandra Utrera Ojeda','SAN JUAN DE LOS MORROS','2025-02-27 23:20:33','2025-02-27 23:20:33',NULL),
(269,3,'30923787','Lixner Guillelix Oropeza Perez','SAN JUAN DE LOS MORROS','2025-02-27 23:20:33','2025-02-27 23:20:33',NULL),
(270,3,'29900477','Barbara Eduarlis Jimenez Sanchez','SAN JUAN DE LOS MORROS','2025-02-27 23:20:33','2025-02-27 23:20:33',NULL),
(271,3,'28433860','David Antonio Salinas Marquez','SAN JUAN DE LOS MORROS','2025-02-27 23:20:33','2025-02-27 23:20:33',NULL),
(272,3,'31787089','  JOSE DAVID TORREALBA ALVAREZ ','SAN JUAN DE LOS MORROS','2025-02-27 23:20:33','2025-02-27 23:20:33',NULL),
(273,3,'30160306','Maria Eugenia Perez Cabrera','SAN JUAN DE LOS MORROS','2025-02-27 23:20:33','2025-02-27 23:20:33',NULL),
(274,3,'28176155','Ana GabriEla Bolivar CambEro','SAN JUAN DE LOS MORROS','2025-02-27 23:20:33','2025-02-27 23:20:33',NULL),
(275,3,'30161249','Enmary Mariela Yovera Quintero','SAN JUAN DE LOS MORROS','2025-02-27 23:20:33','2025-02-27 23:20:33',NULL),
(276,3,'30612191','Ariadne Valeria Molina Caballero','SAN JUAN DE LOS MORROS','2025-02-27 23:20:33','2025-02-27 23:20:33',NULL),
(277,3,'27665907','Alejandra Yubreiseth Jimenez Amaro','SAN JUAN DE LOS MORROS','2025-02-27 23:20:33','2025-02-27 23:20:33',NULL),
(278,3,'32060327','Luisa Jorgelis Montezuma Palacios','SAN JUAN DE LOS MORROS','2025-02-27 23:20:33','2025-02-27 23:20:33',NULL),
(279,3,'30500739','Gleisybeth Marialber Hernandez Garcia','SAN JUAN DE LOS MORROS','2025-02-27 23:20:33','2025-02-27 23:20:33',NULL),
(280,3,'30005031','Osgly Nohemy Hurtado Calero','SAN JUAN DE LOS MORROS','2025-02-27 23:20:33','2025-02-27 23:20:33',NULL),
(281,3,'32001276','  ANGELES PAOLA AGUILAR LOPEZ ','SAN JUAN DE LOS MORROS','2025-02-27 23:20:33','2025-02-27 23:20:33',NULL),
(282,3,'31376493','Flavia Barbarella Pabon Serrano','SAN JUAN DE LOS MORROS','2025-02-27 23:20:33','2025-02-27 23:20:33',NULL),
(283,3,'25014556','Donnys Jesus Magallanes Hernandez','SAN JUAN DE LOS MORROS','2025-02-27 23:20:33','2025-02-27 23:20:33',NULL),
(284,3,'31644390','  JOSNAIVIR DUBRASSNELLY MENDOZA ARROYO ','SAN JUAN DE LOS MORROS','2025-02-27 23:20:33','2025-02-27 23:20:33',NULL),
(285,3,'29671959','Luis  Efrain Moreno Romero','SAN JUAN DE LOS MORROS','2025-02-27 23:20:33','2025-02-27 23:20:33',NULL),
(286,3,'30577864','Chris Lizdayalis Neil Gonzalez Diaz','SAN JUAN DE LOS MORROS','2025-02-27 23:20:33','2025-02-27 23:20:33',NULL),
(287,3,'30845607','Jean Pierre Mujica Kmair','SAN JUAN DE LOS MORROS','2025-02-27 23:20:33','2025-02-27 23:20:33',NULL),
(288,3,'29858352','Elimar Daniela Chacon Gabazut','SAN JUAN DE LOS MORROS','2025-02-27 23:20:33','2025-02-27 23:20:33',NULL),
(289,3,'31031317','Edglisamar Anais Sanchez Lugo','SAN JUAN DE LOS MORROS','2025-02-27 23:20:33','2025-02-27 23:20:33',NULL),
(290,3,'30459129','Gaudy Nicole Antiberos Gonzalez','SAN JUAN DE LOS MORROS','2025-02-27 23:20:33','2025-02-27 23:20:33',NULL),
(291,3,'28408372','Valeria Katherine Centeno Bolivar','SAN JUAN DE LOS MORROS','2025-02-27 23:20:33','2025-02-27 23:20:33',NULL),
(292,3,'31523550','Carla Paola Avila Delgado','SAN JUAN DE LOS MORROS','2025-02-27 23:20:33','2025-02-27 23:20:33',NULL),
(293,3,'30596661','Angelicar Gabriela Perez Villamediana','SAN JUAN DE LOS MORROS','2025-02-27 23:20:33','2025-02-27 23:20:33',NULL),
(294,3,'29692262','Stephanie Alexandra del Carmen Rangel Moreno','SAN JUAN DE LOS MORROS','2025-02-27 23:20:33','2025-02-27 23:20:33',NULL),
(295,3,'27262437','Genesis Sinai Arteaga Mota','SAN JUAN DE LOS MORROS','2025-02-27 23:20:33','2025-02-27 23:20:33',NULL),
(296,3,'31031301','Barbara Gabriela Rengifo Martinez','SAN JUAN DE LOS MORROS','2025-02-27 23:20:33','2025-02-27 23:20:33',NULL),
(297,3,'30043591','Nikole  Melo Pena','SAN JUAN DE LOS MORROS','2025-02-27 23:20:33','2025-02-27 23:20:33',NULL),
(298,3,'30626942','Yorgelys Nazareth Farias Leal','SAN JUAN DE LOS MORROS','2025-02-27 23:20:33','2025-02-27 23:20:33',NULL),
(299,3,'30669572','Carlos Eduardo Perez Lievano','SAN JUAN DE LOS MORROS','2025-02-27 23:20:33','2025-02-27 23:20:33',NULL),
(300,3,'31536934','Nikol Oskariangey Vazquez Delgado','SAN JUAN DE LOS MORROS','2025-02-27 23:20:33','2025-02-27 23:20:33',NULL),
(301,3,'31195709','Juliana Valentina Herrera Magdaleno','SAN JUAN DE LOS MORROS','2025-02-27 23:20:33','2025-02-27 23:20:33',NULL),
(302,3,'30005942','Adrian Antonio Grazzina Gavidia','SAN JUAN DE LOS MORROS','2025-02-27 23:20:33','2025-02-27 23:20:33',NULL),
(303,3,'20838411','VAZQUEZ  EDWIN RIVASS','SAN JUAN DE LOS MORROS','2025-02-27 23:20:33','2025-02-27 23:20:33',NULL),
(304,3,'30039788','Yoherina Galilea  Sanchez Leon ','SAN JUAN DE LOS MORROS','2025-02-27 23:20:33','2025-02-27 23:20:33',NULL),
(305,3,'30627543','Thomas Abraham celis  Marrero','SAN JUAN DE LOS MORROS','2025-02-27 23:20:33','2025-02-27 23:20:33',NULL),
(306,3,'31261940','CLEYBER ALEXANDER DAVID CHIRINOS','SAN JUAN DE LOS MORROS','2025-02-27 23:20:33','2025-02-27 23:20:33',NULL),
(307,3,'30148115','Luis  Manuel Rodriguez Camargo','SAN JUAN DE LOS MORROS','2025-02-27 23:20:33','2025-02-27 23:20:33',NULL),
(308,3,'31107341','  CAMILA VALENTINA DEL VALLE DIAZ MIRANDA ','SAN JUAN DE LOS MORROS','2025-02-27 23:20:33','2025-02-27 23:20:33',NULL),
(309,3,'29801608','  ANDRES MIGUEL MARTINEZ DURAN ','SAN JUAN DE LOS MORROS','2025-02-27 23:20:33','2025-02-27 23:20:33',NULL),
(310,3,'30463553','Duhanyer Adonay Pinero Chaparro','SAN JUAN DE LOS MORROS','2025-02-27 23:20:33','2025-02-27 23:20:33',NULL),
(311,3,'29728180','Haiver Unai Geraldo Malave','SAN JUAN DE LOS MORROS','2025-02-27 23:20:33','2025-02-27 23:20:33',NULL),
(312,3,'32097279','  ALONDRA ESTEFANIA PACHECO CASTILLO ','SAN JUAN DE LOS MORROS','2025-02-27 23:20:33','2025-02-27 23:20:33',NULL),
(313,3,'29527982','Alejandra Fabiola Guzman Blanco','SAN JUAN DE LOS MORROS','2025-02-27 23:20:33','2025-02-27 23:20:33',NULL),
(314,3,'31227053','Angel Gabriel Alvarado Cobo','SAN JUAN DE LOS MORROS','2025-02-27 23:20:33','2025-02-27 23:20:33',NULL),
(315,3,'31231162','Stephanny Mariam Castro Rodriguez','SAN JUAN DE LOS MORROS','2025-02-27 23:20:33','2025-02-27 23:20:33',NULL),
(316,3,'26791461','Leydi Victoria Aponte ','SAN JUAN DE LOS MORROS','2025-02-27 23:20:33','2025-02-27 23:20:33',NULL),
(317,3,'28176680','Maria Cecilia Boyer Marquez','SAN JUAN DE LOS MORROS','2025-02-27 23:20:33','2025-02-27 23:20:33',NULL),
(318,3,'27238565','Samuel Jesus Izquier Reina','SAN JUAN DE LOS MORROS','2025-02-27 23:20:33','2025-02-27 23:20:33',NULL),
(319,3,'30923712','  VERONICA YENIRETH RIOS ALARCON ','SAN JUAN DE LOS MORROS','2025-02-27 23:20:33','2025-02-27 23:20:33',NULL),
(320,3,'28012990','Daniel Andres Guevara Infante','SAN JUAN DE LOS MORROS','2025-02-27 23:20:33','2025-02-27 23:20:33',NULL),
(321,3,'15710757','Amarillys Esperanza Gerder Montoya','SAN JUAN DE LOS MORROS','2025-02-27 23:20:33','2025-02-27 23:20:33',NULL),
(322,3,'31719351','CANDY GELINOTTE AZOCAR SALAZAR','SAN JUAN DE LOS MORROS','2025-02-27 23:20:33','2025-02-27 23:20:33',NULL),
(323,3,'28408014','CARLIS MARIAN HERNANDEZ HERNANDEZ','SAN JUAN DE LOS MORROS','2025-02-27 23:20:33','2025-02-27 23:20:33',NULL),
(324,3,'25887793','Sandy Eliels Carvajal Jimenez','SAN JUAN DE LOS MORROS','2025-02-27 23:20:33','2025-02-27 23:20:33',NULL),
(325,3,'30012386','Maria Gabriela Del valle Corvo Petit','SAN JUAN DE LOS MORROS','2025-02-27 23:20:33','2025-02-27 23:20:33',NULL),
(326,3,'27895147','Yirling Maria Fernandez Ruiz','SAN JUAN DE LOS MORROS','2025-02-27 23:20:33','2025-02-27 23:20:33',NULL),
(327,3,'30972482','Antony  Jose  Rivas  Garcia ','SAN JUAN DE LOS MORROS','2025-02-27 23:20:33','2025-02-27 23:20:33',NULL),
(328,3,'31261789','Davihanna Yalimar Carrero Hernandez','SAN JUAN DE LOS MORROS','2025-02-27 23:20:33','2025-02-27 23:20:33',NULL),
(329,3,'29981942','CARLOS ALEXIS MACHADO CASTRO','SAN JUAN DE LOS MORROS','2025-02-27 23:20:33','2025-02-27 23:20:33',NULL),
(330,3,'29596371','Daniela Alejandra Valbuena Mendoza','SAN JUAN DE LOS MORROS','2025-02-27 23:20:33','2025-02-27 23:20:33',NULL),
(331,3,'28706691','BETSABE EUDIMAR BANDRES FERNANDEZ','SAN JUAN DE LOS MORROS','2025-02-27 23:20:33','2025-02-27 23:20:33',NULL),
(332,3,'31576294','  CAMILA VALENTINA PARRA GALAZZO ','SAN JUAN DE LOS MORROS','2025-02-27 23:20:33','2025-02-27 23:20:33',NULL),
(333,3,'27167195','CESAR  ALEJANDRO  ODUBER  PEREZ ','SAN JUAN DE LOS MORROS','2025-02-27 23:20:33','2025-02-27 23:20:33',NULL),
(334,3,'31536796','Geraldine Andrea Ojeda Vera','SAN JUAN DE LOS MORROS','2025-02-27 23:20:33','2025-02-27 23:20:33',NULL),
(335,3,'24388332','Jose Gregorio Tovar Molina','SAN JUAN DE LOS MORROS','2025-02-27 23:20:33','2025-02-27 23:20:33',NULL),
(336,3,'30428617','Cesar Augusto Crespo Arredondo','SAN JUAN DE LOS MORROS','2025-02-27 23:20:33','2025-02-27 23:20:33',NULL),
(337,3,'27238477','Jesus Enrique Saldeno Barrios','SAN JUAN DE LOS MORROS','2025-02-27 23:20:33','2025-02-27 23:20:33',NULL),
(338,3,'31789889','Franyerlis Maireth Sosa Fajardo','SAN JUAN DE LOS MORROS','2025-02-27 23:20:33','2025-02-27 23:20:33',NULL),
(339,3,'27842374','Anthony  Villegas ','SAN JUAN DE LOS MORROS','2025-02-27 23:20:33','2025-02-27 23:20:33',NULL),
(340,3,'31627658','Britney Maye Carpio Armas','SAN JUAN DE LOS MORROS','2025-02-27 23:20:33','2025-02-27 23:20:33',NULL),
(341,3,'30351156','GONZALEZ  VANESSA BASTIDAS','SAN JUAN DE LOS MORROS','2025-02-27 23:20:33','2025-02-27 23:20:33',NULL),
(342,3,'30627025','Emilio Jose Espinoza Hurtado','SAN JUAN DE LOS MORROS','2025-02-27 23:20:33','2025-02-27 23:20:33',NULL),
(343,3,'30577956','Johana Sarahy Sheuat Nieves','SAN JUAN DE LOS MORROS','2025-02-27 23:20:33','2025-02-27 23:20:33',NULL),
(344,3,'28373100','Jesus Javier Castro Alvarado','SAN JUAN DE LOS MORROS','2025-02-27 23:20:33','2025-02-27 23:20:33',NULL),
(345,3,'31547095','Deysi Yulaida Requena Ortiz','SAN JUAN DE LOS MORROS','2025-02-27 23:20:33','2025-02-27 23:20:33',NULL),
(346,3,'30186023','Wilmer Alberto Matos Tovar','SAN JUAN DE LOS MORROS','2025-02-27 23:20:33','2025-02-27 23:20:33',NULL),
(347,3,'27863747','Yulisa  Delgado ','SAN JUAN DE LOS MORROS','2025-02-27 23:20:33','2025-02-27 23:20:33',NULL),
(348,3,'22496299','Danner Aaron Sandoval Arreaza','SAN JUAN DE LOS MORROS','2025-02-27 23:20:33','2025-02-27 23:20:33',NULL),
(349,3,'29941014','Cesar Elias Torres Torrealba ','SAN JUAN DE LOS MORROS','2025-02-27 23:20:33','2025-02-27 23:20:33',NULL),
(350,3,'30326191','EUKARIS NICOLE ROMERO ARMAS','SAN JUAN DE LOS MORROS','2025-02-27 23:20:33','2025-02-27 23:20:33',NULL),
(351,3,'30043206','Angimar Nailet Leon Gerdes','SAN JUAN DE LOS MORROS','2025-02-27 23:20:33','2025-02-27 23:20:33',NULL),
(352,3,'29943168','Waleska Nicolle Matos Garboza','SAN JUAN DE LOS MORROS','2025-02-27 23:20:33','2025-02-27 23:20:33',NULL),
(353,3,'27665952','Jesus Javier Ainagas Ferrer','SAN JUAN DE LOS MORROS','2025-02-27 23:20:33','2025-02-27 23:20:33',NULL),
(354,3,'30406777','Gabriel Jose Santiago Requena','SAN JUAN DE LOS MORROS','2025-02-27 23:20:33','2025-02-27 23:20:33',NULL),
(355,3,'29960321','Yosgaiver  Huerfano Mojica','SAN JUAN DE LOS MORROS','2025-02-27 23:20:33','2025-02-27 23:20:33',NULL),
(356,3,'29671367','NUÑEZ  JOHANA RODRIGUEZ','SAN JUAN DE LOS MORROS','2025-02-27 23:20:33','2025-02-27 23:20:33',NULL),
(357,3,'30804044','Victor Hugo Meza Ynfante','SAN JUAN DE LOS MORROS','2025-02-27 23:20:33','2025-02-27 23:20:33',NULL),
(358,3,'26973472','RUTHMARY  Hoelzl Colmenarez','SAN JUAN DE LOS MORROS','2025-02-27 23:20:33','2025-02-27 23:20:33',NULL),
(359,3,'30039998','Barbara Isbeanys del Valle Ramirez Lopez','SAN JUAN DE LOS MORROS','2025-02-27 23:20:33','2025-02-27 23:20:33',NULL),
(360,3,'31079022','  JOHALIMAR NICOLS TOVAR ILARRAZA ','SAN JUAN DE LOS MORROS','2025-02-27 23:20:33','2025-02-27 23:20:33',NULL),
(361,3,'28236765','Robinson Jose Rodriguez Rodriguez','SAN JUAN DE LOS MORROS','2025-02-27 23:20:33','2025-02-27 23:20:33',NULL),
(362,3,'30102799','Merielkys Janeth Estefania Sirit Mata','SAN JUAN DE LOS MORROS','2025-02-27 23:20:33','2025-02-27 23:20:33',NULL),
(363,3,'27238419','María Alejandra Jiménez Rodríguez','SAN JUAN DE LOS MORROS','2025-02-27 23:20:33','2025-02-27 23:20:33',NULL),
(364,3,'30627068','Luisana Veronica Alvarez Ruiz','SAN JUAN DE LOS MORROS','2025-02-27 23:20:33','2025-02-27 23:20:33',NULL),
(365,3,'28482615','Emilia Isabel Bolivar Sanchez','SAN JUAN DE LOS MORROS','2025-02-27 23:20:33','2025-02-27 23:20:33',NULL),
(366,3,'7294608','Hermes Alfredo Paradas Asuaje','SAN JUAN DE LOS MORROS','2025-02-27 23:20:33','2025-02-27 23:20:33',NULL),
(367,3,'30463773','Rafael Enrique Perdomo Quintana','SAN JUAN DE LOS MORROS','2025-02-27 23:20:33','2025-02-27 23:20:33',NULL),
(368,3,'30463980','Jennifer Dayana Lado Agraz','SAN JUAN DE LOS MORROS','2025-02-27 23:20:33','2025-02-27 23:20:33',NULL),
(369,3,'31227175','Willians eduardo Vera Armario','SAN JUAN DE LOS MORROS','2025-02-27 23:20:33','2025-02-27 23:20:33',NULL),
(370,3,'31415217','Angiemar Corina Flores Matute','SAN JUAN DE LOS MORROS','2025-02-27 23:20:33','2025-02-27 23:20:33',NULL),
(371,3,'29940862','Jandreimar Zaida Gonzalez Bolivar','SAN JUAN DE LOS MORROS','2025-02-27 23:20:33','2025-02-27 23:20:33',NULL),
(372,3,'27369503','Wilirsa Joelimar Dobles Rodiguez','SAN JUAN DE LOS MORROS','2025-02-27 23:20:33','2025-02-27 23:20:33',NULL),
(373,3,'28225389','Maria Jose Arevalo Gonzalez','SAN JUAN DE LOS MORROS','2025-02-27 23:20:33','2025-02-27 23:20:33',NULL),
(374,3,'29943264','Oriana Del Carmen Ortega Mujica','SAN JUAN DE LOS MORROS','2025-02-27 23:20:33','2025-02-27 23:20:33',NULL),
(375,3,'30980442','RAMIREZ  LEOMAR ALCALA','SAN JUAN DE LOS MORROS','2025-02-27 23:20:33','2025-02-27 23:20:33',NULL),
(376,3,'30499058','Yonanggie  Suleidys  Jimenez  Montana ','SAN JUAN DE LOS MORROS','2025-02-27 23:20:33','2025-02-27 23:20:33',NULL),
(377,3,'31055965','Euclimar  Cabrera Vasquez','SAN JUAN DE LOS MORROS','2025-02-27 23:20:33','2025-02-27 23:20:33',NULL),
(378,3,'30273639','Katherin Sarahi Hernandez Perez','SAN JUAN DE LOS MORROS','2025-02-27 23:20:33','2025-02-27 23:20:33',NULL),
(379,3,'30971824','AGUIRRE Gabriel RANDAL CASSIANI','SAN JUAN DE LOS MORROS','2025-02-27 23:20:33','2025-02-27 23:20:33',NULL),
(380,3,'31321273','  JAVIER ARMANDO ARREAZA SOTILLO ','SAN JUAN DE LOS MORROS','2025-02-27 23:20:33','2025-02-27 23:20:33',NULL),
(381,3,'30873894','Reimar Obdulia Machuca Lugo','SAN JUAN DE LOS MORROS','2025-02-27 23:20:33','2025-02-27 23:20:33',NULL),
(382,3,'27611692','Daniela Alejandra Alvarado Rodriguez','SAN JUAN DE LOS MORROS','2025-02-27 23:20:33','2025-02-27 23:20:33',NULL),
(383,3,'31261633','Yaivana Jose Sanes Rojas','SAN JUAN DE LOS MORROS','2025-02-27 23:20:33','2025-02-27 23:20:33',NULL),
(384,3,'31304328','Solangel Gisel Rodriguez Silva','SAN JUAN DE LOS MORROS','2025-02-27 23:20:33','2025-02-27 23:20:33',NULL),
(385,3,'31834970','Alejandro Jose Cabriles Hernandez','SAN JUAN DE LOS MORROS','2025-02-27 23:20:33','2025-02-27 23:20:33',NULL),
(386,3,'30007241','Johambert Jose Perez Abreu','SAN JUAN DE LOS MORROS','2025-02-27 23:20:33','2025-02-27 23:20:33',NULL),
(387,3,'30874484','Luisa Fernanda Martinez Gonzalez','SAN JUAN DE LOS MORROS','2025-02-27 23:20:33','2025-02-27 23:20:33',NULL),
(388,3,'30046198','Jesmar Yeanmari Alfonzo Duran','SAN JUAN DE LOS MORROS','2025-02-27 23:20:33','2025-02-27 23:20:33',NULL),
(389,3,'26345620','ILICH WLADIMIR CARRILLO MORALES','SAN JUAN DE LOS MORROS','2025-02-27 23:20:33','2025-02-27 23:20:33',NULL),
(390,3,'28733195','Daymar Alejandra Seco Mendez','SAN JUAN DE LOS MORROS','2025-02-27 23:20:33','2025-02-27 23:20:33',NULL),
(391,3,'30406020','Luis  Angel Cedeno Penaloza','SAN JUAN DE LOS MORROS','2025-02-27 23:20:33','2025-02-27 23:20:33',NULL),
(392,3,'31294241','Valeria Valentina Blancos Bello','SAN JUAN DE LOS MORROS','2025-02-27 23:20:33','2025-02-27 23:20:33',NULL),
(393,3,'30874117','Armando Jose Quiroz Ojeda','SAN JUAN DE LOS MORROS','2025-02-27 23:20:33','2025-02-27 23:20:33',NULL),
(394,3,'31617796','Grecia Yackelin Cordero Salazar','SAN JUAN DE LOS MORROS','2025-02-27 23:20:33','2025-02-27 23:20:33',NULL),
(395,3,'29671926','Marialejandra Coromoto Garcia Hernandez','SAN JUAN DE LOS MORROS','2025-02-27 23:20:33','2025-02-27 23:20:33',NULL),
(396,3,'28482125','Fergy Alejandra Fajardo Gomez','SAN JUAN DE LOS MORROS','2025-02-27 23:20:33','2025-02-27 23:20:33',NULL),
(397,3,'30790227','Skarleidys Jhanaiklys Delgado Roman','SAN JUAN DE LOS MORROS','2025-02-27 23:20:33','2025-02-27 23:20:33',NULL),
(398,3,'28585702','Grecia Gabriela Castrillo Puerta','SAN JUAN DE LOS MORROS','2025-02-27 23:20:33','2025-02-27 23:20:33',NULL),
(399,3,'27695834','Oriana  Garcia ','SAN JUAN DE LOS MORROS','2025-02-27 23:20:33','2025-02-27 23:20:33',NULL),
(400,3,'31601444','Keily Cirmari Marin Martinez','SAN JUAN DE LOS MORROS','2025-02-27 23:20:33','2025-02-27 23:20:33',NULL),
(401,3,'9889844','Robert Emilio Hernández Ramírez','SAN JUAN DE LOS MORROS','2025-02-27 23:20:33','2025-02-27 23:20:33',NULL),
(402,3,'28622337','Barbara Valentina Vargas Pacheco','SAN JUAN DE LOS MORROS','2025-02-27 23:20:33','2025-02-27 23:20:33',NULL),
(403,3,'28558071','Maria Carolina Marrero Acevedo','SAN JUAN DE LOS MORROS','2025-02-27 23:20:33','2025-02-27 23:20:33',NULL),
(404,3,'31665007','Josue Rafael Mora Zapata','SAN JUAN DE LOS MORROS','2025-02-27 23:20:33','2025-02-27 23:20:33',NULL),
(405,3,'29781031','SAMUEL   ALARCON ','SAN JUAN DE LOS MORROS','2025-02-27 23:20:33','2025-02-27 23:20:33',NULL),
(406,3,'30276744','Gabriela Alexandra Gutierrez Pinto','SAN JUAN DE LOS MORROS','2025-02-27 23:20:33','2025-02-27 23:20:33',NULL),
(407,3,'28482729','Arianny Josefina Torrealba  Lopez','SAN JUAN DE LOS MORROS','2025-02-27 23:20:33','2025-02-27 23:20:33',NULL),
(408,3,'27790106','Scarlet Julyany Sanchez Martinez','SAN JUAN DE LOS MORROS','2025-02-27 23:20:33','2025-02-27 23:20:33',NULL),
(409,3,'31855532','Andrea  Hernandez Castillo','SAN JUAN DE LOS MORROS','2025-02-27 23:20:33','2025-02-27 23:20:33',NULL),
(410,3,'28482517','Hare Leomar Cova Perez','SAN JUAN DE LOS MORROS','2025-02-27 23:20:33','2025-02-27 23:20:33',NULL),
(411,3,'31743189','Sundhory Skarlet Garcia Morales','SAN JUAN DE LOS MORROS','2025-02-27 23:20:33','2025-02-27 23:20:33',NULL),
(412,3,'30276676','Ana Veronica Gutierrez Gonzalez','SAN JUAN DE LOS MORROS','2025-02-27 23:20:33','2025-02-27 23:20:33',NULL),
(413,3,'30276588','Karlianny Daniela Rodriguez Sanabria','SAN JUAN DE LOS MORROS','2025-02-27 23:20:33','2025-02-27 23:20:33',NULL),
(414,3,'27568245','Frank Andres Cabello Noguera','SAN JUAN DE LOS MORROS','2025-02-27 23:20:33','2025-02-27 23:20:33',NULL),
(415,3,'31877427','SANCHEZ  KENIA PEREZ','SAN JUAN DE LOS MORROS','2025-02-27 23:20:33','2025-02-27 23:20:33',NULL),
(416,3,'30463461','Keancy Suail Barrios Benavides','SAN JUAN DE LOS MORROS','2025-02-27 23:20:33','2025-02-27 23:20:33',NULL),
(417,3,'26179291','Fernando Antonio Gomez Ramirez','SAN JUAN DE LOS MORROS','2025-02-27 23:20:33','2025-02-27 23:20:33',NULL),
(418,3,'28408850','Nancy Nazareth Sojo Pineda','SAN JUAN DE LOS MORROS','2025-02-27 23:20:33','2025-02-27 23:20:33',NULL),
(419,3,'30961632','Merlys Arianna Vasquez Rodriguez','SAN JUAN DE LOS MORROS','2025-02-27 23:20:33','2025-02-27 23:20:33',NULL),
(420,3,'30658910','Rafmary Celimar Martinez Ascanio','SAN JUAN DE LOS MORROS','2025-02-27 23:20:33','2025-02-27 23:20:33',NULL),
(421,3,'27631114','Edinner De Jesus Peña Lara','SAN JUAN DE LOS MORROS','2025-02-27 23:20:33','2025-02-27 23:20:33',NULL),
(422,3,'29858900','Luisana Vanessa Villarroel Rivero','SAN JUAN DE LOS MORROS','2025-02-27 23:20:33','2025-02-27 23:20:33',NULL),
(423,3,'28023622','Ezequiel Alejandro Munoz Jimenez','SAN JUAN DE LOS MORROS','2025-02-27 23:20:33','2025-02-27 23:20:33',NULL),
(424,3,'27721570','Neimaury Dionnedy Torreyes  Farfan','SAN JUAN DE LOS MORROS','2025-02-27 23:20:33','2025-02-27 23:20:33',NULL),
(425,3,'31415533','Estrella Isabel Cermeño Perez','SAN JUAN DE LOS MORROS','2025-02-27 23:20:33','2025-02-27 23:20:33',NULL),
(426,3,'31197516','Angelimar Betania Rangel Abreu','SAN JUAN DE LOS MORROS','2025-02-27 23:20:33','2025-02-27 23:20:33',NULL),
(427,3,'31092357','Wilfer Alexander Montero Mejias','SAN JUAN DE LOS MORROS','2025-02-27 23:20:33','2025-02-27 23:20:33',NULL),
(428,3,'30327135','Arianna Sheiri Mirabal Mendez','SAN JUAN DE LOS MORROS','2025-02-27 23:20:33','2025-02-27 23:20:33',NULL),
(429,3,'31519078','Stephanie Carolina Muñoz Flores','SAN JUAN DE LOS MORROS','2025-02-27 23:20:33','2025-02-27 23:20:33',NULL),
(430,3,'30452568','Leandro Moisés Dos Santos Linares','SAN JUAN DE LOS MORROS','2025-02-27 23:20:33','2025-02-27 23:20:33',NULL),
(431,3,'26973752','BÁRBARA ANDREA LONDOÑO NIETO','SAN JUAN DE LOS MORROS','2025-02-27 23:20:33','2025-02-27 23:20:33',NULL),
(432,3,'30005399','Maria de los Angeles Paez  Arguello','SAN JUAN DE LOS MORROS','2025-02-27 23:20:33','2025-02-27 23:20:33',NULL),
(433,4,'26848826','JESUS ARTURO CASTILLO SILVA','SAN JUAN DE LOS MORROS','2025-02-27 23:20:33','2025-02-27 23:20:33',NULL),
(434,4,'31742771','Mora Lopez Avril Alejandra','SAN JUAN DE LOS MORROS','2025-02-27 23:20:33','2025-02-27 23:20:33',NULL),
(435,4,'11685389','PEREZ  MIRIAMS INFANTE','SAN JUAN DE LOS MORROS','2025-02-27 23:20:33','2025-02-27 23:20:33',NULL),
(436,4,'30326243','MARIA  HIDALGO ','SAN JUAN DE LOS MORROS','2025-02-27 23:20:33','2025-02-27 23:20:33',NULL),
(437,4,'31073596','Alejandro Jose Moreno Gomez','SAN JUAN DE LOS MORROS','2025-02-27 23:20:33','2025-02-27 23:20:33',NULL),
(438,4,'30626219','Jose David Pena Santaella','SAN JUAN DE LOS MORROS','2025-02-27 23:20:33','2025-02-27 23:20:33',NULL),
(439,4,'31743122','  NELIUBETH JOSE DE LOS ANGELES SIVIRA MORENO ','SAN JUAN DE LOS MORROS','2025-02-27 23:20:33','2025-02-27 23:20:33',NULL),
(440,4,'30663391','Yubrascky Manueidy villegas Diaz','SAN JUAN DE LOS MORROS','2025-02-27 23:20:33','2025-02-27 23:20:33',NULL),
(441,4,'29858569','QUIÑONEZ  JOSE DIAZ','SAN JUAN DE LOS MORROS','2025-02-27 23:20:33','2025-02-27 23:20:33',NULL),
(442,4,'30703280','JOSE RAFAEL SANTANA PULIDO','SAN JUAN DE LOS MORROS','2025-02-27 23:20:33','2025-02-27 23:20:33',NULL),
(443,4,'27665296','KRISJAHIR  AULAR ','SAN JUAN DE LOS MORROS','2025-02-27 23:20:33','2025-02-27 23:20:33',NULL),
(444,4,'30138366','ANDREA VALENTINA DIAZ MARCANO','SAN JUAN DE LOS MORROS','2025-02-27 23:20:33','2025-02-27 23:20:33',NULL),
(445,4,'31081152','Alex Manuel Carrillo Perez','SAN JUAN DE LOS MORROS','2025-02-27 23:20:33','2025-02-27 23:20:33',NULL),
(446,4,'26026970','Jenfrer Joaquin Brito Hernandez','SAN JUAN DE LOS MORROS','2025-02-27 23:20:33','2025-02-27 23:20:33',NULL),
(447,4,'19208758','MILAGROS ISABEL SANYOUR PIC','SAN JUAN DE LOS MORROS','2025-02-27 23:20:33','2025-02-27 23:20:33',NULL),
(448,4,'32312660','Lisloiris Gleidismar Hurtado Lopez','SAN JUAN DE LOS MORROS','2025-02-27 23:20:33','2025-02-27 23:20:33',NULL),
(449,4,'30703515','REINA  RAFAEL ','SAN JUAN DE LOS MORROS','2025-02-27 23:20:33','2025-02-27 23:20:33',NULL),
(450,4,'30626356','Alexander De Jesus Pacheco Lopez','SAN JUAN DE LOS MORROS','2025-02-27 23:20:33','2025-02-27 23:20:33',NULL),
(451,4,'28012130','Yugleisis Nahomi Farias Camejo','SAN JUAN DE LOS MORROS','2025-02-27 23:20:33','2025-02-27 23:20:33',NULL),
(452,4,'27631186','GARCIA PINATE CARLOS DANIEL','SAN JUAN DE LOS MORROS','2025-02-27 23:20:33','2025-02-27 23:20:33',NULL),
(453,4,'31766557','  WILYANIT ZORAIDA ALVAREZ ARTAHONA ','SAN JUAN DE LOS MORROS','2025-02-27 23:20:33','2025-02-27 23:20:33',NULL),
(454,4,'30336216','Jose Orlando Barreno Muñoz','SAN JUAN DE LOS MORROS','2025-02-27 23:20:33','2025-02-27 23:20:33',NULL),
(455,4,'26973053','Noryali Yhoysmar Aranguren Algueira','SAN JUAN DE LOS MORROS','2025-02-27 23:20:33','2025-02-27 23:20:33',NULL),
(456,4,'31197718','Arelys De Jesus Flores Parra','SAN JUAN DE LOS MORROS','2025-02-27 23:20:33','2025-02-27 23:20:33',NULL),
(457,4,'25573048','yaritza Magaly Garcia Gelvez','SAN JUAN DE LOS MORROS','2025-02-27 23:20:33','2025-02-27 23:20:33',NULL),
(458,4,'32654724','Samuel Yovanny Duarte Aquije','SAN JUAN DE LOS MORROS','2025-02-27 23:20:33','2025-02-27 23:20:33',NULL),
(459,4,'31197815','Ines Maria de los Angeles Jimenez Zerpa','SAN JUAN DE LOS MORROS','2025-02-27 23:20:33','2025-02-27 23:20:33',NULL),
(460,4,'30467883','Reinaldo Jose Gomez Hidalgo','SAN JUAN DE LOS MORROS','2025-02-27 23:20:33','2025-02-27 23:20:33',NULL),
(461,4,'31742855','Laureola De los Angeles Jimenez Aular','SAN JUAN DE LOS MORROS','2025-02-27 23:20:33','2025-02-27 23:20:33',NULL),
(462,4,'31744950','Gabriel Jose Mosqueda Morales','SAN JUAN DE LOS MORROS','2025-02-27 23:20:33','2025-02-27 23:20:33',NULL),
(463,4,'31473296','MARIA  PAEZ ','SAN JUAN DE LOS MORROS','2025-02-27 23:20:33','2025-02-27 23:20:33',NULL),
(464,4,'21336671','MARIA MARGARITA RAMIREZ MORENO','SAN JUAN DE LOS MORROS','2025-02-27 23:20:33','2025-02-27 23:20:33',NULL),
(465,4,'16523701','Gleiser Hernan Colmenares Machado','SAN JUAN DE LOS MORROS','2025-02-27 23:20:33','2025-02-27 23:20:33',NULL),
(466,4,'30482854','Nickole Pierinna Moreno Bruzual','SAN JUAN DE LOS MORROS','2025-02-27 23:20:33','2025-02-27 23:20:33',NULL),
(467,4,'25067548','LEON  FRANLIANA GONZALEZ','SAN JUAN DE LOS MORROS','2025-02-27 23:20:33','2025-02-27 23:20:33',NULL),
(468,4,'29858627','YUVEIZY ORIANNY FLORES MORENO','SAN JUAN DE LOS MORROS','2025-02-27 23:20:33','2025-02-27 23:20:33',NULL),
(469,4,'31265948','Kimberly Yulianni Viera Pinero','SAN JUAN DE LOS MORROS','2025-02-27 23:20:33','2025-02-27 23:20:33',NULL),
(470,4,'12756105','MEDINA  YAMILE VIVAS','SAN JUAN DE LOS MORROS','2025-02-27 23:20:33','2025-02-27 23:20:33',NULL),
(471,4,'32168044','Melo Velasquez Yonaiker Rafael','SAN JUAN DE LOS MORROS','2025-02-27 23:20:33','2025-02-27 23:20:33',NULL),
(472,4,'31711496','   VALERI YURIALBERT COLINA LARA  ','SAN JUAN DE LOS MORROS','2025-02-27 23:20:33','2025-02-27 23:20:33',NULL),
(473,4,'31317130','Francheska Liliana Cabrera Gomez','SAN JUAN DE LOS MORROS','2025-02-27 23:20:33','2025-02-27 23:20:33',NULL),
(474,4,'31742862','STEFANY DEL Valle LOSADA OSORIO','SAN JUAN DE LOS MORROS','2025-02-27 23:20:33','2025-02-27 23:20:33',NULL),
(475,4,'31107674','ELISABET NOELY HERNANDEZ APONTE','SAN JUAN DE LOS MORROS','2025-02-27 23:20:33','2025-02-27 23:20:33',NULL),
(476,4,'30961855','Valery Lisgreth De Jose Nieves Rangel','SAN JUAN DE LOS MORROS','2025-02-27 23:20:33','2025-02-27 23:20:33',NULL),
(477,4,'30961771','Errico Andres Sanchez Siano','SAN JUAN DE LOS MORROS','2025-02-27 23:20:33','2025-02-27 23:20:33',NULL),
(478,4,'32900746','  NOLBEIKER ALEXANDER MACHADO ALVAREZ ','SAN JUAN DE LOS MORROS','2025-02-27 23:20:33','2025-02-27 23:20:33',NULL),
(479,4,'31107548','HECTOR JOSE NAVAS CAMPOS','SAN JUAN DE LOS MORROS','2025-02-27 23:20:33','2025-02-27 23:20:33',NULL),
(480,4,'20392937','Neibi Yackeline Hernandez Cuberos','SAN JUAN DE LOS MORROS','2025-02-27 23:20:33','2025-02-27 23:20:33',NULL),
(481,4,'26681748','Ezequiel De Jesus Suarez Flores','SAN JUAN DE LOS MORROS','2025-02-27 23:20:33','2025-02-27 23:20:33',NULL),
(482,4,'27171525','DA SILVA  ALBERT MELENDEZ','SAN JUAN DE LOS MORROS','2025-02-27 23:20:33','2025-02-27 23:20:33',NULL),
(483,4,'32335688','JACKLEIDI OREANA RAMIREZ MARTINEZ','SAN JUAN DE LOS MORROS','2025-02-27 23:20:33','2025-02-27 23:20:33',NULL),
(484,4,'31261838','JESUS THOMAS CORRALES INFANTE','SAN JUAN DE LOS MORROS','2025-02-27 23:20:33','2025-02-27 23:20:33',NULL),
(485,4,'28176437','Jose Ernesto Aponte Hernandez','SAN JUAN DE LOS MORROS','2025-02-27 23:20:33','2025-02-27 23:20:33',NULL),
(486,4,'28544294','Ambar Rubi Jimenez Vieira','SAN JUAN DE LOS MORROS','2025-02-27 23:20:33','2025-02-27 23:20:33',NULL),
(487,4,'18067068','  JHOLLY DE LAS MERCEDES BOLIVAR FERNANDEZ ','SAN JUAN DE LOS MORROS','2025-02-27 23:20:33','2025-02-27 23:20:33',NULL),
(488,4,'30923605','Yasmin Del Valle Belisario Flores','SAN JUAN DE LOS MORROS','2025-02-27 23:20:33','2025-02-27 23:20:33',NULL),
(489,4,'28383765','SARAI DE JESUS VIANA NAVAS','SAN JUAN DE LOS MORROS','2025-02-27 23:20:33','2025-02-27 23:20:33',NULL),
(490,4,'30873969','Ladera escalante Tamara Alexandra','SAN JUAN DE LOS MORROS','2025-02-27 23:20:33','2025-02-27 23:20:33',NULL),
(491,4,'23663831','Roneysi Johana Morales Salazar','SAN JUAN DE LOS MORROS','2025-02-27 23:20:33','2025-02-27 23:20:33',NULL),
(492,5,'30091087',' LARREAL  ANGELES OSORIO','SAN JUAN DE LOS MORROS','2025-02-27 23:20:33','2025-02-27 23:20:33',NULL),
(493,5,'31284137','  MARIA PAULA PLAZAS RIVERO ','SAN JUAN DE LOS MORROS','2025-02-27 23:20:33','2025-02-27 23:20:33',NULL),
(494,6,'30923907','  DAVID MOISES CABALLERO PRADO ','SAN JUAN DE LOS MORROS','2025-02-27 23:20:33','2025-02-27 23:20:33',NULL),
(495,6,'30669116','YIRANDOA DARIANA  CANNATA DELGADO ','SAN JUAN DE LOS MORROS','2025-02-27 23:20:33','2025-02-27 23:20:33',NULL),
(496,6,'28289436','Adrian Josue Canache Itriago','SAN JUAN DE LOS MORROS','2025-02-27 23:20:33','2025-02-27 23:20:33',NULL),
(497,6,'30351433','RIBEIRO  JUAN REBEIRO','SAN JUAN DE LOS MORROS','2025-02-27 23:20:33','2025-02-27 23:20:33',NULL),
(498,6,'30212054','Ricardo Jose Palma Nunez','SAN JUAN DE LOS MORROS','2025-02-27 23:20:33','2025-02-27 23:20:33',NULL),
(499,6,'28050714','   FRANGISNEY GILBELIS MORGADO MENDEZ','SAN JUAN DE LOS MORROS','2025-02-27 23:20:33','2025-02-27 23:20:33',NULL),
(500,6,'30547341','Adrian Andres Peralta Linares','SAN JUAN DE LOS MORROS','2025-02-27 23:20:33','2025-02-27 23:20:33',NULL),
(501,6,'30160638','MORFFE  JAIKO PACHECO','SAN JUAN DE LOS MORROS','2025-02-27 23:20:33','2025-02-27 23:20:33',NULL),
(502,6,'31182671','  ANGELIKA PIÑA','SAN JUAN DE LOS MORROS','2025-02-27 23:20:33','2025-02-27 23:20:33',NULL),
(503,6,'29671049','LACOUR  JOSE CALDERON','SAN JUAN DE LOS MORROS','2025-02-27 23:20:33','2025-02-27 23:20:33',NULL),
(504,6,'17353906','Karina Nobrelis  Gonzalez Trocel  ','SAN JUAN DE LOS MORROS','2025-02-27 23:20:33','2025-02-27 23:20:33',NULL),
(505,6,'27842457','Alexander  Javier Carpio Marchenes','SAN JUAN DE LOS MORROS','2025-02-27 23:20:33','2025-02-27 23:20:33',NULL),
(506,6,'30703628','Asdrubal Daniel Ferrer Rodriguez','SAN JUAN DE LOS MORROS','2025-02-27 23:20:33','2025-02-27 23:20:33',NULL),
(507,6,'30608449','   MANUEL ALEJANDRO COELHO NEGRIN','SAN JUAN DE LOS MORROS','2025-02-27 23:20:33','2025-02-27 23:20:33',NULL),
(508,6,'30864338',' OROPEZA  MARIA VIERA','SAN JUAN DE LOS MORROS','2025-02-27 23:20:33','2025-02-27 23:20:33',NULL),
(509,6,'20818357',' CARVALLO  WILMAN LOPEZ','SAN JUAN DE LOS MORROS','2025-02-27 23:20:33','2025-02-27 23:20:33',NULL),
(510,6,'23520274','Luis Miguel Silva Manzano','SAN JUAN DE LOS MORROS','2025-02-27 23:20:33','2025-02-27 23:20:33',NULL),
(511,6,'22950711','Marco  Antonio Padrino  Monsalve','SAN JUAN DE LOS MORROS','2025-02-27 23:20:33','2025-02-27 23:20:33',NULL),
(512,6,'30211845','  NICOLAS GABRIEL HINOJOSA PEREZ ','SAN JUAN DE LOS MORROS','2025-02-27 23:20:33','2025-02-27 23:20:33',NULL),
(513,6,'29931025','Rosireth Jose Padrino Garcia','SAN JUAN DE LOS MORROS','2025-02-27 23:20:33','2025-02-27 23:20:33',NULL),
(514,6,'26849834','Bramdon Jesus Breto Gomez','SAN JUAN DE LOS MORROS','2025-02-27 23:20:33','2025-02-27 23:20:33',NULL),
(515,6,'29502651','Angelo Benito Bolivar Chacon','SAN JUAN DE LOS MORROS','2025-02-27 23:20:33','2025-02-27 23:20:33',NULL),
(516,6,'27665049','Yervi Yoel Pinto Requena','SAN JUAN DE LOS MORROS','2025-02-27 23:20:33','2025-02-27 23:20:33',NULL),
(517,6,'27131155','MOISES SAMUEL HENRIQUEZ PADRON','SAN JUAN DE LOS MORROS','2025-02-27 23:20:33','2025-02-27 23:20:33',NULL),
(518,6,'32428323','   Jose Rafael Delgado Marchenes','SAN JUAN DE LOS MORROS','2025-02-27 23:20:33','2025-02-27 23:20:33',NULL),
(519,6,'27895970','Scarleth Celeste Belisario Gonzalez','SAN JUAN DE LOS MORROS','2025-02-27 23:20:33','2025-02-27 23:20:33',NULL),
(520,6,'30039534','Luis  Valentin Perez Arteaga','SAN JUAN DE LOS MORROS','2025-02-27 23:20:33','2025-02-27 23:20:33',NULL),
(521,6,'27238136','MARIA ALEJANDRA CASTAÑO NAPOLES','SAN JUAN DE LOS MORROS','2025-02-27 23:20:33','2025-02-27 23:20:33',NULL),
(522,6,'31906864','  VANESSA MARGARITA MATOS LEON ','SAN JUAN DE LOS MORROS','2025-02-27 23:20:33','2025-02-27 23:20:33',NULL),
(523,6,'30073455','Pedro Ysmael Lopez Toledo','SAN JUAN DE LOS MORROS','2025-02-27 23:20:33','2025-02-27 23:20:33',NULL),
(524,6,'31834987','   Darwin Javier Polanco Carpio','SAN JUAN DE LOS MORROS','2025-02-27 23:20:33','2025-02-27 23:20:33',NULL),
(525,6,'30498990','Jackson Ali  Toledo Velasco','SAN JUAN DE LOS MORROS','2025-02-27 23:20:33','2025-02-27 23:20:33',NULL),
(526,6,'26948940','AMADA HEFZIBA GOMEZ GUTIERREZ','SAN JUAN DE LOS MORROS','2025-02-27 23:20:33','2025-02-27 23:20:33',NULL),
(527,6,'28551745','Josue Rafael Cardenas Gutierrez','SAN JUAN DE LOS MORROS','2025-02-27 23:20:33','2025-02-27 23:20:33',NULL),
(528,6,'30415291','Joseymar De Jesus Araujo Vina','SAN JUAN DE LOS MORROS','2025-02-27 23:20:33','2025-02-27 23:20:33',NULL),
(529,6,'28601491','Juan Carlos Aguilera Nimlin','SAN JUAN DE LOS MORROS','2025-02-27 23:20:33','2025-02-27 23:20:33',NULL),
(530,6,'27238542','   BEANYANI DILIANI ULLOA ONTIBERO','SAN JUAN DE LOS MORROS','2025-02-27 23:20:33','2025-02-27 23:20:33',NULL),
(531,6,'29781325','CORRO  JUAN APONTE','SAN JUAN DE LOS MORROS','2025-02-27 23:20:33','2025-02-27 23:20:33',NULL),
(532,6,'31342307','  ANGEL ALEJANDRO ROJAS TOLEDO ','SAN JUAN DE LOS MORROS','2025-02-27 23:20:33','2025-02-27 23:20:33',NULL),
(533,6,'30961258','Juan  Leswiy Manuel  Gutierrez  Sanchez','SAN JUAN DE LOS MORROS','2025-02-27 23:20:33','2025-02-27 23:20:33',NULL),
(534,6,'26337338','Franklin Isidoro Rodriguez Rodriguez','SAN JUAN DE LOS MORROS','2025-02-27 23:20:33','2025-02-27 23:20:33',NULL),
(535,6,'29873478','Yeferson Leonardo Romero Colmenarez','SAN JUAN DE LOS MORROS','2025-02-27 23:20:33','2025-02-27 23:20:33',NULL),
(536,6,'15710503','YOLEIZA YISMERY TORREALBA REQUENA','SAN JUAN DE LOS MORROS','2025-02-27 23:20:33','2025-02-27 23:20:33',NULL),
(537,6,'29671432','Josue Daniel Jimenez Aponte','SAN JUAN DE LOS MORROS','2025-02-27 23:20:33','2025-02-27 23:20:33',NULL),
(538,6,'22348802','José Rafael Toro Bolaño','SAN JUAN DE LOS MORROS','2025-02-27 23:20:33','2025-02-27 23:20:33',NULL),
(539,6,'33176475','  HENYERLI DALIANA MEDINA GARCIA ','SAN JUAN DE LOS MORROS','2025-02-27 23:20:33','2025-02-27 23:20:33',NULL),
(540,6,'26919610','JOSE EFRAIN TOVAR TOVAR','SAN JUAN DE LOS MORROS','2025-02-27 23:20:33','2025-02-27 23:20:33',NULL),
(541,6,'31116541','  MARIANGEL DEL CARMEN MENDEZ ALVARADO ','SAN JUAN DE LOS MORROS','2025-02-27 23:20:33','2025-02-27 23:20:33',NULL),
(542,6,'30322961',' TORREALBA  BRIAN CARRILLO','SAN JUAN DE LOS MORROS','2025-02-27 23:20:33','2025-02-27 23:20:33',NULL),
(543,6,'27167364','YULEIKA ZARAI GUEVARA PIÑANGO','SAN JUAN DE LOS MORROS','2025-02-27 23:20:33','2025-02-27 23:20:33',NULL),
(544,6,'31922913','   Argernis Jesus Pantoja Segovia','SAN JUAN DE LOS MORROS','2025-02-27 23:20:33','2025-02-27 23:20:33',NULL),
(545,6,'27521298','YEISMAR VIDALIZ ALAES TRUJILLO','SAN JUAN DE LOS MORROS','2025-02-27 23:20:33','2025-02-27 23:20:33',NULL),
(546,6,'28482312','Moises Abrahan Alvarez Acosta','SAN JUAN DE LOS MORROS','2025-02-27 23:20:33','2025-02-27 23:20:33',NULL),
(547,6,'26526129','MARCOS ALEXANDER SALCEDO MACHADO','SAN JUAN DE LOS MORROS','2025-02-27 23:20:33','2025-02-27 23:20:33',NULL),
(548,6,'26919832','Delmari Fabiola Davila Ramirez','SAN JUAN DE LOS MORROS','2025-02-27 23:20:33','2025-02-27 23:20:33',NULL),
(549,6,'31107395','  ROMMEL SANTIAGO RONDON ORELLANA ','SAN JUAN DE LOS MORROS','2025-02-27 23:20:33','2025-02-27 23:20:33',NULL),
(550,6,'31870373','  JEYNIRETH LOURDES BONFANTI BRAVO ','SAN JUAN DE LOS MORROS','2025-02-27 23:20:33','2025-02-27 23:20:33',NULL),
(551,6,'30780744','Nirvana De la caridad Barrios Velasquez','SAN JUAN DE LOS MORROS','2025-02-27 23:20:33','2025-02-27 23:20:33',NULL),
(552,6,'29835163','Gabriel Jose Mirabal Ramirez','SAN JUAN DE LOS MORROS','2025-02-27 23:20:33','2025-02-27 23:20:33',NULL),
(553,6,'31107649','EDER MIGUEL JOSE AGUILERA AQUINO','SAN JUAN DE LOS MORROS','2025-02-27 23:20:33','2025-02-27 23:20:33',NULL),
(554,6,'30790357','   Luiss enrique Moncada Mendoza','SAN JUAN DE LOS MORROS','2025-02-27 23:20:33','2025-02-27 23:20:33',NULL),
(555,6,'20587044','Jesus Antonio Matute Rodriguez','SAN JUAN DE LOS MORROS','2025-02-27 23:20:33','2025-02-27 23:20:33',NULL),
(556,6,'31095797','BOLIVAR  LUIS ALVAREZ','SAN JUAN DE LOS MORROS','2025-02-27 23:20:33','2025-02-27 23:20:33',NULL),
(557,6,'22338548','Deisy Enit Ochoa Rodriguez','SAN JUAN DE LOS MORROS','2025-02-27 23:20:33','2025-02-27 23:20:33',NULL),
(558,6,'25130394','EDWIN JOSE TORRES SALAZAR','SAN JUAN DE LOS MORROS','2025-02-27 23:20:33','2025-02-27 23:20:33',NULL),
(559,6,'27664459','   GUSTAVO SAMUEL HERRERA ORTEGA','SAN JUAN DE LOS MORROS','2025-02-27 23:20:33','2025-02-27 23:20:33',NULL),
(560,6,'25447775','GABRIEL DE JESUS MEDINA SEGOVIA','SAN JUAN DE LOS MORROS','2025-02-27 23:20:33','2025-02-27 23:20:33',NULL),
(561,6,'31583089','  ADRIAN ARTURO ALVARADO MONCADA ','SAN JUAN DE LOS MORROS','2025-02-27 23:20:33','2025-02-27 23:20:33',NULL),
(562,6,'27073116','Oscar Mauricio Guerra Febres','SAN JUAN DE LOS MORROS','2025-02-27 23:20:33','2025-02-27 23:20:33',NULL),
(563,6,'31321257','MENDEZ  ALEX HERNANDEZ','SAN JUAN DE LOS MORROS','2025-02-27 23:20:33','2025-02-27 23:20:33',NULL),
(564,6,'32020343','SANOJA  GABRIEL MARTINEZ','SAN JUAN DE LOS MORROS','2025-02-27 23:20:33','2025-02-27 23:20:33',NULL),
(565,6,'26151437','daniel alberto herrera garzon','SAN JUAN DE LOS MORROS','2025-02-27 23:20:33','2025-02-27 23:20:33',NULL),
(566,6,'11683356','MEDRANO  JOSE VASQUEZ','SAN JUAN DE LOS MORROS','2025-02-27 23:20:33','2025-02-27 23:20:33',NULL),
(567,6,'25920723','Abraham Antonio Robles Tovar','SAN JUAN DE LOS MORROS','2025-02-27 23:20:33','2025-02-27 23:20:33',NULL),
(568,6,'28482831','Bethzibel De Lourdes Siano Ascanio','SAN JUAN DE LOS MORROS','2025-02-27 23:20:33','2025-02-27 23:20:33',NULL),
(569,6,'26026602','Javier Jose Almeida Borrego','SAN JUAN DE LOS MORROS','2025-02-27 23:20:33','2025-02-27 23:20:33',NULL),
(570,6,'20819341','jenfrie javier Zambrano  Cardona','SAN JUAN DE LOS MORROS','2025-02-27 23:20:33','2025-02-27 23:20:33',NULL),
(571,6,'29671802','Daniela Dams Enguaima Hernandez','SAN JUAN DE LOS MORROS','2025-02-27 23:20:33','2025-02-27 23:20:33',NULL),
(572,6,'28051098','Gabriela Saray Artigas Blanco','SAN JUAN DE LOS MORROS','2025-02-27 23:20:33','2025-02-27 23:20:33',NULL),
(573,6,'23663256','Jessica Johana Isaya Morales','SAN JUAN DE LOS MORROS','2025-02-27 23:20:33','2025-02-27 23:20:33',NULL),
(574,6,'31031731','   Juan Jose Gorrin Martinez','SAN JUAN DE LOS MORROS','2025-02-27 23:20:33','2025-02-27 23:20:33',NULL),
(575,6,'26026917','LAIRET DAYANA DIAZ VILLANUEVA','SAN JUAN DE LOS MORROS','2025-02-27 23:20:33','2025-02-27 23:20:33',NULL),
(576,6,'32274659','   Maria Jose Diaz Acosta','SAN JUAN DE LOS MORROS','2025-02-27 23:20:33','2025-02-27 23:20:33',NULL),
(577,6,'19471790','Hugo Juan Velasquez  Bolivar','SAN JUAN DE LOS MORROS','2025-02-27 23:20:33','2025-02-27 23:20:33',NULL),
(578,6,'32165696','   FRANYERMAN PAOLO ALFONSO VELASQUEZ ARAUCO','SAN JUAN DE LOS MORROS','2025-02-27 23:20:33','2025-02-27 23:20:33',NULL),
(579,6,'31743221','  DANIEL JOSE CAMPOS HERNANDEZ ','SAN JUAN DE LOS MORROS','2025-02-27 23:20:33','2025-02-27 23:20:33',NULL),
(580,6,'27665164','ORLYNDI EMILIANA MATUTE URIBE','SAN JUAN DE LOS MORROS','2025-02-27 23:20:33','2025-02-27 23:20:33',NULL),
(581,6,'21602863','Brayan Leandro Aponte Romero','SAN JUAN DE LOS MORROS','2025-02-27 23:20:33','2025-02-27 23:20:33',NULL),
(582,6,'31786949','   Victor Alfredo Gomez Vargas','SAN JUAN DE LOS MORROS','2025-02-27 23:20:33','2025-02-27 23:20:33',NULL),
(583,6,'26428117','   GREISMAR MARIANNY MIRABAL RIVAS  ','SAN JUAN DE LOS MORROS','2025-02-27 23:20:33','2025-02-27 23:20:33',NULL),
(584,6,'30326139','   Milgenis De La Caridad Vasquez Martinez','SAN JUAN DE LOS MORROS','2025-02-27 23:20:33','2025-02-27 23:20:33',NULL),
(585,6,'30148148','Torrealba Utrera Daylevis Mariana','SAN JUAN DE LOS MORROS','2025-02-27 23:20:34','2025-02-27 23:20:34',NULL),
(586,6,'30406725','Felix Eduardo Zerpa Ochoa','SAN JUAN DE LOS MORROS','2025-02-27 23:20:34','2025-02-27 23:20:34',NULL),
(587,6,'31742948','  JUAN SIMON BELISARIO BALZA ','SAN JUAN DE LOS MORROS','2025-02-27 23:20:34','2025-02-27 23:20:34',NULL),
(588,6,'30296523','Gaddyelis Oriana Gonzalez Ayala','SAN JUAN DE LOS MORROS','2025-02-27 23:20:34','2025-02-27 23:20:34',NULL),
(589,6,'20955744','Yhonatan Michelle Villarroel Castro','SAN JUAN DE LOS MORROS','2025-02-27 23:20:34','2025-02-27 23:20:34',NULL),
(590,6,'26973116','JOSE FRANCISCO GALINDO OLIVO','SAN JUAN DE LOS MORROS','2025-02-27 23:20:34','2025-02-27 23:20:34',NULL),
(591,6,'32428590','   Ines Dayliana Ravelo Zambrano','SAN JUAN DE LOS MORROS','2025-02-27 23:20:34','2025-02-27 23:20:34',NULL),
(592,6,'29943437',' VARGAS  MARBELLA PEREZ','SAN JUAN DE LOS MORROS','2025-02-27 23:20:34','2025-02-27 23:20:34',NULL),
(593,6,'31815496','  LUISBELY DAYELI PINO PACHECO ','SAN JUAN DE LOS MORROS','2025-02-27 23:20:34','2025-02-27 23:20:34',NULL),
(594,6,'30725176','Juan Luis Miguel Gerig Borges','SAN JUAN DE LOS MORROS','2025-02-27 23:20:34','2025-02-27 23:20:34',NULL),
(595,6,'28354467','EMILY NAZARETH MELLADO OROPEZA','SAN JUAN DE LOS MORROS','2025-02-27 23:20:34','2025-02-27 23:20:34',NULL),
(596,6,'29866913','Nancy Yenilin Borges Centeno','SAN JUAN DE LOS MORROS','2025-02-27 23:20:34','2025-02-27 23:20:34',NULL),
(597,6,'31080469','   Gabriela Alexandra Bermudez Montevideo','SAN JUAN DE LOS MORROS','2025-02-27 23:20:34','2025-02-27 23:20:34',NULL),
(598,6,'30463105','Yerkys Doribett Chavez Aponte','SAN JUAN DE LOS MORROS','2025-02-27 23:20:34','2025-02-27 23:20:34',NULL),
(599,6,'30016165','TERAN  JOSE CUICA','SAN JUAN DE LOS MORROS','2025-02-27 23:20:34','2025-02-27 23:20:34',NULL),
(600,6,'23423657',' GONZALEZ  JEANFRANCO DI BRINO ','SAN JUAN DE LOS MORROS','2025-02-27 23:20:34','2025-02-27 23:20:34',NULL),
(601,6,'30544611','Gustavo Andres Hernandez Flores','SAN JUAN DE LOS MORROS','2025-02-27 23:20:34','2025-02-27 23:20:34',NULL),
(602,6,'31475979','  FERNANDO ALONSO LARA GUARDADO ','SAN JUAN DE LOS MORROS','2025-02-27 23:20:34','2025-02-27 23:20:34',NULL),
(603,6,'20453667','MEJIAS   STEFHANY MARTINEZ','SAN JUAN DE LOS MORROS','2025-02-27 23:20:34','2025-02-27 23:20:34',NULL),
(604,6,'27262663','ANGEL GABRIEL CORONADO REYES','SAN JUAN DE LOS MORROS','2025-02-27 23:20:34','2025-02-27 23:20:34',NULL),
(605,6,'31480995','   Josue David Capote Perez','SAN JUAN DE LOS MORROS','2025-02-27 23:20:34','2025-02-27 23:20:34',NULL),
(606,6,'33715245','  ARTURO RAFAEL MIRELES ALVAREZ ','SAN JUAN DE LOS MORROS','2025-02-27 23:20:34','2025-02-27 23:20:34',NULL),
(607,6,'27631255','Cristty  Laura Vasquez  Gil','SAN JUAN DE LOS MORROS','2025-02-27 23:20:34','2025-02-27 23:20:34',NULL),
(608,6,'27882864','YORIANNI DESIRE BRAZON ROJAS','SAN JUAN DE LOS MORROS','2025-02-27 23:20:34','2025-02-27 23:20:34',NULL),
(609,6,'31899355','  ALFREDO ANTONIO TOVAR PALACIOS ','SAN JUAN DE LOS MORROS','2025-02-27 23:20:34','2025-02-27 23:20:34',NULL),
(610,6,'19986949','katisla de la caridad Hurtado ramirez','SAN JUAN DE LOS MORROS','2025-02-27 23:20:34','2025-02-27 23:20:34',NULL),
(611,6,'30430967','Gabriel Alexander Calderon Silva','SAN JUAN DE LOS MORROS','2025-02-27 23:20:34','2025-02-27 23:20:34',NULL),
(612,6,'25922533','Liliana Luidina Correa Arévalo','SAN JUAN DE LOS MORROS','2025-02-27 23:20:34','2025-02-27 23:20:34',NULL),
(613,6,'28531277','CELIS  OMAR CORDERO','SAN JUAN DE LOS MORROS','2025-02-27 23:20:34','2025-02-27 23:20:34',NULL),
(614,6,'28482138','Luis Angel Vargas Brea','SAN JUAN DE LOS MORROS','2025-02-27 23:20:34','2025-02-27 23:20:34',NULL),
(615,6,'26973199','MIGUEL ENRIQUE SOLORZANO CABEZA','SAN JUAN DE LOS MORROS','2025-02-27 23:20:34','2025-02-27 23:20:34',NULL),
(616,6,'21581135','Jhonny Rafael Freites Marin','SAN JUAN DE LOS MORROS','2025-02-27 23:20:34','2025-02-27 23:20:34',NULL),
(617,6,'31749249','  ADRIAN ARTURO URBINA RAMIREZ ','SAN JUAN DE LOS MORROS','2025-02-27 23:20:34','2025-02-27 23:20:34',NULL),
(618,6,'29671695','PEDRO RAMON DONAIRE NAVARRETE','SAN JUAN DE LOS MORROS','2025-02-27 23:20:34','2025-02-27 23:20:34',NULL),
(619,6,'29581824','Wraians Alejandro Lopez Penaloza','SAN JUAN DE LOS MORROS','2025-02-27 23:20:34','2025-02-27 23:20:34',NULL),
(620,6,'25887934','JESUS ELIEZER UTRERA PEREZ','SAN JUAN DE LOS MORROS','2025-02-27 23:20:34','2025-02-27 23:20:34',NULL),
(621,6,'30300161','Enderson Enrique Guevara Zamora','SAN JUAN DE LOS MORROS','2025-02-27 23:20:34','2025-02-27 23:20:34',NULL),
(622,6,'18971522','Pedro Alejandro Arevalo Ceballos','SAN JUAN DE LOS MORROS','2025-02-27 23:20:34','2025-02-27 23:20:34',NULL),
(623,6,'29502278','Jesus Eduardo Contreras Reyes','SAN JUAN DE LOS MORROS','2025-02-27 23:20:34','2025-02-27 23:20:34',NULL),
(624,6,'32428315','   Maria De Los Angeles Yusta Rojas','SAN JUAN DE LOS MORROS','2025-02-27 23:20:34','2025-02-27 23:20:34',NULL),
(625,6,'29547420','Diego Jose Cazorla Garces','SAN JUAN DE LOS MORROS','2025-02-27 23:20:34','2025-02-27 23:20:34',NULL),
(626,6,'27882260','Greyervi Ibrain Aponte Vina','SAN JUAN DE LOS MORROS','2025-02-27 23:20:34','2025-02-27 23:20:34',NULL),
(627,6,'30137069','Argenis Adrian Alvarado Moncada','SAN JUAN DE LOS MORROS','2025-02-27 23:20:34','2025-02-27 23:20:34',NULL),
(628,6,'28097911','Gabriela Alejandra Machuca Pineda','SAN JUAN DE LOS MORROS','2025-02-27 23:20:34','2025-02-27 23:20:34',NULL),
(629,6,'31931051','   Gerardo Jose Martinez Delgado','SAN JUAN DE LOS MORROS','2025-02-27 23:20:34','2025-02-27 23:20:34',NULL),
(630,6,'28050045','Sabrina Brayerlyn Escobar Perez','SAN JUAN DE LOS MORROS','2025-02-27 23:20:34','2025-02-27 23:20:34',NULL),
(631,6,'27265263','GELEN AIDELIN MOSQUERA ARGOTE','SAN JUAN DE LOS MORROS','2025-02-27 23:20:34','2025-02-27 23:20:34',NULL),
(632,6,'25583670','JORGE LEONARDO HENRIQUEZ PADRON','SAN JUAN DE LOS MORROS','2025-02-27 23:20:34','2025-02-27 23:20:34',NULL),
(633,6,'31197391','Jhosper Gustavo Figueroa  Flores','SAN JUAN DE LOS MORROS','2025-02-27 23:20:34','2025-02-27 23:20:34',NULL),
(634,6,'30825537','Mariangela Daniela Montanez Acosta','SAN JUAN DE LOS MORROS','2025-02-27 23:20:34','2025-02-27 23:20:34',NULL),
(635,6,'30500684','DANIEL ARMANDO NAVAS RIOS','SAN JUAN DE LOS MORROS','2025-02-27 23:20:34','2025-02-27 23:20:34',NULL),
(636,6,'29958759','Maria  Jose  Bello  Colmenarez ','SAN JUAN DE LOS MORROS','2025-02-27 23:20:34','2025-02-27 23:20:34',NULL),
(637,6,'28514150','Maria Leonarda Perez Camacho','SAN JUAN DE LOS MORROS','2025-02-27 23:20:34','2025-02-27 23:20:34',NULL),
(638,6,'29858914','Wilmer Jose Martinez Rodriguez','SAN JUAN DE LOS MORROS','2025-02-27 23:20:34','2025-02-27 23:20:34',NULL),
(639,6,'31626211','Carlos Javier Saldivia Gonzalez','SAN JUAN DE LOS MORROS','2025-02-27 23:20:34','2025-02-27 23:20:34',NULL),
(640,6,'31576622','INFANTE  MARIANNY LOPEZ','SAN JUAN DE LOS MORROS','2025-02-27 23:20:34','2025-02-27 23:20:34',NULL),
(641,6,'30852225','GRATEROL  CARLOS RIBEIRO','SAN JUAN DE LOS MORROS','2025-02-27 23:20:34','2025-02-27 23:20:34',NULL),
(642,6,'30961491','Marielvis Nazareth Alvarez Hurtado','SAN JUAN DE LOS MORROS','2025-02-27 23:20:34','2025-02-27 23:20:34',NULL),
(643,6,'27238713','ZARIANA MARGARITA CEBALLO PARRA','SAN JUAN DE LOS MORROS','2025-02-27 23:20:34','2025-02-27 23:20:34',NULL),
(644,6,'21025125',' Joel  Leonardo Román  Rivas','SAN JUAN DE LOS MORROS','2025-02-27 23:20:34','2025-02-27 23:20:34',NULL),
(645,6,'30160058','Saul Eduardo Perdomo Aponte','SAN JUAN DE LOS MORROS','2025-02-27 23:20:34','2025-02-27 23:20:34',NULL),
(646,6,'25618651','Abraham De Jesus Fernandez  Romero','SAN JUAN DE LOS MORROS','2025-02-27 23:20:34','2025-02-27 23:20:34',NULL),
(647,6,'30137072','Paola Andreina Jimenez Berroteran','SAN JUAN DE LOS MORROS','2025-02-27 23:20:34','2025-02-27 23:20:34',NULL),
(648,6,'21336675','Jesus Alberto  Pacheco Bastardo ','SAN JUAN DE LOS MORROS','2025-02-27 23:20:34','2025-02-27 23:20:34',NULL),
(649,6,'27941750','   CARLOS ENRIQUE HERNANDEZ RUIZ','SAN JUAN DE LOS MORROS','2025-02-27 23:20:34','2025-02-27 23:20:34',NULL),
(650,6,'31261680','PLAZA  CESAR RODRIGUEZ','SAN JUAN DE LOS MORROS','2025-02-27 23:20:34','2025-02-27 23:20:34',NULL),
(651,6,'30555338',' HERNANDEZ   LEONEL GONZALEZ ','SAN JUAN DE LOS MORROS','2025-02-27 23:20:34','2025-02-27 23:20:34',NULL),
(652,6,'30789569','MONTES  JUAN OVALLES','SAN JUAN DE LOS MORROS','2025-02-27 23:20:34','2025-02-27 23:20:34',NULL),
(653,6,'31376369','Katherine Avelain Meinhardt Flores','SAN JUAN DE LOS MORROS','2025-02-27 23:20:34','2025-02-27 23:20:34',NULL),
(654,6,'19604960','  Zerpa Varvatis Arianny Aracelis ','SAN JUAN DE LOS MORROS','2025-02-27 23:20:34','2025-02-27 23:20:34',NULL),
(655,6,'32097294','   Arom Rafael Castro Francisco','SAN JUAN DE LOS MORROS','2025-02-27 23:20:34','2025-02-27 23:20:34',NULL),
(656,6,'32044485','  STIVEN ALEXIS ROLON HERRERA ','SAN JUAN DE LOS MORROS','2025-02-27 23:20:34','2025-02-27 23:20:34',NULL),
(657,6,'26280514','DANIEL ALEJANDRO ORTEGA NAVAS','SAN JUAN DE LOS MORROS','2025-02-27 23:20:34','2025-02-27 23:20:34',NULL),
(658,6,'30005352','Willian Alexander Lopez Montenegro','SAN JUAN DE LOS MORROS','2025-02-27 23:20:34','2025-02-27 23:20:34',NULL),
(659,6,'30626389','EDUARDO MARIO RAMIREZ PInA','SAN JUAN DE LOS MORROS','2025-02-27 23:20:34','2025-02-27 23:20:34',NULL),
(660,6,'21259675','Jose Eduardo Lomban Maure','SAN JUAN DE LOS MORROS','2025-02-27 23:20:34','2025-02-27 23:20:34',NULL),
(661,6,'31022826','Genesis Arianyi Jimenez Azuaje','SAN JUAN DE LOS MORROS','2025-02-27 23:20:34','2025-02-27 23:20:34',NULL),
(662,6,'29962757','Leidys Nazareth Zorzini Cazalta','SAN JUAN DE LOS MORROS','2025-02-27 23:20:34','2025-02-27 23:20:34',NULL),
(663,6,'30005018','Diana  Isabel Chirinos Santos','SAN JUAN DE LOS MORROS','2025-02-27 23:20:34','2025-02-27 23:20:34',NULL),
(664,6,'30039814','Orlando Jose Valera Torres','SAN JUAN DE LOS MORROS','2025-02-27 23:20:34','2025-02-27 23:20:34',NULL),
(665,6,'28636794','Franber Jose Berrios Avendano','SAN JUAN DE LOS MORROS','2025-02-27 23:20:34','2025-02-27 23:20:34',NULL),
(666,6,'29940968','Angimar Josefina Guerra Chirguita','SAN JUAN DE LOS MORROS','2025-02-27 23:20:34','2025-02-27 23:20:34',NULL),
(667,6,'26495317','SANCHEZ  NESTOR NIEVES','SAN JUAN DE LOS MORROS','2025-02-27 23:20:34','2025-02-27 23:20:34',NULL),
(668,6,'31120255','   Mikel Caleb Mendoza Medina','SAN JUAN DE LOS MORROS','2025-02-27 23:20:34','2025-02-27 23:20:34',NULL),
(669,6,'18200743','Atencio Gonzalez Alexander Javier','SAN JUAN DE LOS MORROS','2025-02-27 23:20:34','2025-02-27 23:20:34',NULL),
(670,6,'26757721','Rogelio Jose Saavedra Hernandez','SAN JUAN DE LOS MORROS','2025-02-27 23:20:34','2025-02-27 23:20:34',NULL),
(671,6,'31352766','FLORES  MARCO BOLIVAR','SAN JUAN DE LOS MORROS','2025-02-27 23:20:34','2025-02-27 23:20:34',NULL),
(672,6,'15393239','Cesar Gabriel Rengifo  Diaz','SAN JUAN DE LOS MORROS','2025-02-27 23:20:34','2025-02-27 23:20:34',NULL),
(673,6,'30211355','Brayan Yarfrank Ruiz Teran','SAN JUAN DE LOS MORROS','2025-02-27 23:20:34','2025-02-27 23:20:34',NULL),
(674,6,'28051196','BRYAN ALEJANDRO DIAZ CORRALES','SAN JUAN DE LOS MORROS','2025-02-27 23:20:34','2025-02-27 23:20:34',NULL),
(675,6,'30147614','Maria Alejandra Boyer Garrido','SAN JUAN DE LOS MORROS','2025-02-27 23:20:34','2025-02-27 23:20:34',NULL),
(676,6,'30160846','Liliana Darielis Silva Daza','SAN JUAN DE LOS MORROS','2025-02-27 23:20:34','2025-02-27 23:20:34',NULL),
(677,6,'28408900','Antonio  Jose  Perez  Gomez ','SAN JUAN DE LOS MORROS','2025-02-27 23:20:34','2025-02-27 23:20:34',NULL),
(678,6,'24669220','DAYUSNI CATHERINE URBINA VELASCO','SAN JUAN DE LOS MORROS','2025-02-27 23:20:34','2025-02-27 23:20:34',NULL),
(679,6,'28097574','Abril Carolina Teran Ugas','SAN JUAN DE LOS MORROS','2025-02-27 23:20:34','2025-02-27 23:20:34',NULL),
(680,6,'17790868','PEREZ  JOSE RAMIREZ','SAN JUAN DE LOS MORROS','2025-02-27 23:20:34','2025-02-27 23:20:34',NULL),
(681,6,'25922410',' CASTILLO  ZINAIT ARROYO','SAN JUAN DE LOS MORROS','2025-02-27 23:20:34','2025-02-27 23:20:34',NULL),
(682,6,'27463945','Alvaro  Luis Piñango Lopez','SAN JUAN DE LOS MORROS','2025-02-27 23:20:34','2025-02-27 23:20:34',NULL),
(683,6,'28482211','LUIS ANTONIO CORDOVA ARVELAEZ','SAN JUAN DE LOS MORROS','2025-02-27 23:20:34','2025-02-27 23:20:34',NULL),
(684,6,'28514024','Florangelys del Valle Leon Heredia','SAN JUAN DE LOS MORROS','2025-02-27 23:20:34','2025-02-27 23:20:34',NULL),
(685,6,'26428526','MILAGROS YEXIMAR ESPINOZA REINA','SAN JUAN DE LOS MORROS','2025-02-27 23:20:34','2025-02-27 23:20:34',NULL),
(686,6,'6406440','GUEVARA  JOSE CHIQUIN','SAN JUAN DE LOS MORROS','2025-02-27 23:20:34','2025-02-27 23:20:34',NULL),
(687,6,'27890164','Jose Miguel Herrera Vargas','SAN JUAN DE LOS MORROS','2025-02-27 23:20:34','2025-02-27 23:20:34',NULL),
(688,6,'30703046','Miguel Enrique Altuve Guzman','SAN JUAN DE LOS MORROS','2025-02-27 23:20:34','2025-02-27 23:20:34',NULL),
(689,6,'31381932','   BARBARA PATRICIA  JIMENEZ BERROTERAN','SAN JUAN DE LOS MORROS','2025-02-27 23:20:34','2025-02-27 23:20:34',NULL),
(690,6,'31699809','   Javier Alexander Rangel Rodriguez','SAN JUAN DE LOS MORROS','2025-02-27 23:20:34','2025-02-27 23:20:34',NULL),
(691,6,'23951298','   Diomar Alfredo Salazar Rivas','SAN JUAN DE LOS MORROS','2025-02-27 23:20:34','2025-02-27 23:20:34',NULL),
(692,6,'32358978','   Bhrayan Josue Blanco Navarro','SAN JUAN DE LOS MORROS','2025-02-27 23:20:34','2025-02-27 23:20:34',NULL),
(693,6,'27544568','Pedro Manuel Rondon Uvieda','SAN JUAN DE LOS MORROS','2025-02-27 23:20:34','2025-02-27 23:20:34',NULL),
(694,6,'30939284','   Juan Jose Alejandro Peña Verenzuela','SAN JUAN DE LOS MORROS','2025-02-27 23:20:34','2025-02-27 23:20:34',NULL),
(695,6,'25717123','Victor Manuel Monias Landaeta','SAN JUAN DE LOS MORROS','2025-02-27 23:20:34','2025-02-27 23:20:34',NULL),
(696,6,'30703361','   Maidelys Margarita Gonzalez Montana','SAN JUAN DE LOS MORROS','2025-02-27 23:20:34','2025-02-27 23:20:34',NULL),
(697,6,'20067410',' CUENCA  ARMANDO RANGEL','SAN JUAN DE LOS MORROS','2025-02-27 23:20:34','2025-02-27 23:20:34',NULL),
(698,6,'31711622',' ARTEAGA  JOSE MENDOZA','SAN JUAN DE LOS MORROS','2025-02-27 23:20:34','2025-02-27 23:20:34',NULL),
(699,6,'26752081','YOSKANY VALERIA MOLINA CACERES','SAN JUAN DE LOS MORROS','2025-02-27 23:20:34','2025-02-27 23:20:34',NULL),
(700,6,'28176509','MARISABEL  CEDENO PEREZ','SAN JUAN DE LOS MORROS','2025-02-27 23:20:34','2025-02-27 23:20:34',NULL),
(701,6,'24238181','Leomar Ricardo Huerfano Velasco','SAN JUAN DE LOS MORROS','2025-02-27 23:20:34','2025-02-27 23:20:34',NULL),
(702,6,'30211179','Enrique Jose Herrera Corro','SAN JUAN DE LOS MORROS','2025-02-27 23:20:34','2025-02-27 23:20:34',NULL),
(703,6,'31368253','   Ana Caridad Contreras Mata','SAN JUAN DE LOS MORROS','2025-02-27 23:20:34','2025-02-27 23:20:34',NULL),
(704,6,'26735142','Angel Jakson Freites Reyes','SAN JUAN DE LOS MORROS','2025-02-27 23:20:34','2025-02-27 23:20:34',NULL),
(705,6,'29576563','jesus Antonio salazar padrino','SAN JUAN DE LOS MORROS','2025-02-27 23:20:34','2025-02-27 23:20:34',NULL),
(706,6,'27262082','DOUGLEYDIS MARINES UTRERA ARMARIO','SAN JUAN DE LOS MORROS','2025-02-27 23:20:34','2025-02-27 23:20:34',NULL),
(707,6,'31536858','   Roxana Patricia Lara Alayon','SAN JUAN DE LOS MORROS','2025-02-27 23:20:34','2025-02-27 23:20:34',NULL),
(708,6,'29589328','   ANDRES ISMAEL HERNANDEZ VALERIO','SAN JUAN DE LOS MORROS','2025-02-27 23:20:34','2025-02-27 23:20:34',NULL),
(709,6,'29574236','DIAZ  LEONARDO CORONIL','SAN JUAN DE LOS MORROS','2025-02-27 23:20:34','2025-02-27 23:20:34',NULL),
(710,6,'32456666','   Maria Alejandra Oropeza Malave','SAN JUAN DE LOS MORROS','2025-02-27 23:20:34','2025-02-27 23:20:34',NULL),
(711,7,'30658917','Dyana Gracekely Urdaneta Palomares','SAN JUAN DE LOS MORROS','2025-02-27 23:20:34','2025-02-27 23:20:34',NULL),
(712,7,'24975782','Jeanpierre Enrique Guyon Solorzano','SAN JUAN DE LOS MORROS','2025-02-27 23:20:34','2025-02-27 23:20:34',NULL),
(713,7,'8822822','Argenis  Bencomo Aguirre','SAN JUAN DE LOS MORROS','2025-02-27 23:20:34','2025-02-27 23:20:34',NULL),
(714,7,'31569602','GERIG  JUAN  BERMUDEZ','SAN JUAN DE LOS MORROS','2025-02-27 23:20:34','2025-02-27 23:20:34',NULL),
(715,7,'29711541','Carlos Eduardo Escalante Arteaga','SAN JUAN DE LOS MORROS','2025-02-27 23:20:34','2025-02-27 23:20:34',NULL),
(716,7,'13465268','NELEIDA  TORRES ','SAN JUAN DE LOS MORROS','2025-02-27 23:20:34','2025-02-27 23:20:34',NULL),
(717,7,'29771870','Jose Daniel Sancho Gonzalez','SAN JUAN DE LOS MORROS','2025-02-27 23:20:34','2025-02-27 23:20:34',NULL),
(718,7,'31473486','   Maximus Josueh Celestino Rondon Montalban','SAN JUAN DE LOS MORROS','2025-02-27 23:20:34','2025-02-27 23:20:34',NULL),
(719,7,'31294543','Yoxani Urimare Olivero Delgado','SAN JUAN DE LOS MORROS','2025-02-27 23:20:34','2025-02-27 23:20:34',NULL),
(720,7,'31261874','GONZALEZ  JESUS CASTRO','SAN JUAN DE LOS MORROS','2025-02-27 23:20:34','2025-02-27 23:20:34',NULL),
(721,7,'27326980','MARIANGEL  GONZALEZ PEREZ','SAN JUAN DE LOS MORROS','2025-02-27 23:20:34','2025-02-27 23:20:34',NULL),
(722,7,'30790431','Valeria Alexandra Santaella Rojas','SAN JUAN DE LOS MORROS','2025-02-27 23:20:34','2025-02-27 23:20:34',NULL),
(723,7,'26179428','Deninson Gabriel barrios Flores','SAN JUAN DE LOS MORROS','2025-02-27 23:20:34','2025-02-27 23:20:34',NULL),
(724,7,'28176293','Luis Miguel Garcia Carreño','SAN JUAN DE LOS MORROS','2025-02-27 23:20:34','2025-02-27 23:20:34',NULL),
(725,7,'30852850','PEREZ  HECTOR PERAZA','SAN JUAN DE LOS MORROS','2025-02-27 23:20:34','2025-02-27 23:20:34',NULL),
(726,7,'30836414','Oriangel Deyalit Breto Flores','SAN JUAN DE LOS MORROS','2025-02-27 23:20:34','2025-02-27 23:20:34',NULL),
(727,7,'30873845','Jhoimar Fernanda Aponte Pinto','SAN JUAN DE LOS MORROS','2025-02-27 23:20:34','2025-02-27 23:20:34',NULL),
(728,7,'30406517','Mauricio Antonio Mujalli Rivero','SAN JUAN DE LOS MORROS','2025-02-27 23:20:34','2025-02-27 23:20:34',NULL),
(729,7,'31171457','   Solmary Jose Alvarez Deus','SAN JUAN DE LOS MORROS','2025-02-27 23:20:34','2025-02-27 23:20:34',NULL),
(730,7,'30767637','   HEVERSON JOSUE MORILLO ANGARITA','SAN JUAN DE LOS MORROS','2025-02-27 23:20:34','2025-02-27 23:20:34',NULL),
(731,7,'29671621','DIANA CAROLINA BLANCO BLANCO','SAN JUAN DE LOS MORROS','2025-02-27 23:20:34','2025-02-27 23:20:34',NULL),
(732,7,'25792781','EMIRO JOSEIN RODRIGUEZ MARTINEZ','SAN JUAN DE LOS MORROS','2025-02-27 23:20:34','2025-02-27 23:20:34',NULL),
(733,7,'27211333','KEIBER JOSE ALVARADO VALOR','SAN JUAN DE LOS MORROS','2025-02-27 23:20:34','2025-02-27 23:20:34',NULL),
(734,7,'30005216','Jose Agustin Vieira Hurtado','SAN JUAN DE LOS MORROS','2025-02-27 23:20:34','2025-02-27 23:20:34',NULL),
(735,7,'28733279','GUTIERREZ  LUIS ALFREDO UTRERA','SAN JUAN DE LOS MORROS','2025-02-27 23:20:34','2025-02-27 23:20:34',NULL),
(736,7,'30780531','HIDALGO  ADRIAN GUEDEZ','SAN JUAN DE LOS MORROS','2025-02-27 23:20:34','2025-02-27 23:20:34',NULL),
(737,7,'30547156','Anthony Celestino De Rodriguez Acosta','SAN JUAN DE LOS MORROS','2025-02-27 23:20:34','2025-02-27 23:20:34',NULL),
(738,7,'31908385','GUILARTE  SHIRLEY BELLO','SAN JUAN DE LOS MORROS','2025-02-27 23:20:34','2025-02-27 23:20:34',NULL),
(739,7,'21605864','DIANA CAROLINA TOVAR DELGADO','SAN JUAN DE LOS MORROS','2025-02-27 23:20:34','2025-02-27 23:20:34',NULL),
(740,7,'31182809','   Marienis Rodriguez Parada','SAN JUAN DE LOS MORROS','2025-02-27 23:20:34','2025-02-27 23:20:34',NULL),
(741,7,'31191367','VELASQUEZ  GABRIEL ALCALA','SAN JUAN DE LOS MORROS','2025-02-27 23:20:34','2025-02-27 23:20:34',NULL),
(742,7,'26848501','Jose Miguel Carpio Padilla','SAN JUAN DE LOS MORROS','2025-02-27 23:20:34','2025-02-27 23:20:34',NULL),
(743,7,'31738857','jose  daniel colmenares santaella','SAN JUAN DE LOS MORROS','2025-02-27 23:20:34','2025-02-27 23:20:34',NULL),
(744,7,'19914286','carlos alberto Rivas Vivas Carlos Alberto vivas','SAN JUAN DE LOS MORROS','2025-02-27 23:20:34','2025-02-27 23:20:34',NULL),
(745,7,'30961682',' LOPEZ  PAOLA GHERSI','SAN JUAN DE LOS MORROS','2025-02-27 23:20:34','2025-02-27 23:20:34',NULL),
(746,7,'30381297','Duleyska Yarianny Guevara Bolivar','SAN JUAN DE LOS MORROS','2025-02-27 23:20:34','2025-02-27 23:20:34',NULL),
(747,7,'28050589','Maikol Josue Aragort Sumoza','SAN JUAN DE LOS MORROS','2025-02-27 23:20:34','2025-02-27 23:20:34',NULL),
(748,7,'16268257','Carlos Jose Prado Esteves','SAN JUAN DE LOS MORROS','2025-02-27 23:20:34','2025-02-27 23:20:34',NULL),
(749,7,'31073357','   engel De Jesus Camarillo Requena','SAN JUAN DE LOS MORROS','2025-02-27 23:20:34','2025-02-27 23:20:34',NULL),
(750,7,'30874461','Fernando Anibal Colmenares Seijas','SAN JUAN DE LOS MORROS','2025-02-27 23:20:34','2025-02-27 23:20:34',NULL),
(751,7,'26299464','JHOANGELA NAZARETH DIAZ LEDEZMA','SAN JUAN DE LOS MORROS','2025-02-27 23:20:34','2025-02-27 23:20:34',NULL),
(752,7,'31537939','  GLORIMAR DEL VALLE PALMA INFANTE ','SAN JUAN DE LOS MORROS','2025-02-27 23:20:34','2025-02-27 23:20:34',NULL),
(753,7,'27712423','Wailys Thaidee Melendez Urbina','SAN JUAN DE LOS MORROS','2025-02-27 23:20:34','2025-02-27 23:20:34',NULL),
(754,7,'31142124','   edgar Alexander Iguaro Martinez','SAN JUAN DE LOS MORROS','2025-02-27 23:20:34','2025-02-27 23:20:34',NULL),
(755,7,'26849675','EZEQUIEL ELIAS RIVAS AMADOR','SAN JUAN DE LOS MORROS','2025-02-27 23:20:34','2025-02-27 23:20:34',NULL),
(756,7,'31080956','   Anibal Josue Solorzano Gutierrez','SAN JUAN DE LOS MORROS','2025-02-27 23:20:34','2025-02-27 23:20:34',NULL),
(757,7,'31787024','  ANDRES ALEJANDRO VILLEGAS PINERO ','SAN JUAN DE LOS MORROS','2025-02-27 23:20:34','2025-02-27 23:20:34',NULL),
(758,7,'30160345','Juan German Flores Rivas','SAN JUAN DE LOS MORROS','2025-02-27 23:20:34','2025-02-27 23:20:34',NULL),
(759,7,'28482042','JORGE JOSE ARTEGA PINZON','SAN JUAN DE LOS MORROS','2025-02-27 23:20:34','2025-02-27 23:20:34',NULL),
(760,7,'26495062','JESUS ALBERTO PEREIRA MENDOZA','SAN JUAN DE LOS MORROS','2025-02-27 23:20:34','2025-02-27 23:20:34',NULL),
(761,7,'31711931','  LUISANA DE LOS ANGELES CASTILLO SANTAMARIA ','SAN JUAN DE LOS MORROS','2025-02-27 23:20:34','2025-02-27 23:20:34',NULL),
(762,7,'30144540','Yanireth  Jorneymis  Zapata  Cedeño ','SAN JUAN DE LOS MORROS','2025-02-27 23:20:34','2025-02-27 23:20:34',NULL),
(763,7,'27838970','John Isaac Tovar Perez','SAN JUAN DE LOS MORROS','2025-02-27 23:20:34','2025-02-27 23:20:34',NULL),
(764,7,'26345115','Evert Jesus Bolivar Rangel','SAN JUAN DE LOS MORROS','2025-02-27 23:20:34','2025-02-27 23:20:34',NULL),
(765,7,'30045979','   EDUARDO JAVIER MARTIN BONIVE','SAN JUAN DE LOS MORROS','2025-02-27 23:20:34','2025-02-27 23:20:34',NULL),
(766,7,'31786651','  ANTHONY JAVIER RAMOS BARBOZA ','SAN JUAN DE LOS MORROS','2025-02-27 23:20:34','2025-02-27 23:20:34',NULL),
(767,7,'31949881','  MARIA VERONICA DIAZ BELISARIO ','SAN JUAN DE LOS MORROS','2025-02-27 23:20:34','2025-02-27 23:20:34',NULL),
(768,7,'32416108','   Jesus Alejandro Aponte Perez','SAN JUAN DE LOS MORROS','2025-02-27 23:20:34','2025-02-27 23:20:34',NULL),
(769,7,'32168040','   Yeison Daniel Carpavires Herrera','SAN JUAN DE LOS MORROS','2025-02-27 23:20:34','2025-02-27 23:20:34',NULL),
(770,8,'30852954','Ramses Jose Reyes Tovar','SAN JUAN DE LOS MORROS','2025-02-27 23:20:34','2025-02-27 23:20:34',NULL),
(771,8,'12842823','Joel  Antonio Machado Jaramillo','SAN JUAN DE LOS MORROS','2025-02-27 23:20:34','2025-02-27 23:20:34',NULL),
(772,8,'27863443','Francisco Jose Ramirez Ramirez','SAN JUAN DE LOS MORROS','2025-02-27 23:20:34','2025-02-27 23:20:34',NULL),
(773,8,'72430378','YULISSA ELIZABETH MAMARI PACHECO','SAN JUAN DE LOS MORROS','2025-02-27 23:20:34','2025-02-27 23:20:34',NULL),
(774,8,'8825665','Oswaldo Ramon Tovar ','SAN JUAN DE LOS MORROS','2025-02-27 23:20:34','2025-02-27 23:20:34',NULL),
(775,8,'30276778','Rosmary Dariana Borges Mezones','SAN JUAN DE LOS MORROS','2025-02-27 23:20:34','2025-02-27 23:20:34',NULL),
(776,8,'30021049','ALEMAN  YEINER ROSALES','SAN JUAN DE LOS MORROS','2025-02-27 23:20:34','2025-02-27 23:20:34',NULL),
(777,8,'14786268','MICHAEL GLEISSER BOLIVAR HERNANDEZ','SAN JUAN DE LOS MORROS','2025-02-27 23:20:34','2025-02-27 23:20:34',NULL),
(778,8,'29858101','DAMAS DAVID  LUIS MOYA','SAN JUAN DE LOS MORROS','2025-02-27 23:20:34','2025-02-27 23:20:34',NULL),
(779,8,'30039134','Lady Nohemi Ortega Cobos','SAN JUAN DE LOS MORROS','2025-02-27 23:20:34','2025-02-27 23:20:34',NULL),
(780,8,'24238221','carla yessenia villegas padilla','SAN JUAN DE LOS MORROS','2025-02-27 23:20:34','2025-02-27 23:20:34',NULL),
(781,8,'31128380','Florelia Julieth  Hidalgo Beltran ','SAN JUAN DE LOS MORROS','2025-02-27 23:20:34','2025-02-27 23:20:34',NULL),
(782,8,'27665309','Cesar Alfredo Rivas Rodriguez','SAN JUAN DE LOS MORROS','2025-02-27 23:20:34','2025-02-27 23:20:34',NULL),
(783,8,'26026424','RAMON ARTURO GALLARDO  CASTILLO','SAN JUAN DE LOS MORROS','2025-02-27 23:20:34','2025-02-27 23:20:34',NULL),
(784,8,'21336673','Berlitz Julieta Bolivar Cordova','SAN JUAN DE LOS MORROS','2025-02-27 23:20:34','2025-02-27 23:20:34',NULL),
(785,8,'31197482','Juan Jose Palma Rico','SAN JUAN DE LOS MORROS','2025-02-27 23:20:34','2025-02-27 23:20:34',NULL),
(786,8,'26919447','Roberto  Torres Da Silva','SAN JUAN DE LOS MORROS','2025-02-27 23:20:34','2025-02-27 23:20:34',NULL),
(787,8,'27238602','Jesus Eduardo Aparicio ochoa','SAN JUAN DE LOS MORROS','2025-02-27 23:20:34','2025-02-27 23:20:34',NULL),
(788,8,'27238130','LUIS DAVID QUINTERO MENDEZ','SAN JUAN DE LOS MORROS','2025-02-27 23:20:34','2025-02-27 23:20:34',NULL),
(789,8,'31321530','Manuel Alfonso Viera Rondon','SAN JUAN DE LOS MORROS','2025-02-27 23:20:34','2025-02-27 23:20:34',NULL),
(790,8,'30626377','Diego Alejandro Belisario Garcia','SAN JUAN DE LOS MORROS','2025-02-27 23:20:34','2025-02-27 23:20:34',NULL),
(791,8,'28575359','EDWIN JESUS SALVATIERRA NARANJO','SAN JUAN DE LOS MORROS','2025-02-27 23:20:34','2025-02-27 23:20:34',NULL),
(792,8,'26179093','Josgreher Eduardo Aguiar De la Rosa','SAN JUAN DE LOS MORROS','2025-02-27 23:20:34','2025-02-27 23:20:34',NULL),
(793,8,'30595327','Luis David  Galindo Veloz ','SAN JUAN DE LOS MORROS','2025-02-27 23:20:34','2025-02-27 23:20:34',NULL),
(794,8,'32435339','DARWVIN MIGUEL DIAZ GRANADILLO','SAN JUAN DE LOS MORROS','2025-02-27 23:20:34','2025-02-27 23:20:34',NULL),
(795,8,'24976589','JESUS GEOVANNI MARCHAN TORREALBA','SAN JUAN DE LOS MORROS','2025-02-27 23:20:34','2025-02-27 23:20:34',NULL),
(796,8,'31628922','Francisco Alberto Vergel Garces','SAN JUAN DE LOS MORROS','2025-02-27 23:20:34','2025-02-27 23:20:34',NULL),
(797,8,'11093478','Tomas Eduardo Montes De Oca Mercay','SAN JUAN DE LOS MORROS','2025-02-27 23:20:34','2025-02-27 23:20:34',NULL),
(798,8,'31887323','Wilfredo Yeikol  Jimenez Mendoza ','SAN JUAN DE LOS MORROS','2025-02-27 23:20:34','2025-02-27 23:20:34',NULL),
(799,8,'15646469','Mayrene Antonia Aponte Rios','SAN JUAN DE LOS MORROS','2025-02-27 23:20:34','2025-02-27 23:20:34',NULL),
(800,8,'30753949','Daymery Nakary  Pereira Becerra ','SAN JUAN DE LOS MORROS','2025-02-27 23:20:34','2025-02-27 23:20:34',NULL),
(801,8,'14146902','Romin Alexis Mujica Alvarez','SAN JUAN DE LOS MORROS','2025-02-27 23:20:34','2025-02-27 23:20:34',NULL),
(802,8,'31525380','FRANYER JESUS PIMENTEL ESQUEDA','SAN JUAN DE LOS MORROS','2025-02-27 23:20:34','2025-02-27 23:20:34',NULL),
(803,8,'31536673','Dainer Alexis Molina Rodriguez','SAN JUAN DE LOS MORROS','2025-02-27 23:20:34','2025-02-27 23:20:34',NULL),
(804,8,'28408288','Obniela Esther Lopez Atay','SAN JUAN DE LOS MORROS','2025-02-27 23:20:34','2025-02-27 23:20:34',NULL),
(805,8,'30961804','Cesar Enrique Arzola Ibarra','SAN JUAN DE LOS MORROS','2025-02-27 23:20:34','2025-02-27 23:20:34',NULL),
(806,8,'24975250','yusnely rusbeidy Sanchez  morales','SAN JUAN DE LOS MORROS','2025-02-27 23:20:34','2025-02-27 23:20:34',NULL),
(807,8,'30091154','Yorgelys Nazareth Parada Lopez','SAN JUAN DE LOS MORROS','2025-02-27 23:20:34','2025-02-27 23:20:34',NULL),
(808,8,'30859067','Nayib Alberto Ojeda Gracia','SAN JUAN DE LOS MORROS','2025-02-27 23:20:34','2025-02-27 23:20:34',NULL),
(809,8,'31107401','Jose Miguel Berrios Delgado','SAN JUAN DE LOS MORROS','2025-02-27 23:20:34','2025-02-27 23:20:34',NULL),
(810,8,'30147785','Luis Enrique Ortega Romero','SAN JUAN DE LOS MORROS','2025-02-27 23:20:34','2025-02-27 23:20:34',NULL),
(811,8,'13154721','Luis Vicente Gonzalez C Correa','SAN JUAN DE LOS MORROS','2025-02-27 23:20:34','2025-02-27 23:20:34',NULL),
(812,8,'27463482','Henmir de los Angeles Perez Ramoni','SAN JUAN DE LOS MORROS','2025-02-27 23:20:34','2025-02-27 23:20:34',NULL),
(813,8,'30789495','Geraldine Gabriela Aponte Pinto','SAN JUAN DE LOS MORROS','2025-02-27 23:20:34','2025-02-27 23:20:34',NULL),
(814,8,'26973532','Luis Manuel Gonzalez Fernandez','SAN JUAN DE LOS MORROS','2025-02-27 23:20:34','2025-02-27 23:20:34',NULL),
(815,8,'31197830','AURORA ESTEFANIA DABOIN CASTRO','SAN JUAN DE LOS MORROS','2025-02-27 23:20:34','2025-02-27 23:20:34',NULL),
(816,8,'31950424','ROJO  NAIBYS RAMIREZ','SAN JUAN DE LOS MORROS','2025-02-27 23:20:34','2025-02-27 23:20:34',NULL),
(817,8,'31576419','Adrián Rafael Arzola Cabrera','SAN JUAN DE LOS MORROS','2025-02-27 23:20:34','2025-02-27 23:20:34',NULL),
(818,8,'29576252','David Manuel Gámez Vilera','SAN JUAN DE LOS MORROS','2025-02-27 23:20:34','2025-02-27 23:20:34',NULL),
(819,8,'27238806','RAYNERS RAFAEL CASTRO NADALES','SAN JUAN DE LOS MORROS','2025-02-27 23:20:34','2025-02-27 23:20:34',NULL),
(820,8,'31519015','Arsenio Jesus  Moreno Carrillo ','SAN JUAN DE LOS MORROS','2025-02-27 23:20:34','2025-02-27 23:20:34',NULL),
(821,8,'30702998','Naldo Josue Arnaudes Castro','SAN JUAN DE LOS MORROS','2025-02-27 23:20:34','2025-02-27 23:20:34',NULL),
(822,8,'31376212','Yalexa Lourdes  Moreno Hernandez ','SAN JUAN DE LOS MORROS','2025-02-27 23:20:34','2025-02-27 23:20:34',NULL),
(823,8,'31197556','JUAN JOSE GOMEZ DELGADO','SAN JUAN DE LOS MORROS','2025-02-27 23:20:34','2025-02-27 23:20:34',NULL),
(824,8,'30789886','Cristal Yuriany Corado Pimentel','SAN JUAN DE LOS MORROS','2025-02-27 23:20:34','2025-02-27 23:20:34',NULL),
(825,8,'31171440','YGCEL MARIANA NOGUERA CARRANZA','SAN JUAN DE LOS MORROS','2025-02-27 23:20:34','2025-02-27 23:20:34',NULL),
(826,8,'21336128','Yorman Antonio Pulido Castillo','SAN JUAN DE LOS MORROS','2025-02-27 23:20:34','2025-02-27 23:20:34',NULL),
(827,8,'29941035','ROJAS  JEYSSON GOMEZ','SAN JUAN DE LOS MORROS','2025-02-27 23:20:34','2025-02-27 23:20:34',NULL),
(828,8,'84595820','Juan Pablo Parra Pacheco','SAN JUAN DE LOS MORROS','2025-02-27 23:20:34','2025-02-27 23:20:34',NULL),
(829,8,'27463544','Kleiber Ricardo Pacheco Duran','SAN JUAN DE LOS MORROS','2025-02-27 23:20:34','2025-02-27 23:20:34',NULL),
(830,8,'31786300','MARIA SOFIA  TORRES  BLANCO','SAN JUAN DE LOS MORROS','2025-02-27 23:20:34','2025-02-27 23:20:34',NULL),
(831,8,'30778283','Michael Alexander Romero Tovar','SAN JUAN DE LOS MORROS','2025-02-27 23:20:34','2025-02-27 23:20:34',NULL),
(832,8,'23951940','Leonardo David Rodríguez Kobelsky','SAN JUAN DE LOS MORROS','2025-02-27 23:20:34','2025-02-27 23:20:34',NULL),
(833,8,'29858411','Fabiana Valentina Garcia Moreno','SAN JUAN DE LOS MORROS','2025-02-27 23:20:34','2025-02-27 23:20:34',NULL),
(834,8,'25583095','Kevin Jose Carrillo Milano','SAN JUAN DE LOS MORROS','2025-02-27 23:20:34','2025-02-27 23:20:34',NULL),
(835,8,'18645899','Elvis Enrique Artigas Huerta','SAN JUAN DE LOS MORROS','2025-02-27 23:20:34','2025-02-27 23:20:34',NULL),
(836,8,'29858033','Samuel Jose Chacon Perez','SAN JUAN DE LOS MORROS','2025-02-27 23:20:34','2025-02-27 23:20:34',NULL),
(837,8,'27665919',' ALFONSO  PEDRO MORENO','SAN JUAN DE LOS MORROS','2025-02-27 23:20:34','2025-02-27 23:20:34',NULL),
(838,8,'29878053','Jose Rafael Diaz Baradat','SAN JUAN DE LOS MORROS','2025-02-27 23:20:34','2025-02-27 23:20:34',NULL),
(839,8,'29941221','Johana Franchesca Pinango Gonzalez','SAN JUAN DE LOS MORROS','2025-02-27 23:20:34','2025-02-27 23:20:34',NULL),
(840,8,'29781565','Armando Carinoa Aguirre Ramirez','SAN JUAN DE LOS MORROS','2025-02-27 23:20:34','2025-02-27 23:20:34',NULL),
(841,8,'30790352','LUISS DANIELL  MONCADA  MENDOZA ','SAN JUAN DE LOS MORROS','2025-02-27 23:20:34','2025-02-27 23:20:34',NULL),
(842,8,'28531246','Roxana Alejandra Aponte Rivas','SAN JUAN DE LOS MORROS','2025-02-27 23:20:34','2025-02-27 23:20:34',NULL),
(843,8,'28051369','Edwin Jose  Guerra  Gonzalez','SAN JUAN DE LOS MORROS','2025-02-27 23:20:34','2025-02-27 23:20:34',NULL),
(844,8,'31107583','Jose Alejandro  Villegas Barrera ','SAN JUAN DE LOS MORROS','2025-02-27 23:20:34','2025-02-27 23:20:34',NULL),
(845,8,'26848213','Angel Anthony Sanchez Morales','SAN JUAN DE LOS MORROS','2025-02-27 23:20:34','2025-02-27 23:20:34',NULL),
(846,8,'12751568','MIGUEL ENRIQUE BRIZUELA ACOSTA','SAN JUAN DE LOS MORROS','2025-02-27 23:20:34','2025-02-27 23:20:34',NULL),
(847,8,'27842456','Javier  Jose Carpio Marchenes','SAN JUAN DE LOS MORROS','2025-02-27 23:20:34','2025-02-27 23:20:34',NULL),
(848,8,'29581791','Osmarly Raquel Cassiani Rodriguez','SAN JUAN DE LOS MORROS','2025-02-27 23:20:34','2025-02-27 23:20:34',NULL),
(849,8,'31034300','Ana Gabriela Castro Salazar','SAN JUAN DE LOS MORROS','2025-02-27 23:20:34','2025-02-27 23:20:34',NULL),
(850,8,'27841844','Selena Alejandra Montenegro Hernandez','SAN JUAN DE LOS MORROS','2025-02-27 23:20:34','2025-02-27 23:20:34',NULL),
(851,8,'29728117','Yorgelys Valentina Clavo Chirinos','SAN JUAN DE LOS MORROS','2025-02-27 23:20:34','2025-02-27 23:20:34',NULL),
(852,8,'30781239','CASTILLO  NATASHA FALCON','SAN JUAN DE LOS MORROS','2025-02-27 23:20:34','2025-02-27 23:20:34',NULL),
(853,8,'30160668','Wilfredo Roswil Josue Garcia Narea','SAN JUAN DE LOS MORROS','2025-02-27 23:20:34','2025-02-27 23:20:34',NULL),
(854,8,'27238690','Gaudimar De Las Nieves Parra Torrealba','SAN JUAN DE LOS MORROS','2025-02-27 23:20:34','2025-02-27 23:20:34',NULL),
(855,8,'30961271','Yohemmy Zamary Coa Alvarez','SAN JUAN DE LOS MORROS','2025-02-27 23:20:34','2025-02-27 23:20:34',NULL),
(856,8,'31748147','VILLAROEL  WUILLIANS SANCHEZ','SAN JUAN DE LOS MORROS','2025-02-27 23:20:34','2025-02-27 23:20:34',NULL),
(857,8,'30703040','Ashlee Michel Gabrielleschi Cannata','SAN JUAN DE LOS MORROS','2025-02-27 23:20:34','2025-02-27 23:20:34',NULL),
(858,8,'30742935','Anailet Daleska Ballester Pedriquez','SAN JUAN DE LOS MORROS','2025-02-27 23:20:34','2025-02-27 23:20:34',NULL),
(859,8,'30039290','Jose Angel Casanova Gomez','SAN JUAN DE LOS MORROS','2025-02-27 23:20:34','2025-02-27 23:20:34',NULL),
(860,8,'25867074','gustavo rafael martinez teran','SAN JUAN DE LOS MORROS','2025-02-27 23:20:34','2025-02-27 23:20:34',NULL),
(861,8,'28408435','Laura Mirlenys Portabarria Mena','SAN JUAN DE LOS MORROS','2025-02-27 23:20:34','2025-02-27 23:20:34',NULL),
(862,8,'30703094','Sausmi Saul  Munoz Rivas ','SAN JUAN DE LOS MORROS','2025-02-27 23:20:34','2025-02-27 23:20:34',NULL),
(863,8,'31787032','Franchelly Del Carmen Arguinzones Jimenez','SAN JUAN DE LOS MORROS','2025-02-27 23:20:34','2025-02-27 23:20:34',NULL),
(864,8,'19473717','Jose  Alejandro  Rodriguez  Cortez','SAN JUAN DE LOS MORROS','2025-02-27 23:20:34','2025-02-27 23:20:34',NULL),
(865,8,'30703043','Arianna Dadizareth Salazar Torrealba','SAN JUAN DE LOS MORROS','2025-02-27 23:20:34','2025-02-27 23:20:34',NULL),
(866,8,'30703459','Anthony Miguel Bengochea Pulido','SAN JUAN DE LOS MORROS','2025-02-27 23:20:34','2025-02-27 23:20:34',NULL),
(867,8,'31171828','Aaron David  Rodriguez Gonzalez ','SAN JUAN DE LOS MORROS','2025-02-27 23:20:34','2025-02-27 23:20:34',NULL),
(868,8,'28229164','Hector Melvin Hernandez  Escalona','SAN JUAN DE LOS MORROS','2025-02-27 23:20:34','2025-02-27 23:20:34',NULL),
(869,8,'31138121','Ezequiel Alejandro Pino Sanchez','SAN JUAN DE LOS MORROS','2025-02-27 23:20:34','2025-02-27 23:20:34',NULL),
(870,8,'31376327','Henyerlis Yenilot  Pacheco Lima ','SAN JUAN DE LOS MORROS','2025-02-27 23:20:34','2025-02-27 23:20:34',NULL),
(871,8,'29857059','KAREN VERUSKA HERNANDEZ DE PABLOS','SAN JUAN DE LOS MORROS','2025-02-27 23:20:34','2025-02-27 23:20:34',NULL),
(872,8,'29502653','Ana Barbara Romero Saa','SAN JUAN DE LOS MORROS','2025-02-27 23:20:34','2025-02-27 23:20:34',NULL),
(873,8,'18043937','Jorge Luis Acosta Barrios','SAN JUAN DE LOS MORROS','2025-02-27 23:20:34','2025-02-27 23:20:34',NULL),
(874,8,'31001212','Mariannie Josefina Farfan Gutierrez','SAN JUAN DE LOS MORROS','2025-02-27 23:20:34','2025-02-27 23:20:34',NULL),
(875,8,'30626286','Juan  Alejandro  Rodriguez Ramirez','SAN JUAN DE LOS MORROS','2025-02-27 23:20:34','2025-02-27 23:20:34',NULL),
(876,8,'30090719','Jhony  Hernandez ','SAN JUAN DE LOS MORROS','2025-02-27 23:20:35','2025-02-27 23:20:35',NULL),
(877,8,'26848874','jose  gregorio  alonzo alonzo','SAN JUAN DE LOS MORROS','2025-02-27 23:20:35','2025-02-27 23:20:35',NULL),
(878,8,'30790236','Lerismar Adriana Gomez Sanchez','SAN JUAN DE LOS MORROS','2025-02-27 23:20:35','2025-02-27 23:20:35',NULL),
(879,8,'30626576','Stefanny Jose Barros Romero','SAN JUAN DE LOS MORROS','2025-02-27 23:20:35','2025-02-27 23:20:35',NULL),
(880,8,'25887926','JHON ALEJANDRO TERAN CONTRERAS','SAN JUAN DE LOS MORROS','2025-02-27 23:20:35','2025-02-27 23:20:35',NULL),
(881,8,'30863990','Maria Alejandra  Brito Hurtado ','SAN JUAN DE LOS MORROS','2025-02-27 23:20:35','2025-02-27 23:20:35',NULL),
(882,8,'31908756','Jose Angel  Guarecuco Paz ','SAN JUAN DE LOS MORROS','2025-02-27 23:20:35','2025-02-27 23:20:35',NULL),
(883,8,'29576784','Darilmar Andreina Gittens Mota','SAN JUAN DE LOS MORROS','2025-02-27 23:20:35','2025-02-27 23:20:35',NULL),
(884,8,'29671264','EDIXON JESUS LOPEZ SOLORZANO','SAN JUAN DE LOS MORROS','2025-02-27 23:20:35','2025-02-27 23:20:35',NULL),
(885,8,'30961691','Marcelo Jose Garcia Garcia','SAN JUAN DE LOS MORROS','2025-02-27 23:20:35','2025-02-27 23:20:35',NULL),
(886,8,'24238180','Endry  Jesus Michinel Morales','SAN JUAN DE LOS MORROS','2025-02-27 23:20:35','2025-02-27 23:20:35',NULL),
(887,8,'30703457','Carlos Alfonzo Gutierrez Camacho','SAN JUAN DE LOS MORROS','2025-02-27 23:20:35','2025-02-27 23:20:35',NULL),
(888,8,'31338523','NATHALIA JOSE PEREIRA CARPIO','SAN JUAN DE LOS MORROS','2025-02-27 23:20:35','2025-02-27 23:20:35',NULL),
(889,8,'29923792','Kevin Leonardo Castellanos Urdaneta','SAN JUAN DE LOS MORROS','2025-02-27 23:20:35','2025-02-27 23:20:35',NULL),
(890,8,'30160906','Job Yosue Debur Fuenmayor','SAN JUAN DE LOS MORROS','2025-02-27 23:20:35','2025-02-27 23:20:35',NULL),
(891,8,'31415200','Hillary Deionela  Montero Hernandez ','SAN JUAN DE LOS MORROS','2025-02-27 23:20:35','2025-02-27 23:20:35',NULL),
(892,8,'30333293','Ricardo Antonio Torres Manzano','SAN JUAN DE LOS MORROS','2025-02-27 23:20:35','2025-02-27 23:20:35',NULL),
(893,8,'26345516','Ruben Alfonzo Gonzalez Garces','SAN JUAN DE LOS MORROS','2025-02-27 23:20:35','2025-02-27 23:20:35',NULL),
(894,8,'31755065','  ASHLEY KATHARINE PEREZ GONZALEZ ','SAN JUAN DE LOS MORROS','2025-02-27 23:20:35','2025-02-27 23:20:35',NULL),
(895,8,'28176854','Javier Alejandro Rivero Ranuarez','SAN JUAN DE LOS MORROS','2025-02-27 23:20:35','2025-02-27 23:20:35',NULL),
(896,8,'30626442','Jesus Andres Berrueta Seijas','SAN JUAN DE LOS MORROS','2025-02-27 23:20:35','2025-02-27 23:20:35',NULL),
(897,8,'29858623','Diego Alberto Rivas Matheus','SAN JUAN DE LOS MORROS','2025-02-27 23:20:35','2025-02-27 23:20:35',NULL),
(898,8,'29781509','Oswaldo Enrique Torres Oropeza','SAN JUAN DE LOS MORROS','2025-02-27 23:20:35','2025-02-27 23:20:35',NULL),
(899,8,'28050189','Betania De Los Angeles  Quintero  Perez','SAN JUAN DE LOS MORROS','2025-02-27 23:20:35','2025-02-27 23:20:35',NULL),
(900,8,'30703193','Jhorianny Carolina Barrios Milano','SAN JUAN DE LOS MORROS','2025-02-27 23:20:35','2025-02-27 23:20:35',NULL),
(901,8,'12160014','Marcos Aurelio Del Corral Belisario','SAN JUAN DE LOS MORROS','2025-02-27 23:20:35','2025-02-27 23:20:35',NULL),
(902,8,'29858269','Douglas Alfredo Sumoza Rojas ','SAN JUAN DE LOS MORROS','2025-02-27 23:20:35','2025-02-27 23:20:35',NULL),
(903,8,'31141710','Carlos Daniel  Barroso Molina ','SAN JUAN DE LOS MORROS','2025-02-27 23:20:35','2025-02-27 23:20:35',NULL),
(904,8,'20877277','Manuel Jose Arevalo Garcia','SAN JUAN DE LOS MORROS','2025-02-27 23:20:35','2025-02-27 23:20:35',NULL),
(905,8,'29671820','Kharla Valentina Sierra Mesa','SAN JUAN DE LOS MORROS','2025-02-27 23:20:35','2025-02-27 23:20:35',NULL),
(906,8,'31096001','Samuel Enrique Agrinzone Velasquez','SAN JUAN DE LOS MORROS','2025-02-27 23:20:35','2025-02-27 23:20:35',NULL),
(907,8,'28176101','Luis David Diaz Rivas','SAN JUAN DE LOS MORROS','2025-02-27 23:20:35','2025-02-27 23:20:35',NULL),
(908,8,'30039376','Fernando José Hernández Quintana','SAN JUAN DE LOS MORROS','2025-02-27 23:20:35','2025-02-27 23:20:35',NULL),
(909,8,'30874254','Raymon  Jesus  Garcia  Erazo ','SAN JUAN DE LOS MORROS','2025-02-27 23:20:35','2025-02-27 23:20:35',NULL),
(910,8,'30463176','Manuel Armando Galindo Landaeta','SAN JUAN DE LOS MORROS','2025-02-27 23:20:35','2025-02-27 23:20:35',NULL),
(911,8,'29769503','Gabriel Ignacio Vasquez Orellana','SAN JUAN DE LOS MORROS','2025-02-27 23:20:35','2025-02-27 23:20:35',NULL),
(912,8,'30961811','Ronald  Alejandro  Aguilar  Polanco ','SAN JUAN DE LOS MORROS','2025-02-27 23:20:35','2025-02-27 23:20:35',NULL),
(913,8,'29786201','Luis Alexander Gamboa Pimentel','SAN JUAN DE LOS MORROS','2025-02-27 23:20:35','2025-02-27 23:20:35',NULL),
(914,8,'27665527','Edgar Jose Arcia Moreno','SAN JUAN DE LOS MORROS','2025-02-27 23:20:35','2025-02-27 23:20:35',NULL),
(915,8,'29781286','Alexandra Dariuska Alvarez Mena','SAN JUAN DE LOS MORROS','2025-02-27 23:20:35','2025-02-27 23:20:35',NULL),
(916,8,'29781992','Diego Enrique Rodriguez Cardozo','SAN JUAN DE LOS MORROS','2025-02-27 23:20:35','2025-02-27 23:20:35',NULL),
(917,8,'30874189','Carlos Eduardo Saez sanchez','SAN JUAN DE LOS MORROS','2025-02-27 23:20:35','2025-02-27 23:20:35',NULL),
(918,8,'29576620','Ricardo Javier Guanipa Cordero','SAN JUAN DE LOS MORROS','2025-02-27 23:20:35','2025-02-27 23:20:35',NULL),
(919,8,'29781138','Gabriel Alessandro Zapata Colmenares','SAN JUAN DE LOS MORROS','2025-02-27 23:20:35','2025-02-27 23:20:35',NULL),
(920,8,'31107353','eddie Ricardo Josue  Leon Alvarez ','SAN JUAN DE LOS MORROS','2025-02-27 23:20:35','2025-02-27 23:20:35',NULL),
(921,8,'32223177','Adrian Alfonzo  Medina Requena ','SAN JUAN DE LOS MORROS','2025-02-27 23:20:35','2025-02-27 23:20:35',NULL),
(922,8,'31107470','Felix Benjamin  Avila Aldana ','SAN JUAN DE LOS MORROS','2025-02-27 23:20:35','2025-02-27 23:20:35',NULL),
(923,8,'31392100','Luisana Del Valle Gonzalez Meneses','SAN JUAN DE LOS MORROS','2025-02-27 23:20:35','2025-02-27 23:20:35',NULL),
(924,8,'29781519','Anthony Jose Perez Martinez','SAN JUAN DE LOS MORROS','2025-02-27 23:20:35','2025-02-27 23:20:35',NULL),
(925,8,'23564550','Carlos  Eduardo Perez  Barrios ','SAN JUAN DE LOS MORROS','2025-02-27 23:20:35','2025-02-27 23:20:35',NULL),
(926,8,'26849757','VANESCA ALEXANDRA QUINONES PADRON','SAN JUAN DE LOS MORROS','2025-02-27 23:20:35','2025-02-27 23:20:35',NULL),
(927,8,'26954909','Beyfrely Nazareth Rodriguez Sumoza','SAN JUAN DE LOS MORROS','2025-02-27 23:20:35','2025-02-27 23:20:35',NULL),
(928,8,'28482528','Jose Gregorio Raffezca Perez','SAN JUAN DE LOS MORROS','2025-02-27 23:20:35','2025-02-27 23:20:35',NULL),
(929,8,'31171462','Glayber Maria  Silva Guerra ','SAN JUAN DE LOS MORROS','2025-02-27 23:20:35','2025-02-27 23:20:35',NULL),
(930,8,'31923080','Davinson  Mauricio Ponce  Piña','SAN JUAN DE LOS MORROS','2025-02-27 23:20:35','2025-02-27 23:20:35',NULL),
(931,8,'30525227','Jhoksmely Nisholl Gamboa soto','SAN JUAN DE LOS MORROS','2025-02-27 23:20:35','2025-02-27 23:20:35',NULL),
(932,8,'14395335','ARTFEL LYNN GUEVARA ALAYON','SAN JUAN DE LOS MORROS','2025-02-27 23:20:35','2025-02-27 23:20:35',NULL),
(933,8,'31182646','Deyleth Del Valle  Torres Barreto ','SAN JUAN DE LOS MORROS','2025-02-27 23:20:35','2025-02-27 23:20:35',NULL),
(934,8,'31321643','Mareliangel Del Valle  Acevedo Fajardo ','SAN JUAN DE LOS MORROS','2025-02-27 23:20:35','2025-02-27 23:20:35',NULL),
(935,8,'30852784','EUDIS MARIANA  RAMIREZ ESPINOZA ','SAN JUAN DE LOS MORROS','2025-02-27 23:20:35','2025-02-27 23:20:35',NULL),
(936,8,'31321365','Pedro Rafael  Ayala Carpio ','SAN JUAN DE LOS MORROS','2025-02-27 23:20:35','2025-02-27 23:20:35',NULL),
(937,8,'30745512','Jose Daniel Pinero Montilla','SAN JUAN DE LOS MORROS','2025-02-27 23:20:35','2025-02-27 23:20:35',NULL),
(938,8,'26495450','Karianny Caridad Perez Mendoza','SAN JUAN DE LOS MORROS','2025-02-27 23:20:35','2025-02-27 23:20:35',NULL),
(939,8,'30276484','JHON   FIGUEROA  ','SAN JUAN DE LOS MORROS','2025-02-27 23:20:35','2025-02-27 23:20:35',NULL),
(940,8,'31346016','AUDANTE  MITZAAC GOMEZ','SAN JUAN DE LOS MORROS','2025-02-27 23:20:35','2025-02-27 23:20:35',NULL),
(941,8,'30789654','Angel Rafael Acevedo Luna','SAN JUAN DE LOS MORROS','2025-02-27 23:20:35','2025-02-27 23:20:35',NULL),
(942,8,'25887528','Valentin Starly Lugo Suarez','SAN JUAN DE LOS MORROS','2025-02-27 23:20:35','2025-02-27 23:20:35',NULL),
(943,8,'31595134','KEVIN JOSE PADRON GIL','SAN JUAN DE LOS MORROS','2025-02-27 23:20:35','2025-02-27 23:20:35',NULL),
(944,8,'28681649','MARIA FERNANDA   RISQUEZ BLANCHARD  ','SAN JUAN DE LOS MORROS','2025-02-27 23:20:35','2025-02-27 23:20:35',NULL),
(945,8,'30543661','Alinxon Gabriel Lugo Davila','SAN JUAN DE LOS MORROS','2025-02-27 23:20:35','2025-02-27 23:20:35',NULL),
(946,8,'28316636','Joselyz Kamila Cueto Infante','SAN JUAN DE LOS MORROS','2025-02-27 23:20:35','2025-02-27 23:20:35',NULL),
(947,8,'31321306','ENJHELVER ALEXANDER GONZALEZ PANTOJA','SAN JUAN DE LOS MORROS','2025-02-27 23:20:35','2025-02-27 23:20:35',NULL),
(948,8,'30039625','Natasja Victoria Altuve Carvajal','SAN JUAN DE LOS MORROS','2025-02-27 23:20:35','2025-02-27 23:20:35',NULL),
(949,8,'26345145','DAVID EDUARDO RODRIGUEZ DIAZ','SAN JUAN DE LOS MORROS','2025-02-27 23:20:35','2025-02-27 23:20:35',NULL),
(950,8,'29781002','Abraham Jose Duque Rivas','SAN JUAN DE LOS MORROS','2025-02-27 23:20:35','2025-02-27 23:20:35',NULL),
(951,8,'30703928','ALEXANDRA  ARCAY HERNANDEZ','SAN JUAN DE LOS MORROS','2025-02-27 23:20:35','2025-02-27 23:20:35',NULL),
(952,8,'27238804','Luis  Chirinos ','SAN JUAN DE LOS MORROS','2025-02-27 23:20:35','2025-02-27 23:20:35',NULL),
(953,8,'18836512','Juan Carlos Martínez  Mejías','SAN JUAN DE LOS MORROS','2025-02-27 23:20:35','2025-02-27 23:20:35',NULL),
(954,8,'25573141','OTTO ALEJANDRO FLORES PEREZ','SAN JUAN DE LOS MORROS','2025-02-27 23:20:35','2025-02-27 23:20:35',NULL),
(955,8,'26680786','Bryan Javier  estanga Quintero ','SAN JUAN DE LOS MORROS','2025-02-27 23:20:35','2025-02-27 23:20:35',NULL),
(956,8,'27695150','Robert Jose Aponte Guache','SAN JUAN DE LOS MORROS','2025-02-27 23:20:35','2025-02-27 23:20:35',NULL),
(957,8,'30160188','Marycarmen Nazareth Baloa Mendez','SAN JUAN DE LOS MORROS','2025-02-27 23:20:35','2025-02-27 23:20:35',NULL),
(958,8,'24975060','AMILCAR JOSE BASTIDAS USECHE','SAN JUAN DE LOS MORROS','2025-02-27 23:20:35','2025-02-27 23:20:35',NULL),
(959,8,'20876241','Yenifer del Valle Castaño Nàpoles','SAN JUAN DE LOS MORROS','2025-02-27 23:20:35','2025-02-27 23:20:35',NULL),
(960,8,'28482040','Wilmary Nazareth Meza Calderon','SAN JUAN DE LOS MORROS','2025-02-27 23:20:35','2025-02-27 23:20:35',NULL),
(961,8,'30483617','Julio Cesar Jesus Castillo Machuca','SAN JUAN DE LOS MORROS','2025-02-27 23:20:35','2025-02-27 23:20:35',NULL),
(962,8,'30626807','Alexander De Jesus Perez Fitt','SAN JUAN DE LOS MORROS','2025-02-27 23:20:35','2025-02-27 23:20:35',NULL),
(963,8,'26026427','Rigger Gregorio Carrillo Coronado','SAN JUAN DE LOS MORROS','2025-02-27 23:20:35','2025-02-27 23:20:35',NULL),
(964,8,'29671603','Rene Emilio Ramos Flores','SAN JUAN DE LOS MORROS','2025-02-27 23:20:35','2025-02-27 23:20:35',NULL),
(965,8,'27326023','Argenis Eduardo Baez Hernandez','SAN JUAN DE LOS MORROS','2025-02-27 23:20:35','2025-02-27 23:20:35',NULL),
(966,8,'20356377','GUZMAN  RENE CORDOVA','SAN JUAN DE LOS MORROS','2025-02-27 23:20:35','2025-02-27 23:20:35',NULL),
(967,8,'28408449','Francisco Rafael Garcia Zerpa','SAN JUAN DE LOS MORROS','2025-02-27 23:20:35','2025-02-27 23:20:35',NULL),
(968,8,'30000977','Yonder Eliel Hernandez Salas','SAN JUAN DE LOS MORROS','2025-02-27 23:20:35','2025-02-27 23:20:35',NULL),
(969,8,'18971155','ALBERTO LA CRUZ MIRELES GARCIA','SAN JUAN DE LOS MORROS','2025-02-27 23:20:35','2025-02-27 23:20:35',NULL),
(970,8,'28544265','Eduardo  Jose Esaa Delgado','SAN JUAN DE LOS MORROS','2025-02-27 23:20:35','2025-02-27 23:20:35',NULL),
(971,8,'31195859','VILLALOBOS  JHONAISY BLANCO','SAN JUAN DE LOS MORROS','2025-02-27 23:20:35','2025-02-27 23:20:35',NULL),
(972,8,'31786612','Angel Ernesto Castro Ramos','SAN JUAN DE LOS MORROS','2025-02-27 23:20:35','2025-02-27 23:20:35',NULL),
(973,8,'32021089','  CARLOS DANIEL LOPEZ JIMENEZ ','SAN JUAN DE LOS MORROS','2025-02-27 23:20:35','2025-02-27 23:20:35',NULL),
(974,8,'29858969','Jorge Gregorio Djermanos Blanco','SAN JUAN DE LOS MORROS','2025-02-27 23:20:35','2025-02-27 23:20:35',NULL),
(975,8,'30327171','Fernando Alejandro Guzman Guanchez','SAN JUAN DE LOS MORROS','2025-02-27 23:20:35','2025-02-27 23:20:35',NULL),
(976,8,'31971326','Leonardo Javier  Moreno Ramirez ','SAN JUAN DE LOS MORROS','2025-02-27 23:20:35','2025-02-27 23:20:35',NULL),
(977,8,'21605758','Edbert Michel Rivero Granados','SAN JUAN DE LOS MORROS','2025-02-27 23:20:35','2025-02-27 23:20:35',NULL),
(978,8,'31791188','GIL  NERISMAR LOPEZ','SAN JUAN DE LOS MORROS','2025-02-27 23:20:35','2025-02-27 23:20:35',NULL),
(979,8,'26491240','Cesar  Mori ','SAN JUAN DE LOS MORROS','2025-02-27 23:20:35','2025-02-27 23:20:35',NULL),
(980,8,'29895233','Daniela Alejandra Parra Rondon','SAN JUAN DE LOS MORROS','2025-02-27 23:20:35','2025-02-27 23:20:35',NULL),
(981,8,'13115451','Carol  Medina Teran','SAN JUAN DE LOS MORROS','2025-02-27 23:20:35','2025-02-27 23:20:35',NULL),
(982,8,'29671066','Maria Gabriela Becerra Castellano','SAN JUAN DE LOS MORROS','2025-02-27 23:20:35','2025-02-27 23:20:35',NULL),
(983,8,'32601555','  JHON ZANDER BOLIVAR DONAIRE ','SAN JUAN DE LOS MORROS','2025-02-27 23:20:35','2025-02-27 23:20:35',NULL),
(984,8,'31142065','Samuel  Enrique  Requena  Armas ','SAN JUAN DE LOS MORROS','2025-02-27 23:20:35','2025-02-27 23:20:35',NULL),
(985,8,'19472417','Oscar Osmiler Perez Siso','SAN JUAN DE LOS MORROS','2025-02-27 23:20:35','2025-02-27 23:20:35',NULL),
(986,8,'30542917','Valentina  Pabon Carrero','SAN JUAN DE LOS MORROS','2025-02-27 23:20:35','2025-02-27 23:20:35',NULL),
(987,8,'26495381','cesar gerardo sanchez Alvarez','SAN JUAN DE LOS MORROS','2025-02-27 23:20:35','2025-02-27 23:20:35',NULL),
(988,8,'30026277','Brayner Jose Matute Mendez','SAN JUAN DE LOS MORROS','2025-02-27 23:20:35','2025-02-27 23:20:35',NULL),
(989,8,'30874497','Guillermo Antonio Da Costa','SAN JUAN DE LOS MORROS','2025-02-27 23:20:35','2025-02-27 23:20:35',NULL),
(990,8,'32138426','ELIMAR  NAZARETH  RODRIGUEZ  LUGO','SAN JUAN DE LOS MORROS','2025-02-27 23:20:35','2025-02-27 23:20:35',NULL),
(991,8,'26350040','KATHERINE DEL VALLE JOTA MADRIZ','SAN JUAN DE LOS MORROS','2025-02-27 23:20:35','2025-02-27 23:20:35',NULL),
(992,8,'31791392','Jose Miguel  Rangel Paez ','SAN JUAN DE LOS MORROS','2025-02-27 23:20:35','2025-02-27 23:20:35',NULL),
(993,8,'31711648','MAURIZIO ALEJANDRO D ANDREA MAGALLANES','SAN JUAN DE LOS MORROS','2025-02-27 23:20:35','2025-02-27 23:20:35',NULL),
(994,8,'31073344','Yulianny Del Carmen  Velasquez Fernandez ','SAN JUAN DE LOS MORROS','2025-02-27 23:20:35','2025-02-27 23:20:35',NULL),
(995,8,'30325659','Jose Luis Mota Da silva','SAN JUAN DE LOS MORROS','2025-02-27 23:20:35','2025-02-27 23:20:35',NULL),
(996,8,'22615739','Isamar Anais Macho Gomez','SAN JUAN DE LOS MORROS','2025-02-27 23:20:35','2025-02-27 23:20:35',NULL),
(997,8,'32083394','GARNICO  LUIS MORENO','SAN JUAN DE LOS MORROS','2025-02-27 23:20:35','2025-02-27 23:20:35',NULL),
(998,8,'30325732','Sofia Daniela Ruiz Gonzalez','SAN JUAN DE LOS MORROS','2025-02-27 23:20:35','2025-02-27 23:20:35',NULL),
(999,8,'31742914','Ariam Siled  Gil Aponte ','SAN JUAN DE LOS MORROS','2025-02-27 23:20:35','2025-02-27 23:20:35',NULL),
(1000,8,'26973084','Luis Alejandro Correa Aray','SAN JUAN DE LOS MORROS','2025-02-27 23:20:35','2025-02-27 23:20:35',NULL),
(1001,9,'30351132','CARELYS ADRIANA FIGUEROA ESAA','SAN JUAN DE LOS MORROS','2025-02-27 23:20:35','2025-02-27 23:20:35',NULL),
(1002,9,'17001048','Glenda Ninoska Aguilar Lopez','SAN JUAN DE LOS MORROS','2025-02-27 23:20:35','2025-02-27 23:20:35',NULL),
(1003,9,'28575083','FIGUEROA ESAA JUAN CARLOS','SAN JUAN DE LOS MORROS','2025-02-27 23:20:35','2025-02-27 23:20:35',NULL),
(1004,9,'29784590','CESAR DANIEL MARCANO CAPRILES','SAN JUAN DE LOS MORROS','2025-02-27 23:20:35','2025-02-27 23:20:35',NULL),
(1005,9,'31536954','Camila Sarai  Bolivar Veliz ','SAN JUAN DE LOS MORROS','2025-02-27 23:20:35','2025-02-27 23:20:35',NULL),
(1006,9,'31915084','  LEIBER JOSE PENA RODRIGUEZ ','SAN JUAN DE LOS MORROS','2025-02-27 23:20:35','2025-02-27 23:20:35',NULL),
(1007,9,'31473298','CARLOS ALBERTO SOTO LORETO','SAN JUAN DE LOS MORROS','2025-02-27 23:20:35','2025-02-27 23:20:35',NULL),
(1008,9,'31116909','Cristhian Alejandro  Hernandez Hernandez ','SAN JUAN DE LOS MORROS','2025-02-27 23:20:35','2025-02-27 23:20:35',NULL),
(1009,9,'31835096','  DANIEL ALFONZO GEDLER TOVAR ','SAN JUAN DE LOS MORROS','2025-02-27 23:20:35','2025-02-27 23:20:35',NULL),
(1010,9,'32694368','Raymon Jose Villalba Sojo','SAN JUAN DE LOS MORROS','2025-02-27 23:20:35','2025-02-27 23:20:35',NULL),
(1011,9,'28518623','la Roca  Roger ','SAN JUAN DE LOS MORROS','2025-02-27 23:20:35','2025-02-27 23:20:35',NULL),
(1012,9,'28176948','Bolivar Sanchez Maria Isabel','SAN JUAN DE LOS MORROS','2025-02-27 23:20:35','2025-02-27 23:20:35',NULL),
(1013,9,'28012813','Quijada Machado Enrique Fernando','SAN JUAN DE LOS MORROS','2025-02-27 23:20:35','2025-02-27 23:20:35',NULL),
(1014,9,'26973332','Romero Reyes Jose Antonio','SAN JUAN DE LOS MORROS','2025-02-27 23:20:35','2025-02-27 23:20:35',NULL),
(1015,9,'18803509','Juan de Dios  Velasquez Bolivar','SAN JUAN DE LOS MORROS','2025-02-27 23:20:35','2025-02-27 23:20:35',NULL),
(1016,9,'30463459','Ronnys  Antonio  Almeida Avila ','SAN JUAN DE LOS MORROS','2025-02-27 23:20:35','2025-02-27 23:20:35',NULL),
(1017,9,'20911660','TOVAR  DOUGLAS ANTONIO','SAN JUAN DE LOS MORROS','2025-02-27 23:20:35','2025-02-27 23:20:35',NULL),
(1018,9,'26428612','Dougla Eduardo Herrera Labarca','SAN JUAN DE LOS MORROS','2025-02-27 23:20:35','2025-02-27 23:20:35',NULL),
(1019,9,'30971816','Pimentel Lopez Veronica Alexandra','SAN JUAN DE LOS MORROS','2025-02-27 23:20:35','2025-02-27 23:20:35',NULL),
(1020,10,'28408353','Kevin Gabriel Martinez Sojo','SAN JUAN DE LOS MORROS','2025-02-27 23:20:35','2025-02-27 23:20:35',NULL),
(1021,10,'32087601','LUZ MARY  MORALES FLORES ','SAN JUAN DE LOS MORROS','2025-02-27 23:20:35','2025-02-27 23:20:35',NULL),
(1022,10,'30406473','Nahiyer Alexandra Carpio Paredes','SAN JUAN DE LOS MORROS','2025-02-27 23:20:35','2025-02-27 23:20:35',NULL),
(1023,10,'31729006','   ROSANGEL ANTHONELLA CONDE SANCHEZ  ','SAN JUAN DE LOS MORROS','2025-02-27 23:20:35','2025-02-27 23:20:35',NULL),
(1024,10,'30276133','Ronny  Anyely Briceno Gonzalez','SAN JUAN DE LOS MORROS','2025-02-27 23:20:35','2025-02-27 23:20:35',NULL),
(1025,10,'31073626','ANDRES ALEJANDRO PENA SALAZAR','SAN JUAN DE LOS MORROS','2025-02-27 23:20:35','2025-02-27 23:20:35',NULL),
(1026,10,'31415597','MARIA  ESPERANZA  VEROES  SABALLO','SAN JUAN DE LOS MORROS','2025-02-27 23:20:35','2025-02-27 23:20:35',NULL),
(1027,10,'30872009','Keiver Alexander  Castillo Goncalves ','SAN JUAN DE LOS MORROS','2025-02-27 23:20:35','2025-02-27 23:20:35',NULL),
(1028,10,'29940573','CARLOS ANIBAL   GALANTON MEDINA  ','SAN JUAN DE LOS MORROS','2025-02-27 23:20:35','2025-02-27 23:20:35',NULL),
(1029,10,'32086090','   AISMEL HANDREINA CASTILLO MARRERO  ','SAN JUAN DE LOS MORROS','2025-02-27 23:20:35','2025-02-27 23:20:35',NULL),
(1030,10,'31651950','Sebastian Jesus  Penaloza Ynaga ','SAN JUAN DE LOS MORROS','2025-02-27 23:20:35','2025-02-27 23:20:35',NULL),
(1031,10,'30663171','FRANCHESKA   SILVESTRE  ','SAN JUAN DE LOS MORROS','2025-02-27 23:20:35','2025-02-27 23:20:35',NULL),
(1032,10,'29671035','KENDY ISAAC GUACARO FAVIAS','SAN JUAN DE LOS MORROS','2025-02-27 23:20:35','2025-02-27 23:20:35',NULL),
(1033,10,'31107582','RAFAEL  GONZALEZ ','SAN JUAN DE LOS MORROS','2025-02-27 23:20:35','2025-02-27 23:20:35',NULL),
(1034,10,'31786810','   LUISANA DEL CARMEN RAMIREZ RAMIREZ  ','SAN JUAN DE LOS MORROS','2025-02-27 23:20:35','2025-02-27 23:20:35',NULL),
(1035,10,'31625391','Carlos Alexander  Suarez Machado ','SAN JUAN DE LOS MORROS','2025-02-27 23:20:35','2025-02-27 23:20:35',NULL),
(1036,10,'32143018','Barbara Valentina Linares Gonzalez','SAN JUAN DE LOS MORROS','2025-02-27 23:20:35','2025-02-27 23:20:35',NULL),
(1037,10,'31182746','Kelvis Daniel Piña Pantoja','SAN JUAN DE LOS MORROS','2025-02-27 23:20:35','2025-02-27 23:20:35',NULL),
(1038,10,'31301444','Jesus Alberto  Blanco Gonzalez ','SAN JUAN DE LOS MORROS','2025-02-27 23:20:35','2025-02-27 23:20:35',NULL),
(1039,10,'31711605','   MIGUEL EDUARDO MANRIQUE MENDEZ  ','SAN JUAN DE LOS MORROS','2025-02-27 23:20:35','2025-02-27 23:20:35',NULL),
(1040,10,'19594313','Wladimir Jose Paez Quiaro','SAN JUAN DE LOS MORROS','2025-02-27 23:20:35','2025-02-27 23:20:35',NULL),
(1041,10,'31931330','   JEANLIER RAFAEL GARCIA CEDENO  ','SAN JUAN DE LOS MORROS','2025-02-27 23:20:35','2025-02-27 23:20:35',NULL),
(1042,10,'28496661','NELSON RICARDO  AGUIRRE BOLIVAR ','SAN JUAN DE LOS MORROS','2025-02-27 23:20:35','2025-02-27 23:20:35',NULL),
(1043,10,'31283988','Juan Pablo  escalante Alvarado ','SAN JUAN DE LOS MORROS','2025-02-27 23:20:35','2025-02-27 23:20:35',NULL),
(1044,10,'31001275','Mariangel Daniela  Cervantes escorche ','SAN JUAN DE LOS MORROS','2025-02-27 23:20:35','2025-02-27 23:20:35',NULL),
(1045,10,'31274291','Norminia elena  Diaz Baradat ','SAN JUAN DE LOS MORROS','2025-02-27 23:20:35','2025-02-27 23:20:35',NULL),
(1046,10,'27238718','Carlos Yajal Zerpa Milano','SAN JUAN DE LOS MORROS','2025-02-27 23:20:35','2025-02-27 23:20:35',NULL),
(1047,10,'30500761','Arianny Brisley Martinez Acevedo','SAN JUAN DE LOS MORROS','2025-02-27 23:20:35','2025-02-27 23:20:35',NULL),
(1048,10,'30961975','Rusbelys Josefina  Carpio Romero ','SAN JUAN DE LOS MORROS','2025-02-27 23:20:35','2025-02-27 23:20:35',NULL),
(1049,10,'32256813','LEIBERT ALEXANDRO ARTEAGA SIERRA','SAN JUAN DE LOS MORROS','2025-02-27 23:20:35','2025-02-27 23:20:35',NULL),
(1050,10,'32087602','Daimelis Gabriela  Sojo Diaz ','SAN JUAN DE LOS MORROS','2025-02-27 23:20:35','2025-02-27 23:20:35',NULL),
(1051,10,'31923201','   YOLIMAR DEL VALLE CARRIZALEZ PEREZ  ','SAN JUAN DE LOS MORROS','2025-02-27 23:20:35','2025-02-27 23:20:35',NULL),
(1052,10,'31665025','Johandry Jesus  Soto Delgado ','SAN JUAN DE LOS MORROS','2025-02-27 23:20:35','2025-02-27 23:20:35',NULL),
(1053,10,'28176150','JHONDER JOSE ACOSTA RIVERO','SAN JUAN DE LOS MORROS','2025-02-27 23:20:35','2025-02-27 23:20:35',NULL),
(1054,10,'30789998','MIGUEL ENRIQUE ROJAS GONZALEZ','SAN JUAN DE LOS MORROS','2025-02-27 23:20:35','2025-02-27 23:20:35',NULL),
(1055,10,'31142161','MARIA VICTORIA CASADIEGO REBOLLEDO','SAN JUAN DE LOS MORROS','2025-02-27 23:20:35','2025-02-27 23:20:35',NULL),
(1056,10,'30463224','Anayeli Dairianny  Diamont Hernandez ','SAN JUAN DE LOS MORROS','2025-02-27 23:20:35','2025-02-27 23:20:35',NULL),
(1057,10,'31415631','ELIAS MIGUEL  REQUENA GORRIN ','SAN JUAN DE LOS MORROS','2025-02-27 23:20:35','2025-02-27 23:20:35',NULL),
(1058,10,'31790052','JOINNER LEONELL  GOMEZ BEJARANO ','SAN JUAN DE LOS MORROS','2025-02-27 23:20:35','2025-02-27 23:20:35',NULL),
(1059,10,'30463419','Beleany Vanessa Jose Rondon Lopez','SAN JUAN DE LOS MORROS','2025-02-27 23:20:35','2025-02-27 23:20:35',NULL),
(1060,10,'32644856','   MARIANNY DE LOS ANGELES LEAL MOSQUERA  ','SAN JUAN DE LOS MORROS','2025-02-27 23:20:35','2025-02-27 23:20:35',NULL),
(1061,10,'32223135','SOLORZANO  FREDDY LINERO','SAN JUAN DE LOS MORROS','2025-02-27 23:20:35','2025-02-27 23:20:35',NULL),
(1062,10,'32792783','LEON  ANACRUZ BOLIVAR','SAN JUAN DE LOS MORROS','2025-02-27 23:20:35','2025-02-27 23:20:35',NULL),
(1063,10,'28097139','YULBRYNNER  GAVIDIA ','SAN JUAN DE LOS MORROS','2025-02-27 23:20:35','2025-02-27 23:20:35',NULL),
(1064,10,'31197356','Yuseicar Nazareth  Vargas Sojo ','SAN JUAN DE LOS MORROS','2025-02-27 23:20:35','2025-02-27 23:20:35',NULL),
(1065,10,'30825557','enyerbeth David  Ollarves Gonzalez ','SAN JUAN DE LOS MORROS','2025-02-27 23:20:35','2025-02-27 23:20:35',NULL),
(1066,10,'32633700',' RODRIGUEZ  DALIANY NAVARRO','SAN JUAN DE LOS MORROS','2025-02-27 23:20:35','2025-02-27 23:20:35',NULL),
(1067,10,'31415552','JESUS MANUEL APARICIO MARTINEZ','SAN JUAN DE LOS MORROS','2025-02-27 23:20:35','2025-02-27 23:20:35',NULL),
(1068,10,'30703745','Jeisson Yorjani  Labrador Alvia ','SAN JUAN DE LOS MORROS','2025-02-27 23:20:35','2025-02-27 23:20:35',NULL),
(1069,10,'31984072','Daniela De Jesus  Chirinos Santos ','SAN JUAN DE LOS MORROS','2025-02-27 23:20:35','2025-02-27 23:20:35',NULL),
(1070,10,'30499131','Brando Alejandro Leon Ochoa','SAN JUAN DE LOS MORROS','2025-02-27 23:20:35','2025-02-27 23:20:35',NULL),
(1071,10,'31743065','   FIORELLA VICET HURTADO PALMA  ','SAN JUAN DE LOS MORROS','2025-02-27 23:20:35','2025-02-27 23:20:35',NULL),
(1072,10,'31375046','Hernan De Jesus  Hernandez Aular ','SAN JUAN DE LOS MORROS','2025-02-27 23:20:35','2025-02-27 23:20:35',NULL),
(1073,10,'30389020','Juan Manuel Rondon Sulbaran','SAN JUAN DE LOS MORROS','2025-02-27 23:20:35','2025-02-27 23:20:35',NULL),
(1074,10,'30137561','Felix eduardo  Ramirez Tortolero ','SAN JUAN DE LOS MORROS','2025-02-27 23:20:35','2025-02-27 23:20:35',NULL),
(1075,10,'31692903','LUDIANGELLY DANIELA GARCIA MENDEZ','SAN JUAN DE LOS MORROS','2025-02-27 23:20:36','2025-02-27 23:20:36',NULL),
(1076,10,'21605774','ALEXSMAR LUISANA ZIEGLER VILORIA','SAN JUAN DE LOS MORROS','2025-02-27 23:20:36','2025-02-27 23:20:36',NULL),
(1077,10,'31415279','   DELWIS ANDRES HURTADO PEREZ  ','SAN JUAN DE LOS MORROS','2025-02-27 23:20:36','2025-02-27 23:20:36',NULL),
(1078,10,'30703702','MARIA ALEJANDRA MATOS BOLIVAR','SAN JUAN DE LOS MORROS','2025-02-27 23:20:36','2025-02-27 23:20:36',NULL),
(1079,10,'30850779','ERNESTO ALEJANDRO DE JESUS AZUAJE ZAPATA','SAN JUAN DE LOS MORROS','2025-02-27 23:20:36','2025-02-27 23:20:36',NULL),
(1080,10,'32428501','Aliana Del Carmen  Matute Ospino ','SAN JUAN DE LOS MORROS','2025-02-27 23:20:36','2025-02-27 23:20:36',NULL),
(1081,10,'17063602','JUAN JOSE LARA GONZALEZ','SAN JUAN DE LOS MORROS','2025-02-27 23:20:36','2025-02-27 23:20:36',NULL),
(1082,10,'30874017','Leonardo Jose Mejias Seijas','SAN JUAN DE LOS MORROS','2025-02-27 23:20:36','2025-02-27 23:20:36',NULL),
(1083,10,'31786038','Johelt Alexander Gutierrez Toro','SAN JUAN DE LOS MORROS','2025-02-27 23:20:36','2025-02-27 23:20:36',NULL),
(1084,10,'27712139','Enrique Jose Perez Alvarado','SAN JUAN DE LOS MORROS','2025-02-27 23:20:36','2025-02-27 23:20:36',NULL),
(1085,10,'27863662','JAVIER ALEJANDRO  JASPE AGUILAR ','SAN JUAN DE LOS MORROS','2025-02-27 23:20:36','2025-02-27 23:20:36',NULL),
(1086,10,'31489879','NESTOR EDUARDO SEGOVIA HERNANDEZ','SAN JUAN DE LOS MORROS','2025-02-27 23:20:36','2025-02-27 23:20:36',NULL),
(1087,10,'30626584','Rashnel Jose  Teran Figuera ','SAN JUAN DE LOS MORROS','2025-02-27 23:20:36','2025-02-27 23:20:36',NULL),
(1088,10,'30160083','SAMUEL ALFREDO  AGUILERA RAMIREZ ','SAN JUAN DE LOS MORROS','2025-02-27 23:20:36','2025-02-27 23:20:36',NULL),
(1089,10,'30703945','LUIS OSBALDO OJEDA PALACIOS','SAN JUAN DE LOS MORROS','2025-02-27 23:20:36','2025-02-27 23:20:36',NULL),
(1090,10,'31261604','DIANNYS MICHELL  HERNANDEZ POLACRE ','SAN JUAN DE LOS MORROS','2025-02-27 23:20:36','2025-02-27 23:20:36',NULL),
(1091,10,'31787040','   DIONAIKER JOSE HERNANDEZ ROMERO  ','SAN JUAN DE LOS MORROS','2025-02-27 23:20:36','2025-02-27 23:20:36',NULL),
(1092,10,'30780765','Nazareth Fransheska Martinez Alvarado','SAN JUAN DE LOS MORROS','2025-02-27 23:20:36','2025-02-27 23:20:36',NULL),
(1093,10,'32138572','Maria Daniela Gamez Garcia','SAN JUAN DE LOS MORROS','2025-02-27 23:20:36','2025-02-27 23:20:36',NULL),
(1094,10,'31321391','Florielys Alexandra  Castillo Flores ','SAN JUAN DE LOS MORROS','2025-02-27 23:20:36','2025-02-27 23:20:36',NULL),
(1095,10,'31376386','Ruben Alejandro  Reano Martinez ','SAN JUAN DE LOS MORROS','2025-02-27 23:20:36','2025-02-27 23:20:36',NULL),
(1096,10,'30350732','Andres Alexander  Guerrero Flores ','SAN JUAN DE LOS MORROS','2025-02-27 23:20:36','2025-02-27 23:20:36',NULL),
(1097,10,'27238563','Gabriel Sebastian Peña Olivo','SAN JUAN DE LOS MORROS','2025-02-27 23:20:36','2025-02-27 23:20:36',NULL),
(1098,10,'30463128','Diaz Medina Yuvair Jose','SAN JUAN DE LOS MORROS','2025-02-27 23:20:36','2025-02-27 23:20:36',NULL),
(1099,10,'30825838','Flores Flores Wilmari Valentina','SAN JUAN DE LOS MORROS','2025-02-27 23:20:36','2025-02-27 23:20:36',NULL),
(1100,10,'31261646','Franco Manrique Daniel Alejandro','SAN JUAN DE LOS MORROS','2025-02-27 23:20:36','2025-02-27 23:20:36',NULL),
(1101,10,'30416417','Vina Vicentelli Guillermo Rafael','SAN JUAN DE LOS MORROS','2025-02-27 23:20:36','2025-02-27 23:20:36',NULL),
(1102,10,'20246991','Rubén Darío Vera Seijas','SAN JUAN DE LOS MORROS','2025-02-27 23:20:36','2025-02-27 23:20:36',NULL),
(1103,10,'22883328','SEIJAS RODRIGUEZ NOELVIS ALEXANDER','SAN JUAN DE LOS MORROS','2025-02-27 23:20:36','2025-02-27 23:20:36',NULL),
(1104,10,'30644422','Gonzalez Uzcategui Ronny Miguel','SAN JUAN DE LOS MORROS','2025-02-27 23:20:36','2025-02-27 23:20:36',NULL),
(1105,10,'30669379','BECERRA ARTEAGA ANAILIZ EGLIZNAI','SAN JUAN DE LOS MORROS','2025-02-27 23:20:36','2025-02-27 23:20:36',NULL),
(1106,10,'26954998','Franco Colmenares Marilis del valle','SAN JUAN DE LOS MORROS','2025-02-27 23:20:36','2025-02-27 23:20:36',NULL),
(1107,10,'27520038','Sinai Eliza Garcia Pimentel','SAN JUAN DE LOS MORROS','2025-02-27 23:20:36','2025-02-27 23:20:36',NULL),
(1108,10,'30611906','Ramos  Mariangel ','SAN JUAN DE LOS MORROS','2025-02-27 23:20:36','2025-02-27 23:20:36',NULL),
(1109,10,'28482405','Engerbert De Jesus Mendez Moreno','SAN JUAN DE LOS MORROS','2025-02-27 23:20:36','2025-02-27 23:20:36',NULL),
(1110,10,'30463688','Briceno  Omar ','SAN JUAN DE LOS MORROS','2025-02-27 23:20:36','2025-02-27 23:20:36',NULL),
(1111,10,'28760793','Jaramillo Matute Enderson Jose','SAN JUAN DE LOS MORROS','2025-02-27 23:20:36','2025-02-27 23:20:36',NULL),
(1112,10,'30276182','ESPINE COBOS DANIEL EDUARDO','SAN JUAN DE LOS MORROS','2025-02-27 23:20:36','2025-02-27 23:20:36',NULL),
(1113,10,'30043008','BORGES SEQUEDA FRAYBERT RUBEN','SAN JUAN DE LOS MORROS','2025-02-27 23:20:36','2025-02-27 23:20:36',NULL),
(1114,10,'29858771','GARCIA ALVARADO JOSEPH ALBERTO','SAN JUAN DE LOS MORROS','2025-02-27 23:20:36','2025-02-27 23:20:36',NULL),
(1115,10,'27612395','silva  jose ','SAN JUAN DE LOS MORROS','2025-02-27 23:20:36','2025-02-27 23:20:36',NULL),
(1116,10,'27369331','SANTOS VENTA GREVALL LEANDRO','SAN JUAN DE LOS MORROS','2025-02-27 23:20:36','2025-02-27 23:20:36',NULL),
(1117,10,'30160161','Goncalves Hernandez Leonardo Daniel','SAN JUAN DE LOS MORROS','2025-02-27 23:20:36','2025-02-27 23:20:36',NULL),
(1118,10,'30043900','Mijares Aparicio Solmarys Nazareth','SAN JUAN DE LOS MORROS','2025-02-27 23:20:36','2025-02-27 23:20:36',NULL),
(1119,10,'17251698','Rojas Rivero Jeymson Jovier','SAN JUAN DE LOS MORROS','2025-02-27 23:20:36','2025-02-27 23:20:36',NULL),
(1120,10,'24975569','Axcel Joscar Ramírez Gómez','SAN JUAN DE LOS MORROS','2025-02-27 23:20:36','2025-02-27 23:20:36',NULL),
(1121,10,'30276549','MATERAN DIAZ JESUS RAFAEL','SAN JUAN DE LOS MORROS','2025-02-27 23:20:36','2025-02-27 23:20:36',NULL),
(1122,10,'29576597','Olivo  Melanie ','SAN JUAN DE LOS MORROS','2025-02-27 23:20:36','2025-02-27 23:20:36',NULL),
(1123,10,'27646356','Guevara Villamizar Michelle Dahymar','SAN JUAN DE LOS MORROS','2025-02-27 23:20:36','2025-02-27 23:20:36',NULL),
(1124,10,'30039396','MERCADO ALVARADO ARNALDO JOHAN','SAN JUAN DE LOS MORROS','2025-02-27 23:20:36','2025-02-27 23:20:36',NULL),
(1125,10,'28051516','Nabki Gil Haithamny Mehvarak','SAN JUAN DE LOS MORROS','2025-02-27 23:20:36','2025-02-27 23:20:36',NULL),
(1126,10,'28176262','Enyerzon Jose Romero Nieves','SAN JUAN DE LOS MORROS','2025-02-27 23:20:36','2025-02-27 23:20:36',NULL),
(1127,10,'30039796','briceno da silva fiorella andreyna','SAN JUAN DE LOS MORROS','2025-02-27 23:20:36','2025-02-27 23:20:36',NULL),
(1128,10,'29940747','Alahe Perez Silvert Paul Saguainey','SAN JUAN DE LOS MORROS','2025-02-27 23:20:36','2025-02-27 23:20:36',NULL),
(1129,10,'28482468','Parra  Luismary ','SAN JUAN DE LOS MORROS','2025-02-27 23:20:36','2025-02-27 23:20:36',NULL),
(1130,11,'30725025','Maria Fernanda Soto Capote','SAN JUAN DE LOS MORROS','2025-02-27 23:20:36','2025-02-27 23:20:36',NULL),
(1131,11,'28176135','Santiago Rolando Morgado Cuesta','SAN JUAN DE LOS MORROS','2025-02-27 23:20:36','2025-02-27 23:20:36',NULL),
(1132,11,'26615703','Arnaldo Raúl Castillo Guevara','SAN JUAN DE LOS MORROS','2025-02-27 23:20:36','2025-02-27 23:20:36',NULL),
(1133,11,'31081048','ELIS MIGUEL  LOPEZ GONZALEZ ','SAN JUAN DE LOS MORROS','2025-02-27 23:20:36','2025-02-27 23:20:36',NULL),
(1134,11,'31742978','Javier Alessander Contreras Delgado','SAN JUAN DE LOS MORROS','2025-02-27 23:20:36','2025-02-27 23:20:36',NULL),
(1135,11,'28050249','Nestor Luis Ibarra Hernandez','SAN JUAN DE LOS MORROS','2025-02-27 23:20:36','2025-02-27 23:20:36',NULL),
(1136,11,'29659511','Giovanni Alexander Oliveros Blanco','SAN JUAN DE LOS MORROS','2025-02-27 23:20:36','2025-02-27 23:20:36',NULL),
(1137,11,'26848680','EDWIN  ALEJANDRO DE JESUS ROJAS  MARTINEZ','SAN JUAN DE LOS MORROS','2025-02-27 23:20:36','2025-02-27 23:20:36',NULL),
(1138,11,'32771831','Jose Antonio Flores flores','SAN JUAN DE LOS MORROS','2025-02-27 23:20:36','2025-02-27 23:20:36',NULL),
(1139,11,'30038779','Jose Antonio Marquez Brea','SAN JUAN DE LOS MORROS','2025-02-27 23:20:36','2025-02-27 23:20:36',NULL),
(1140,11,'30276772','Leidy Salome Callejas Rodriguez','SAN JUAN DE LOS MORROS','2025-02-27 23:20:36','2025-02-27 23:20:36',NULL),
(1141,11,'27238967','Jose Alejandro Perez Licon','SAN JUAN DE LOS MORROS','2025-02-27 23:20:36','2025-02-27 23:20:36',NULL),
(1142,11,'31376531','  ELIANNIBETH DE JESUS PADRINO BELLO ','SAN JUAN DE LOS MORROS','2025-02-27 23:20:36','2025-02-27 23:20:36',NULL),
(1143,11,'30336467','JOSE LEONARDO  DOMINGUEZ TOVAR ','SAN JUAN DE LOS MORROS','2025-02-27 23:20:36','2025-02-27 23:20:36',NULL),
(1144,11,'31711560','VALENTINA DEL VALLE VINA ROMERO','SAN JUAN DE LOS MORROS','2025-02-27 23:20:36','2025-02-27 23:20:36',NULL),
(1145,11,'30128952','Maria Daniela Infante Alejos','SAN JUAN DE LOS MORROS','2025-02-27 23:20:36','2025-02-27 23:20:36',NULL),
(1146,11,'30406049','Abrahan Moises bastidas Moreno','SAN JUAN DE LOS MORROS','2025-02-27 23:20:36','2025-02-27 23:20:36',NULL),
(1147,11,'18971718','Eduardo Luis Carvallo  Wloezuk','SAN JUAN DE LOS MORROS','2025-02-27 23:20:36','2025-02-27 23:20:36',NULL),
(1148,11,'31536868','  LUIS DAVID BERMUDEZ LORETO ','SAN JUAN DE LOS MORROS','2025-02-27 23:20:36','2025-02-27 23:20:36',NULL),
(1149,11,'31756528','JESUS ABRAHAM VELAZQUEZ PAEZ','SAN JUAN DE LOS MORROS','2025-02-27 23:20:36','2025-02-27 23:20:36',NULL),
(1150,11,'28176143','Joel Enrique Carpio Lopez','SAN JUAN DE LOS MORROS','2025-02-27 23:20:36','2025-02-27 23:20:36',NULL),
(1151,11,'31120261','Misael Aron Requena Meneses','SAN JUAN DE LOS MORROS','2025-02-27 23:20:36','2025-02-27 23:20:36',NULL),
(1152,11,'30463569','Angel Manuel Aguilar Solorzano','SAN JUAN DE LOS MORROS','2025-02-27 23:20:36','2025-02-27 23:20:36',NULL),
(1153,11,'28051690','Gabriel elias  Bolivar Lopez ','SAN JUAN DE LOS MORROS','2025-02-27 23:20:36','2025-02-27 23:20:36',NULL),
(1154,11,'30081776','Fernando Iesus Pinto Alvarez','SAN JUAN DE LOS MORROS','2025-02-27 23:20:36','2025-02-27 23:20:36',NULL),
(1155,11,'31081375','Leomar esteban Jaspe  Morillo','SAN JUAN DE LOS MORROS','2025-02-27 23:20:36','2025-02-27 23:20:36',NULL),
(1156,11,'32288251','  NEOMAR ENRIQUE SOJO SARRAMERA ','SAN JUAN DE LOS MORROS','2025-02-27 23:20:36','2025-02-27 23:20:36',NULL),
(1157,11,'30663228','Jurelis Yuzmar Natera Quintero','SAN JUAN DE LOS MORROS','2025-02-27 23:20:36','2025-02-27 23:20:36',NULL),
(1158,11,'29941366','Jesus Miguel  Ziegler Mota','SAN JUAN DE LOS MORROS','2025-02-27 23:20:36','2025-02-27 23:20:36',NULL),
(1159,11,'31032115','KEIMER  DAVID  DAVILA  PEREZ','SAN JUAN DE LOS MORROS','2025-02-27 23:20:36','2025-02-27 23:20:36',NULL),
(1160,11,'32373462','  JOSUE DAVID ROMERO RUIZ ','SAN JUAN DE LOS MORROS','2025-02-27 23:20:36','2025-02-27 23:20:36',NULL),
(1161,11,'29941102','Francisco  Cerezo Jimenez  ','SAN JUAN DE LOS MORROS','2025-02-27 23:20:36','2025-02-27 23:20:36',NULL),
(1162,11,'33205388','Alex Emilio Garcia Crisetig','SAN JUAN DE LOS MORROS','2025-02-27 23:20:36','2025-02-27 23:20:36',NULL),
(1163,11,'32328364','  CARLOS ALEXANDER COLMENARES TORRES ','SAN JUAN DE LOS MORROS','2025-02-27 23:20:36','2025-02-27 23:20:36',NULL),
(1164,11,'31523716','Rubens Josue Rizquez Montenego','SAN JUAN DE LOS MORROS','2025-02-27 23:20:36','2025-02-27 23:20:36',NULL),
(1165,11,'25573630','Car Luis Landaeta Barrios','SAN JUAN DE LOS MORROS','2025-02-27 23:20:36','2025-02-27 23:20:36',NULL),
(1166,11,'31141965','TOMAS MOISES BRICENO MAYORCA','SAN JUAN DE LOS MORROS','2025-02-27 23:20:36','2025-02-27 23:20:36',NULL),
(1167,11,'30276608','Albert Antonio Villalobos Rodriguez','SAN JUAN DE LOS MORROS','2025-02-27 23:20:36','2025-02-27 23:20:36',NULL),
(1168,11,'29781861','Jorge Andres Herrera Bonavista','SAN JUAN DE LOS MORROS','2025-02-27 23:20:36','2025-02-27 23:20:36',NULL),
(1169,11,'27408109','Luisa Marbi Tomase Canelon','SAN JUAN DE LOS MORROS','2025-02-27 23:20:36','2025-02-27 23:20:36',NULL),
(1170,11,'28176115','Eduard Jose Perez Romero','SAN JUAN DE LOS MORROS','2025-02-27 23:20:36','2025-02-27 23:20:36',NULL),
(1171,11,'31970945','  PEDRO JOSE HERNANDEZ HERNANDEZ ','SAN JUAN DE LOS MORROS','2025-02-27 23:20:36','2025-02-27 23:20:36',NULL),
(1172,11,'27233886','Ricardo Jose Rondon Uvieda','SAN JUAN DE LOS MORROS','2025-02-27 23:20:36','2025-02-27 23:20:36',NULL),
(1173,11,'29576526','Katherine Eikar Perez Roman','SAN JUAN DE LOS MORROS','2025-02-27 23:20:36','2025-02-27 23:20:36',NULL),
(1174,11,'26283005','Argenis Jose Perez Reyes','SAN JUAN DE LOS MORROS','2025-02-27 23:20:36','2025-02-27 23:20:36',NULL),
(1175,11,'23862098','MERCY REBECA ALVAREZ RIVAS','SAN JUAN DE LOS MORROS','2025-02-27 23:20:36','2025-02-27 23:20:36',NULL),
(1176,11,'31639064','CARRIZO  JERSON DURAN','SAN JUAN DE LOS MORROS','2025-02-27 23:20:36','2025-02-27 23:20:36',NULL),
(1177,11,'31755479','  ALEXIS JAVIER BAZA MATA ','SAN JUAN DE LOS MORROS','2025-02-27 23:20:36','2025-02-27 23:20:36',NULL),
(1178,11,'30144972','Jhoshua Dominick Jaimes Natera','SAN JUAN DE LOS MORROS','2025-02-27 23:20:36','2025-02-27 23:20:36',NULL),
(1179,11,'31107390','BRYAM DAVID HERNANDEZ RON','SAN JUAN DE LOS MORROS','2025-02-27 23:20:36','2025-02-27 23:20:36',NULL),
(1180,11,'31742919','  CARMINE AUGUSTO BERNABEI PALACIOS ','SAN JUAN DE LOS MORROS','2025-02-27 23:20:36','2025-02-27 23:20:36',NULL),
(1181,11,'31789892','FAJARDO  FRANYER SOSA','SAN JUAN DE LOS MORROS','2025-02-27 23:20:36','2025-02-27 23:20:36',NULL),
(1182,11,'31481180','  JOSE SAMUEL SERRANO PEREZ ','SAN JUAN DE LOS MORROS','2025-02-27 23:20:36','2025-02-27 23:20:36',NULL),
(1183,11,'30463851','Alejandro Jose Rafael Perez Lopez','SAN JUAN DE LOS MORROS','2025-02-27 23:20:36','2025-02-27 23:20:36',NULL),
(1184,11,'31429447','YORBERTH JAVIER  MEJIAS FLORES ','SAN JUAN DE LOS MORROS','2025-02-27 23:20:36','2025-02-27 23:20:36',NULL),
(1185,11,'30043512','Arianna Alejandra Silva Pereira','SAN JUAN DE LOS MORROS','2025-02-27 23:20:36','2025-02-27 23:20:36',NULL),
(1186,11,'31376288','Juan Carlos Acosta Mejias','SAN JUAN DE LOS MORROS','2025-02-27 23:20:36','2025-02-27 23:20:36',NULL),
(1187,11,'30961362','Horacio Antonio Salvati Delgado','SAN JUAN DE LOS MORROS','2025-02-27 23:20:36','2025-02-27 23:20:36',NULL),
(1188,11,'31031524','JOSE ALEJANDRO JIMENEZ ORTEGA','SAN JUAN DE LOS MORROS','2025-02-27 23:20:36','2025-02-27 23:20:36',NULL),
(1189,11,'30300460','Cristian Eduardo Ruiz Cardenas','SAN JUAN DE LOS MORROS','2025-02-27 23:20:36','2025-02-27 23:20:36',NULL),
(1190,11,'28482225','Cruz Daniel Montezuma Ramirez','SAN JUAN DE LOS MORROS','2025-02-27 23:20:36','2025-02-27 23:20:36',NULL),
(1191,11,'26973147','Ronald Antonio Bustamante Da Silva','SAN JUAN DE LOS MORROS','2025-02-27 23:20:36','2025-02-27 23:20:36',NULL),
(1192,11,'26973716','Manuel Alejandro Giannone Garnico','SAN JUAN DE LOS MORROS','2025-02-27 23:20:36','2025-02-27 23:20:36',NULL),
(1193,11,'29941006','Jhonlenno Amado Perez Leal','SAN JUAN DE LOS MORROS','2025-02-27 23:20:36','2025-02-27 23:20:36',NULL),
(1194,11,'31473242','Gabriel Manuel  Pita Reyes ','SAN JUAN DE LOS MORROS','2025-02-27 23:20:36','2025-02-27 23:20:36',NULL),
(1195,11,'31737569','  JESUS EDUARDO TADELMO PEREZ ','SAN JUAN DE LOS MORROS','2025-02-27 23:20:36','2025-02-27 23:20:36',NULL),
(1196,11,'27863678','Eliezer Jose Pulido Araujo','SAN JUAN DE LOS MORROS','2025-02-27 23:20:36','2025-02-27 23:20:36',NULL),
(1197,11,'31692926','YOSBER JOSE LOMBANO CARRIZALES','SAN JUAN DE LOS MORROS','2025-02-27 23:20:36','2025-02-27 23:20:36',NULL),
(1198,11,'31141740','MARIANGELI ALEJANDRA GOMEZ  CARVAJAL','SAN JUAN DE LOS MORROS','2025-02-27 23:20:36','2025-02-27 23:20:36',NULL),
(1199,11,'30160377','Nahum Guillermo Medina Fernadez','SAN JUAN DE LOS MORROS','2025-02-27 23:20:36','2025-02-27 23:20:36',NULL),
(1200,11,'30039529','edward David Quintero Santaella','SAN JUAN DE LOS MORROS','2025-02-27 23:20:36','2025-02-27 23:20:36',NULL),
(1201,11,'31171717','Yguaro Landaeta  Mariangel Josefina ','SAN JUAN DE LOS MORROS','2025-02-27 23:20:36','2025-02-27 23:20:36',NULL),
(1202,11,'30276353','VALENTINA  ISABEL GARCIA  MENDOZA','SAN JUAN DE LOS MORROS','2025-02-27 23:20:36','2025-02-27 23:20:36',NULL),
(1203,11,'30463453','Julian Alfonzo Sojo Matos','SAN JUAN DE LOS MORROS','2025-02-27 23:20:36','2025-02-27 23:20:36',NULL),
(1204,11,'30780503','Javier Eduardo Pacheco Pena','SAN JUAN DE LOS MORROS','2025-02-27 23:20:36','2025-02-27 23:20:36',NULL),
(1205,11,'31459117',' elvis Rafael Caraballo Moreno ','SAN JUAN DE LOS MORROS','2025-02-27 23:20:36','2025-02-27 23:20:36',NULL),
(1206,11,'30039996','Samanta Josemith Ruiz Romero','SAN JUAN DE LOS MORROS','2025-02-27 23:20:36','2025-02-27 23:20:36',NULL),
(1207,11,'31142040','DOIRAN AGUSTIN AGRAZ CASTILLO','SAN JUAN DE LOS MORROS','2025-02-27 23:20:36','2025-02-27 23:20:36',NULL),
(1208,11,'30874279','Magleary Javiersi Pereira Ortuño','SAN JUAN DE LOS MORROS','2025-02-27 23:20:36','2025-02-27 23:20:36',NULL),
(1209,11,'31576162','SILVA  EDUAR ROJAS','SAN JUAN DE LOS MORROS','2025-02-27 23:20:36','2025-02-27 23:20:36',NULL),
(1210,11,'31643948','  JESUS DANIEL PINTO ZAMBRANO ','SAN JUAN DE LOS MORROS','2025-02-27 23:20:36','2025-02-27 23:20:36',NULL),
(1211,11,'29526596','Luis Arturo Cruz Gonzalez','SAN JUAN DE LOS MORROS','2025-02-27 23:20:36','2025-02-27 23:20:36',NULL),
(1212,11,'30961326','Juan Andres Quijada Machado','SAN JUAN DE LOS MORROS','2025-02-27 23:20:36','2025-02-27 23:20:36',NULL),
(1213,11,'32335649','  YOLBERT ALEXANDER VILLARROEL LUNA ','SAN JUAN DE LOS MORROS','2025-02-27 23:20:36','2025-02-27 23:20:36',NULL),
(1214,11,'28456193','Angel Ramon Rios Gonzalez','SAN JUAN DE LOS MORROS','2025-02-27 23:20:36','2025-02-27 23:20:36',NULL),
(1215,11,'31442700','MOUJALLI  SLEIMAN OROCUA','SAN JUAN DE LOS MORROS','2025-02-27 23:20:36','2025-02-27 23:20:36',NULL),
(1216,11,'31053939','JUAN DAVID VELASQUEZ GIL','SAN JUAN DE LOS MORROS','2025-02-27 23:20:36','2025-02-27 23:20:36',NULL),
(1217,11,'31472384','LOZADA  FERNANDO RAMIREZ','SAN JUAN DE LOS MORROS','2025-02-27 23:20:36','2025-02-27 23:20:36',NULL),
(1218,11,'30276330','Felix Andres Montoya Saldeno','SAN JUAN DE LOS MORROS','2025-02-27 23:20:36','2025-02-27 23:20:36',NULL),
(1219,11,'25074591','Genaro Octavio González González','SAN JUAN DE LOS MORROS','2025-02-27 23:20:36','2025-02-27 23:20:36',NULL),
(1220,11,'30276467','Gloriel Alexander Parra Parra','SAN JUAN DE LOS MORROS','2025-02-27 23:20:36','2025-02-27 23:20:36',NULL),
(1221,11,'30961367','Gabrieli  Murillas Ramirez','SAN JUAN DE LOS MORROS','2025-02-27 23:20:36','2025-02-27 23:20:36',NULL),
(1222,11,'28408482','Angel Esteban Castro Sanchez','SAN JUAN DE LOS MORROS','2025-02-27 23:20:36','2025-02-27 23:20:36',NULL),
(1223,11,'32138430','  GABRIEL JOSE NAREA CASTRO ','SAN JUAN DE LOS MORROS','2025-02-27 23:20:36','2025-02-27 23:20:36',NULL),
(1224,11,'30546776','CATHERINE   RODRIGUEZ PEREZ  ','SAN JUAN DE LOS MORROS','2025-02-27 23:20:36','2025-02-27 23:20:36',NULL),
(1225,11,'30043516','XAVIER ALEJANDRO SILVA PEREIRA','SAN JUAN DE LOS MORROS','2025-02-27 23:20:36','2025-02-27 23:20:36',NULL),
(1226,11,'32008046','Carrasquel Nieves  endyths Alfonzo ','SAN JUAN DE LOS MORROS','2025-02-27 23:20:36','2025-02-27 23:20:36',NULL),
(1227,11,'29858353','MARIA GABRIELA GUZMAN MUNOZ','SAN JUAN DE LOS MORROS','2025-02-27 23:20:36','2025-02-27 23:20:36',NULL),
(1228,11,'31717920','Jose Gerardo Borrego Arevalo','SAN JUAN DE LOS MORROS','2025-02-27 23:20:36','2025-02-27 23:20:36',NULL),
(1229,11,'30418128','LUIS FELIPE ESCALONA LOPEZ','SAN JUAN DE LOS MORROS','2025-02-27 23:20:36','2025-02-27 23:20:36',NULL),
(1230,11,'31917635','Jesus Antonio Garcia Malave','SAN JUAN DE LOS MORROS','2025-02-27 23:20:36','2025-02-27 23:20:36',NULL),
(1231,11,'30039854','Jonaiker  Omar Jaspe Garcias','SAN JUAN DE LOS MORROS','2025-02-27 23:20:36','2025-02-27 23:20:36',NULL),
(1232,11,'31107622','JAIME RAFAEL TORRES MEJIAS','SAN JUAN DE LOS MORROS','2025-02-27 23:20:36','2025-02-27 23:20:36',NULL),
(1233,11,'30873711','PEDRO JOSUE  MARTINEZ GIL ','SAN JUAN DE LOS MORROS','2025-02-27 23:20:36','2025-02-27 23:20:36',NULL),
(1234,11,'31842953','LOPEZ  JOSE RODRIGUEZ','SAN JUAN DE LOS MORROS','2025-02-27 23:20:36','2025-02-27 23:20:36',NULL),
(1235,11,'31375085','Betania Carolina Celis Rondon','SAN JUAN DE LOS MORROS','2025-02-27 23:20:36','2025-02-27 23:20:36',NULL),
(1236,11,'31435754','Juan De Dios Flores Solorzano','SAN JUAN DE LOS MORROS','2025-02-27 23:20:36','2025-02-27 23:20:36',NULL),
(1237,11,'24390842','Jonathan Jose Perez Rebolledo','SAN JUAN DE LOS MORROS','2025-02-27 23:20:36','2025-02-27 23:20:36',NULL),
(1238,11,'28408729','Isabela Valentina de Jesus Simancas Garcias','SAN JUAN DE LOS MORROS','2025-02-27 23:20:36','2025-02-27 23:20:36',NULL),
(1239,11,'32353996','Luis Carlos Castillo Herrera','SAN JUAN DE LOS MORROS','2025-02-27 23:20:36','2025-02-27 23:20:36',NULL),
(1240,11,'30703873','Angel Jose  Flores Rodriguez ','SAN JUAN DE LOS MORROS','2025-02-27 23:20:36','2025-02-27 23:20:36',NULL),
(1241,11,'30005707','Daniel Alejandro De Freitas Vargas','SAN JUAN DE LOS MORROS','2025-02-27 23:20:36','2025-02-27 23:20:36',NULL),
(1242,11,'31261566','ANDRES EDUARDO FLORES PEDRIQUE','SAN JUAN DE LOS MORROS','2025-02-27 23:20:36','2025-02-27 23:20:36',NULL),
(1243,11,'30695861','Javier Alejandro Cabrera Arevalo','SAN JUAN DE LOS MORROS','2025-02-27 23:20:36','2025-02-27 23:20:36',NULL),
(1244,11,'29931089','Reimavi Arianny Herrera Manzano','SAN JUAN DE LOS MORROS','2025-02-27 23:20:36','2025-02-27 23:20:36',NULL),
(1245,11,'30703478',' Luis Jose Ayala Quero ','SAN JUAN DE LOS MORROS','2025-02-27 23:20:36','2025-02-27 23:20:36',NULL),
(1246,11,'30043657','Daniel Eduardo Ortiz Moronta','SAN JUAN DE LOS MORROS','2025-02-27 23:20:36','2025-02-27 23:20:36',NULL),
(1247,11,'30325857','Randy Alberto De jesus Torres Mujica','SAN JUAN DE LOS MORROS','2025-02-27 23:20:36','2025-02-27 23:20:36',NULL),
(1248,11,'32138578','JOSE LUIS  DA CONCEICAO CHONA ','SAN JUAN DE LOS MORROS','2025-02-27 23:20:36','2025-02-27 23:20:36',NULL),
(1249,11,'31441275','  YONAICER ADRIAN SEIJAS TAMAYO ','SAN JUAN DE LOS MORROS','2025-02-27 23:20:36','2025-02-27 23:20:36',NULL),
(1250,11,'30043935','Joel Jesus Guzman Utrera','SAN JUAN DE LOS MORROS','2025-02-27 23:20:36','2025-02-27 23:20:36',NULL),
(1251,11,'30463957','Yogher Jose Corrales Dominguez','SAN JUAN DE LOS MORROS','2025-02-27 23:20:36','2025-02-27 23:20:36',NULL),
(1252,11,'26973245','Manuel Gerardo Hernandez Sanchez','SAN JUAN DE LOS MORROS','2025-02-27 23:20:36','2025-02-27 23:20:36',NULL),
(1253,11,'28176820','Brayan Stivens Jaramillo Molina','SAN JUAN DE LOS MORROS','2025-02-27 23:20:36','2025-02-27 23:20:36',NULL),
(1254,11,'30626939','Victor Enrique Carrasquel Belisario','SAN JUAN DE LOS MORROS','2025-02-27 23:20:36','2025-02-27 23:20:36',NULL),
(1255,11,'31730885','Hernandez Martinez  Valeria Keydimar ','SAN JUAN DE LOS MORROS','2025-02-27 23:20:36','2025-02-27 23:20:36',NULL),
(1256,11,'28051332','Ayanfran David Leon Rojas','SAN JUAN DE LOS MORROS','2025-02-27 23:20:36','2025-02-27 23:20:36',NULL),
(1257,11,'30463551','Argenis Arnaldo Navarro Cadenas','SAN JUAN DE LOS MORROS','2025-02-27 23:20:36','2025-02-27 23:20:36',NULL),
(1258,11,'29581109','Jose Alejandro Diaz Suarez','SAN JUAN DE LOS MORROS','2025-02-27 23:20:37','2025-02-27 23:20:37',NULL),
(1259,11,'31834927','MIGUEL ANGEL REAZA TORREALBA','SAN JUAN DE LOS MORROS','2025-02-27 23:20:37','2025-02-27 23:20:37',NULL),
(1260,11,'26495239','Calixto Jose Saldeño Fernandez','SAN JUAN DE LOS MORROS','2025-02-27 23:20:37','2025-02-27 23:20:37',NULL),
(1261,11,'28012322','Yonathan Davier Espinoza Corrales','SAN JUAN DE LOS MORROS','2025-02-27 23:20:37','2025-02-27 23:20:37',NULL),
(1262,11,'30039129','Elis Rafael Narvaez Gomez','SAN JUAN DE LOS MORROS','2025-02-27 23:20:37','2025-02-27 23:20:37',NULL),
(1263,11,'31415592','ANGELINA JOLIE NIEVES CHIRA','SAN JUAN DE LOS MORROS','2025-02-27 23:20:37','2025-02-27 23:20:37',NULL),
(1264,11,'23792638','Yhon Deivid Perez Garcia','SAN JUAN DE LOS MORROS','2025-02-27 23:20:37','2025-02-27 23:20:37',NULL),
(1265,11,'31473404','GABRIEL ALEJANDRO MORENO MARTINEZ','SAN JUAN DE LOS MORROS','2025-02-27 23:20:37','2025-02-27 23:20:37',NULL),
(1266,11,'32459906','CLARO  MARIA MORILLO','SAN JUAN DE LOS MORROS','2025-02-27 23:20:37','2025-02-27 23:20:37',NULL),
(1267,11,'30874329','Jhoana Saray Rodriguez Gonzalez','SAN JUAN DE LOS MORROS','2025-02-27 23:20:37','2025-02-27 23:20:37',NULL),
(1268,11,'30043774','Carlos Eduardo Ontivero Rodriguez','SAN JUAN DE LOS MORROS','2025-02-27 23:20:37','2025-02-27 23:20:37',NULL),
(1269,11,'28262654','Argenis Jesus Torrealba Hernandez','SAN JUAN DE LOS MORROS','2025-02-27 23:20:37','2025-02-27 23:20:37',NULL),
(1270,11,'30743762','Kevim Adan Lizarzabal Paredes','SAN JUAN DE LOS MORROS','2025-02-27 23:20:37','2025-02-27 23:20:37',NULL),
(1271,11,'31031669','CRISTHIAN ALFONZO ANGYALBERT  PADRON ALVAREZ ','SAN JUAN DE LOS MORROS','2025-02-27 23:20:37','2025-02-27 23:20:37',NULL),
(1272,11,'31878463','  DAVIANNYS SINAI FUENTES TORREALBA ','SAN JUAN DE LOS MORROS','2025-02-27 23:20:37','2025-02-27 23:20:37',NULL),
(1273,11,'30961422','JOSE DANIEL GALLOSA ALFONZO','SAN JUAN DE LOS MORROS','2025-02-27 23:20:37','2025-02-27 23:20:37',NULL),
(1274,11,'30327281','Jorge Luis Landaeta Zapata','SAN JUAN DE LOS MORROS','2025-02-27 23:20:37','2025-02-27 23:20:37',NULL),
(1275,11,'32020496','  CARLOS DAVID CASTILLO SOJO ','SAN JUAN DE LOS MORROS','2025-02-27 23:20:37','2025-02-27 23:20:37',NULL),
(1276,11,'30743616','Jesus  Daniel Barboza Lopez','SAN JUAN DE LOS MORROS','2025-02-27 23:20:37','2025-02-27 23:20:37',NULL),
(1277,11,'30263819','WILFREDO  ANTONIO VEGAS  OLIVERO','SAN JUAN DE LOS MORROS','2025-02-27 23:20:37','2025-02-27 23:20:37',NULL),
(1278,11,'30357469','Gomez Ortega Jatdair Santiago','SAN JUAN DE LOS MORROS','2025-02-27 23:20:37','2025-02-27 23:20:37',NULL),
(1279,11,'31107619','Radames Manuel Serradas Garcia','SAN JUAN DE LOS MORROS','2025-02-27 23:20:37','2025-02-27 23:20:37',NULL),
(1280,11,'27963818','JOSE VICENTE TORRES HERNANDEZ','SAN JUAN DE LOS MORROS','2025-02-27 23:20:37','2025-02-27 23:20:37',NULL),
(1281,11,'28297040','Luis Alberto Cadenas Chacon','SAN JUAN DE LOS MORROS','2025-02-27 23:20:37','2025-02-27 23:20:37',NULL),
(1282,11,'28408167','Jose Gregorio Pena Rodriguez','SAN JUAN DE LOS MORROS','2025-02-27 23:20:37','2025-02-27 23:20:37',NULL),
(1283,11,'30723699','WILFREDO JOSE JUNIOR  TORRES MUÑOZ ','SAN JUAN DE LOS MORROS','2025-02-27 23:20:37','2025-02-27 23:20:37',NULL),
(1284,11,'31473464','Paulina Cecilia Mendez Rojas','SAN JUAN DE LOS MORROS','2025-02-27 23:20:37','2025-02-27 23:20:37',NULL),
(1285,11,'30406581','Ricardo Argenis Valera Bolivar','SAN JUAN DE LOS MORROS','2025-02-27 23:20:37','2025-02-27 23:20:37',NULL),
(1286,11,'30811305','Jose Alexander Palma Cordero','SAN JUAN DE LOS MORROS','2025-02-27 23:20:37','2025-02-27 23:20:37',NULL),
(1287,11,'30626594','Exel Sebastian Suarez Cortez','SAN JUAN DE LOS MORROS','2025-02-27 23:20:37','2025-02-27 23:20:37',NULL),
(1288,11,'31415663','Gabriel Andres  Diaz Ruppert ','SAN JUAN DE LOS MORROS','2025-02-27 23:20:37','2025-02-27 23:20:37',NULL),
(1289,11,'22950411','Jhonndeer  Jose   Gallardo  Amundaray ','SAN JUAN DE LOS MORROS','2025-02-27 23:20:37','2025-02-27 23:20:37',NULL),
(1290,11,'29728358','Yefferson Daniel Barrios Quero','SAN JUAN DE LOS MORROS','2025-02-27 23:20:37','2025-02-27 23:20:37',NULL),
(1291,11,'31878041','Arteaga Bastardo  Rixon Yohainer ','SAN JUAN DE LOS MORROS','2025-02-27 23:20:37','2025-02-27 23:20:37',NULL),
(1292,11,'30288770','Franco Javier Vasquez Gonzalez','SAN JUAN DE LOS MORROS','2025-02-27 23:20:37','2025-02-27 23:20:37',NULL),
(1293,11,'31850848','ESTEPHANI VALENTINA MEDINA YNFANTE','SAN JUAN DE LOS MORROS','2025-02-27 23:20:37','2025-02-27 23:20:37',NULL),
(1294,11,'28050783','Jesus Alberto Lara Garcias','SAN JUAN DE LOS MORROS','2025-02-27 23:20:37','2025-02-27 23:20:37',NULL),
(1295,11,'30396831','Jeanmarie Gabriela Vasconcelos Buitrago','SAN JUAN DE LOS MORROS','2025-02-27 23:20:37','2025-02-27 23:20:37',NULL),
(1296,11,'31711875','GONZALEZ  DANILO HERNANDEZ','SAN JUAN DE LOS MORROS','2025-02-27 23:20:37','2025-02-27 23:20:37',NULL),
(1297,11,'32168117','  VICENTE FABRICIO CARRASQUEL BANEZCA ','SAN JUAN DE LOS MORROS','2025-02-27 23:20:37','2025-02-27 23:20:37',NULL),
(1298,11,'30547287','Fernando David Diaz Sanabria','SAN JUAN DE LOS MORROS','2025-02-27 23:20:37','2025-02-27 23:20:37',NULL),
(1299,11,'32529161','Anibal Jose Vilera Ramirez','SAN JUAN DE LOS MORROS','2025-02-27 23:20:37','2025-02-27 23:20:37',NULL),
(1300,11,'30703484','Jose Angel Torres Barrades','SAN JUAN DE LOS MORROS','2025-02-27 23:20:37','2025-02-27 23:20:37',NULL),
(1301,11,'30499715','Maria  Beatriz  Mercado  Cegarra ','SAN JUAN DE LOS MORROS','2025-02-27 23:20:37','2025-02-27 23:20:37',NULL),
(1302,11,'27695853','Hector Alejandro Arevalo Prieto','SAN JUAN DE LOS MORROS','2025-02-27 23:20:37','2025-02-27 23:20:37',NULL),
(1303,11,'31786729','  ELIANDER DE JESUS ESAA APONTE ','SAN JUAN DE LOS MORROS','2025-02-27 23:20:37','2025-02-27 23:20:37',NULL),
(1304,11,'30955621','OLIVEROS BASTARDO  ANDRES ALFREDO  ','SAN JUAN DE LOS MORROS','2025-02-27 23:20:37','2025-02-27 23:20:37',NULL),
(1305,11,'30703076','JOSE FRANCISCO TORO VASQUEZ','SAN JUAN DE LOS MORROS','2025-02-27 23:20:37','2025-02-27 23:20:37',NULL),
(1306,11,'28262908','Juan  Manuel Mireles Sanchez','SAN JUAN DE LOS MORROS','2025-02-27 23:20:37','2025-02-27 23:20:37',NULL),
(1307,11,'25743731','Jeremy Joniel Rojas Rivero','SAN JUAN DE LOS MORROS','2025-02-27 23:20:37','2025-02-27 23:20:37',NULL),
(1308,11,'31321601','BARBARA SUSANA CORREA DELGADO','SAN JUAN DE LOS MORROS','2025-02-27 23:20:37','2025-02-27 23:20:37',NULL),
(1309,11,'31997346','CORDERO  SEBASTIAN JIMENEZ','SAN JUAN DE LOS MORROS','2025-02-27 23:20:37','2025-02-27 23:20:37',NULL),
(1310,11,'30175244','Oscar Alejandro Tirado Chavez','SAN JUAN DE LOS MORROS','2025-02-27 23:20:37','2025-02-27 23:20:37',NULL),
(1311,11,'28094865','Juan  Alberto  Goyo  Diaz ','SAN JUAN DE LOS MORROS','2025-02-27 23:20:37','2025-02-27 23:20:37',NULL),
(1312,11,'32249664','MARIN  EDGARIMAR MALASPINA','SAN JUAN DE LOS MORROS','2025-02-27 23:20:37','2025-02-27 23:20:37',NULL),
(1313,11,'30327207','Bradly Yair Padron Vidao','SAN JUAN DE LOS MORROS','2025-02-27 23:20:37','2025-02-27 23:20:37',NULL),
(1314,11,'30276750','David  Leonardo Lopez Mujica','SAN JUAN DE LOS MORROS','2025-02-27 23:20:37','2025-02-27 23:20:37',NULL),
(1315,11,'29940662','Alexander Jose Berrueta Rebolledo','SAN JUAN DE LOS MORROS','2025-02-27 23:20:37','2025-02-27 23:20:37',NULL),
(1316,11,'28012667','Randis Javier Graterol Pineda','SAN JUAN DE LOS MORROS','2025-02-27 23:20:37','2025-02-27 23:20:37',NULL),
(1317,11,'33301658','  LISSANDRO JOSE FREITES HURTADO ','SAN JUAN DE LOS MORROS','2025-02-27 23:20:37','2025-02-27 23:20:37',NULL),
(1318,11,'30276775','Raislin  Arianna  Cordova  Villamediana ','SAN JUAN DE LOS MORROS','2025-02-27 23:20:37','2025-02-27 23:20:37',NULL),
(1319,11,'30039942','SEBASTIAN JOSE  RAMIREZ GARCIA ','SAN JUAN DE LOS MORROS','2025-02-27 23:20:37','2025-02-27 23:20:37',NULL),
(1320,11,'31283887','Luis Eduardo Escalona Betancourt','SAN JUAN DE LOS MORROS','2025-02-27 23:20:37','2025-02-27 23:20:37',NULL),
(1321,11,'27695860','Jhostin Alexander Rodriguez Lugo','SAN JUAN DE LOS MORROS','2025-02-27 23:20:37','2025-02-27 23:20:37',NULL),
(1322,11,'29890214','Reynaldo  Rafael Rios  Gonzalez ','SAN JUAN DE LOS MORROS','2025-02-27 23:20:37','2025-02-27 23:20:37',NULL),
(1323,11,'31573792','PINEDA  YEIMY ORTEGANO','SAN JUAN DE LOS MORROS','2025-02-27 23:20:37','2025-02-27 23:20:37',NULL),
(1324,11,'30961767','Rosemar Antonieta Torres Romero','SAN JUAN DE LOS MORROS','2025-02-27 23:20:37','2025-02-27 23:20:37',NULL),
(1325,11,'31569643','YHADIEL  RUBEN DIAZ  CASTELLANOS','SAN JUAN DE LOS MORROS','2025-02-27 23:20:37','2025-02-27 23:20:37',NULL),
(1326,11,'27631296','David Jose Alegria Jaspe','SAN JUAN DE LOS MORROS','2025-02-27 23:20:37','2025-02-27 23:20:37',NULL),
(1327,11,'24792921','Jose Gregorio Osorio Romero','SAN JUAN DE LOS MORROS','2025-02-27 23:20:37','2025-02-27 23:20:37',NULL),
(1328,11,'30012035','Brainerys Yoximar Rondon Mendoza','SAN JUAN DE LOS MORROS','2025-02-27 23:20:37','2025-02-27 23:20:37',NULL),
(1329,11,'31053802','Yoranny Dayana Hevia Roa','SAN JUAN DE LOS MORROS','2025-02-27 23:20:37','2025-02-27 23:20:37',NULL),
(1330,11,'31023371','Siry Daniela Del Carmen Pacheco Salas','SAN JUAN DE LOS MORROS','2025-02-27 23:20:37','2025-02-27 23:20:37',NULL),
(1331,11,'31728953',' Daniel enrique Pacheco Albarran ','SAN JUAN DE LOS MORROS','2025-02-27 23:20:37','2025-02-27 23:20:37',NULL),
(1332,11,'29941479','Aaron  Enrique  Altuve  Barreto ','SAN JUAN DE LOS MORROS','2025-02-27 23:20:37','2025-02-27 23:20:37',NULL),
(1333,11,'26973734','JOSE  LUNA ','SAN JUAN DE LOS MORROS','2025-02-27 23:20:37','2025-02-27 23:20:37',NULL),
(1334,11,'31031318','TABARES BRICENO JOSE ALEJANDRO','SAN JUAN DE LOS MORROS','2025-02-27 23:20:37','2025-02-27 23:20:37',NULL),
(1335,11,'30039635','Virginia Margaret Josefina Marquez Figueroa','SAN JUAN DE LOS MORROS','2025-02-27 23:20:37','2025-02-27 23:20:37',NULL),
(1336,11,'31080782','CARLOS DANIEL HERNANDEZ LICON','SAN JUAN DE LOS MORROS','2025-02-27 23:20:37','2025-02-27 23:20:37',NULL),
(1337,11,'32218962','ANDRADE  GISEL GUEVARA','SAN JUAN DE LOS MORROS','2025-02-27 23:20:37','2025-02-27 23:20:37',NULL),
(1338,11,'30679433','Franyer Javier Pinto Lopez','SAN JUAN DE LOS MORROS','2025-02-27 23:20:37','2025-02-27 23:20:37',NULL),
(1339,11,'29671469','SAMUEL JOSE ORTEGANO PIC','SAN JUAN DE LOS MORROS','2025-02-27 23:20:37','2025-02-27 23:20:37',NULL),
(1340,11,'28408398','Francisco Daniel  Moreno Flores','SAN JUAN DE LOS MORROS','2025-02-27 23:20:37','2025-02-27 23:20:37',NULL),
(1341,11,'31424120','  MIGUEL DAVID MARTINEZ PALACIOS ','SAN JUAN DE LOS MORROS','2025-02-27 23:20:37','2025-02-27 23:20:37',NULL),
(1342,11,'29781854','Wilmer Eduriel Belisario Sifontes','SAN JUAN DE LOS MORROS','2025-02-27 23:20:37','2025-02-27 23:20:37',NULL),
(1343,11,'29576807','Argenis Jose Teran Bermudez','SAN JUAN DE LOS MORROS','2025-02-27 23:20:37','2025-02-27 23:20:37',NULL),
(1344,11,'26848978','Miguel Angel Morales Diaz','SAN JUAN DE LOS MORROS','2025-02-27 23:20:37','2025-02-27 23:20:37',NULL),
(1345,11,'28080593','Jhoselyn Amada Farfan Torres','SAN JUAN DE LOS MORROS','2025-02-27 23:20:37','2025-02-27 23:20:37',NULL),
(1346,11,'26095232','VALENTINA ESTEFANIA OROPEZA CARRASQUEL','SAN JUAN DE LOS MORROS','2025-02-27 23:20:37','2025-02-27 23:20:37',NULL),
(1347,11,'29941141','Adriana de los Angeles Francisco Medina','SAN JUAN DE LOS MORROS','2025-02-27 23:20:37','2025-02-27 23:20:37',NULL),
(1348,11,'28176276','Hector Augusto Ledezma Marin','SAN JUAN DE LOS MORROS','2025-02-27 23:20:37','2025-02-27 23:20:37',NULL),
(1349,11,'28408493','Gerardo  Antonio Rivas Herrat','SAN JUAN DE LOS MORROS','2025-02-27 23:20:37','2025-02-27 23:20:37',NULL),
(1350,11,'31197800',' Danny Jose Ortiz Perez ','SAN JUAN DE LOS MORROS','2025-02-27 23:20:37','2025-02-27 23:20:37',NULL),
(1351,11,'30065946','Emmanuel  Moreno Medina','SAN JUAN DE LOS MORROS','2025-02-27 23:20:37','2025-02-27 23:20:37',NULL),
(1352,11,'30789728','Pedro Jose Perez Herrat','SAN JUAN DE LOS MORROS','2025-02-27 23:20:37','2025-02-27 23:20:37',NULL),
(1353,11,'28269804','Victor Manuel Montenegro Marin','SAN JUAN DE LOS MORROS','2025-02-27 23:20:37','2025-02-27 23:20:37',NULL),
(1354,11,'31576516','  CARLOS IGNACIO SARMIENTO TORRES ','SAN JUAN DE LOS MORROS','2025-02-27 23:20:37','2025-02-27 23:20:37',NULL),
(1355,11,'30800731','Ciber Gladiuska Lara Flores','SAN JUAN DE LOS MORROS','2025-02-27 23:20:37','2025-02-27 23:20:37',NULL),
(1356,11,'31441286','Yonacet Andreinz Seijas Tamayo','SAN JUAN DE LOS MORROS','2025-02-27 23:20:37','2025-02-27 23:20:37',NULL),
(1357,11,'30160730','Victor Manuel  Avila Mejias ','SAN JUAN DE LOS MORROS','2025-02-27 23:20:37','2025-02-27 23:20:37',NULL),
(1358,11,'30160914','Veliz Veliz  Hecdys Adelanys ','SAN JUAN DE LOS MORROS','2025-02-27 23:20:37','2025-02-27 23:20:37',NULL),
(1359,11,'29781545','Andres Alexis Celis Suarez','SAN JUAN DE LOS MORROS','2025-02-27 23:20:37','2025-02-27 23:20:37',NULL),
(1360,11,'30874062','Rafael Angel Funes Martinez','SAN JUAN DE LOS MORROS','2025-02-27 23:20:37','2025-02-27 23:20:37',NULL),
(1361,11,'32456809','  JHONNY ALEJANDRO MEDINA ROLDAN ','SAN JUAN DE LOS MORROS','2025-02-27 23:20:37','2025-02-27 23:20:37',NULL),
(1362,11,'27714237','  LUIS ALFONSO SANDOVAL ALVAREZ ','SAN JUAN DE LOS MORROS','2025-02-27 23:20:37','2025-02-27 23:20:37',NULL),
(1363,11,'25887517','Armando Giorgio Anthoine Fernandez Rivero','SAN JUAN DE LOS MORROS','2025-02-27 23:20:37','2025-02-27 23:20:37',NULL),
(1364,11,'30463130','Gerardo  Montero Celis','SAN JUAN DE LOS MORROS','2025-02-27 23:20:37','2025-02-27 23:20:37',NULL),
(1365,11,'17271006','Ilich karlyesky Liconte Utrera','SAN JUAN DE LOS MORROS','2025-02-27 23:20:37','2025-02-27 23:20:37',NULL),
(1366,11,'30790315','MANUEL ALEJANDRO CASTRO BELLO','SAN JUAN DE LOS MORROS','2025-02-27 23:20:37','2025-02-27 23:20:37',NULL),
(1367,11,'31031348','MIGUEL DAVID PONCE URBAEZ','SAN JUAN DE LOS MORROS','2025-02-27 23:20:37','2025-02-27 23:20:37',NULL),
(1368,11,'28354230','jhonny Fidel Oliveros Lovera','SAN JUAN DE LOS MORROS','2025-02-27 23:20:37','2025-02-27 23:20:37',NULL),
(1369,11,'30039738','Jose Miguel Bustamante Rangel','SAN JUAN DE LOS MORROS','2025-02-27 23:20:37','2025-02-27 23:20:37',NULL),
(1370,11,'17062670','Pedro Jose Cabeza Gomez','SAN JUAN DE LOS MORROS','2025-02-27 23:20:37','2025-02-27 23:20:37',NULL),
(1371,11,'23951051','Mixlesis Maria Torrealba  Montañez','SAN JUAN DE LOS MORROS','2025-02-27 23:20:37','2025-02-27 23:20:37',NULL),
(1372,11,'31182345','Varganciano Marcano  Jhonathan Alejandro ','SAN JUAN DE LOS MORROS','2025-02-27 23:20:37','2025-02-27 23:20:37',NULL),
(1373,11,'31488454','MARIN  KARELIS RIOS','SAN JUAN DE LOS MORROS','2025-02-27 23:20:37','2025-02-27 23:20:37',NULL),
(1374,11,'28012269','Bryan  Eli Suarez Saavedra','SAN JUAN DE LOS MORROS','2025-02-27 23:20:37','2025-02-27 23:20:37',NULL),
(1375,11,'31984026','  GIBELIS GABRIELA SUPERLANO CENTENO ','SAN JUAN DE LOS MORROS','2025-02-27 23:20:37','2025-02-27 23:20:37',NULL),
(1376,11,'31107388','DIANA VALENTINA HERRERA RODRIGUEZ','SAN JUAN DE LOS MORROS','2025-02-27 23:20:37','2025-02-27 23:20:37',NULL),
(1377,11,'29866741','Adrianny Gabriela Orta Jimenez','SAN JUAN DE LOS MORROS','2025-02-27 23:20:37','2025-02-27 23:20:37',NULL),
(1378,11,'31786688','  CHRISTIAN ALEJANDRO VEGAS VELASQUEZ ','SAN JUAN DE LOS MORROS','2025-02-27 23:20:37','2025-02-27 23:20:37',NULL),
(1379,11,'28482296','Carlos Antonio Ysmayel Martinez','SAN JUAN DE LOS MORROS','2025-02-27 23:20:37','2025-02-27 23:20:37',NULL),
(1380,11,'31903665','Ochoa Padron  Gabriel Andres ','SAN JUAN DE LOS MORROS','2025-02-27 23:20:37','2025-02-27 23:20:37',NULL),
(1381,11,'28050922','Omar Enrique Pimentel Bolivar','SAN JUAN DE LOS MORROS','2025-02-27 23:20:37','2025-02-27 23:20:37',NULL),
(1382,11,'28166561','Cristopher Rafael Gomez Vasquez','SAN JUAN DE LOS MORROS','2025-02-27 23:20:37','2025-02-27 23:20:37',NULL),
(1383,11,'30961468','Jose Luis Rodriguez Perez','SAN JUAN DE LOS MORROS','2025-02-27 23:20:37','2025-02-27 23:20:37',NULL),
(1384,11,'31971296','  CARLOS MIGUEL SILVA BELLO ','SAN JUAN DE LOS MORROS','2025-02-27 23:20:37','2025-02-27 23:20:37',NULL),
(1385,11,'28051077','Andres Lorenzo Colarusso Mejias','SAN JUAN DE LOS MORROS','2025-02-27 23:20:37','2025-02-27 23:20:37',NULL),
(1386,11,'30705074','Genesis De los Angeles Linares Abreu','SAN JUAN DE LOS MORROS','2025-02-27 23:20:37','2025-02-27 23:20:37',NULL),
(1387,11,'30039260','Luis José Arcia Bolivar','SAN JUAN DE LOS MORROS','2025-02-27 23:20:37','2025-02-27 23:20:37',NULL),
(1388,11,'32142806','Figueroa Nieves  Gleiner Gabriel ','SAN JUAN DE LOS MORROS','2025-02-27 23:20:37','2025-02-27 23:20:37',NULL),
(1389,11,'30626471','Katherine Yurimar Del Valle Caldera  Brizuela','SAN JUAN DE LOS MORROS','2025-02-27 23:20:37','2025-02-27 23:20:37',NULL),
(1390,11,'30790465','Lymer Lorenis  Arteaga Urbano ','SAN JUAN DE LOS MORROS','2025-02-27 23:20:37','2025-02-27 23:20:37',NULL),
(1391,11,'30596310','ROIKER ALEXANDER GONZALEZ HERNANDEZ','SAN JUAN DE LOS MORROS','2025-02-27 23:20:37','2025-02-27 23:20:37',NULL),
(1392,11,'27665666','Lenniker  Mikejeis Puentes Lopez ','SAN JUAN DE LOS MORROS','2025-02-27 23:20:37','2025-02-27 23:20:37',NULL),
(1393,11,'31171543','MOISES JESUS ROMERO BLANCO','SAN JUAN DE LOS MORROS','2025-02-27 23:20:37','2025-02-27 23:20:37',NULL),
(1394,11,'31010586','  MARIA NATALIA SANCHEZ ALFONZO ','SAN JUAN DE LOS MORROS','2025-02-27 23:20:37','2025-02-27 23:20:37',NULL),
(1395,11,'28408420',' Jeferson enrique Santamaria Santamaria  ','SAN JUAN DE LOS MORROS','2025-02-27 23:20:37','2025-02-27 23:20:37',NULL),
(1396,11,'30492298','Jesus Daniel Espejo Arnuades','SAN JUAN DE LOS MORROS','2025-02-27 23:20:37','2025-02-27 23:20:37',NULL),
(1397,11,'32650289','  ROBERTNESTA JESUS DAVID NARANJO ROSALES ','SAN JUAN DE LOS MORROS','2025-02-27 23:20:37','2025-02-27 23:20:37',NULL),
(1398,11,'27742949','Alfonzo Jose Gutierrez Sanchez','SAN JUAN DE LOS MORROS','2025-02-27 23:20:37','2025-02-27 23:20:37',NULL),
(1399,11,'26428237','ANGEL  ALBERTO GUERRA  CHIRGUITA','SAN JUAN DE LOS MORROS','2025-02-27 23:20:37','2025-02-27 23:20:37',NULL),
(1400,11,'30626814','Jose Alexander Diaz Garcia','SAN JUAN DE LOS MORROS','2025-02-27 23:20:37','2025-02-27 23:20:37',NULL),
(1401,11,'30388257','Gabriel Andres Sanchez Tovar','SAN JUAN DE LOS MORROS','2025-02-27 23:20:37','2025-02-27 23:20:37',NULL),
(1402,11,'31506591','BARBARA  PINTO ','SAN JUAN DE LOS MORROS','2025-02-27 23:20:37','2025-02-27 23:20:37',NULL),
(1403,11,'31441241','  JUAN MANUEL PRIETO PACHECO ','SAN JUAN DE LOS MORROS','2025-02-27 23:20:37','2025-02-27 23:20:37',NULL),
(1404,11,'30463886','Nixon Antonio Ochoa Hernandez','SAN JUAN DE LOS MORROS','2025-02-27 23:20:37','2025-02-27 23:20:37',NULL),
(1405,11,'14643410','Yorfran Alexis Ortiz Gomez','SAN JUAN DE LOS MORROS','2025-02-27 23:20:37','2025-02-27 23:20:37',NULL),
(1406,11,'31507819','Jesus Antonio Obispo Cardenas','SAN JUAN DE LOS MORROS','2025-02-27 23:20:37','2025-02-27 23:20:37',NULL),
(1407,11,'33133243','  JONATAN JONAS BRITO LINERO ','SAN JUAN DE LOS MORROS','2025-02-27 23:20:37','2025-02-27 23:20:37',NULL),
(1408,11,'31923020','RAMIREZ  ISAAC FERRER','SAN JUAN DE LOS MORROS','2025-02-27 23:20:37','2025-02-27 23:20:37',NULL),
(1409,11,'31415691','KERLIMBER YAKEIRIS HERNANDEZ PARACO','SAN JUAN DE LOS MORROS','2025-02-27 23:20:37','2025-02-27 23:20:37',NULL),
(1410,11,'31786681','Yondayler Jhoiner Flores  Rincon','SAN JUAN DE LOS MORROS','2025-02-27 23:20:37','2025-02-27 23:20:37',NULL),
(1411,11,'31011236',' Mario Dante Carletti españa ','SAN JUAN DE LOS MORROS','2025-02-27 23:20:37','2025-02-27 23:20:37',NULL),
(1412,11,'26345195','Jose Gregorio Morales padrino','SAN JUAN DE LOS MORROS','2025-02-27 23:20:37','2025-02-27 23:20:37',NULL),
(1413,11,'28212395','Jaime Jose Cedeno Colina','SAN JUAN DE LOS MORROS','2025-02-27 23:20:37','2025-02-27 23:20:37',NULL),
(1414,11,'18644567','Ricardo Rafael Natera Teran','SAN JUAN DE LOS MORROS','2025-02-27 23:20:37','2025-02-27 23:20:37',NULL),
(1415,11,'30703855','Luis  Emilio Rodriguez  Aquino','SAN JUAN DE LOS MORROS','2025-02-27 23:20:37','2025-02-27 23:20:37',NULL),
(1416,11,'31267377','YORGELYS CARIDAD  DUARTE TUA ','SAN JUAN DE LOS MORROS','2025-02-27 23:20:37','2025-02-27 23:20:37',NULL),
(1417,11,'31595111','Yosbert Jose  Martinez Blanco ','SAN JUAN DE LOS MORROS','2025-02-27 23:20:37','2025-02-27 23:20:37',NULL),
(1418,11,'29846200','JULIO CESAR CETRANGOLO GARCIA','SAN JUAN DE LOS MORROS','2025-02-27 23:20:37','2025-02-27 23:20:37',NULL),
(1419,11,'27631006','José Adelino Pinto Martinez','SAN JUAN DE LOS MORROS','2025-02-27 23:20:37','2025-02-27 23:20:37',NULL),
(1420,11,'31182936','GUSTAVO JOSE COLINA MARTINEZ','SAN JUAN DE LOS MORROS','2025-02-27 23:20:37','2025-02-27 23:20:37',NULL),
(1421,11,'18070487','JUAN VICENTE BOLIVAR LOPEZ','SAN JUAN DE LOS MORROS','2025-02-27 23:20:37','2025-02-27 23:20:37',NULL),
(1422,11,'30765082','HENZO JESUS BRETO COLMENARES','SAN JUAN DE LOS MORROS','2025-02-27 23:20:37','2025-02-27 23:20:37',NULL),
(1423,11,'31711870','  JESUS ANTONIO DOBLES RODRIGUEZ ','SAN JUAN DE LOS MORROS','2025-02-27 23:20:37','2025-02-27 23:20:37',NULL),
(1424,11,'20356031','Francisco José Márquez  Romero','SAN JUAN DE LOS MORROS','2025-02-27 23:20:37','2025-02-27 23:20:37',NULL),
(1425,11,'31227497','Rafael Ernesto Perez Ramos','SAN JUAN DE LOS MORROS','2025-02-27 23:20:37','2025-02-27 23:20:37',NULL),
(1426,11,'29941451','Javier Stevens Sanchez Moreno','SAN JUAN DE LOS MORROS','2025-02-27 23:20:37','2025-02-27 23:20:37',NULL),
(1427,11,'31415633',' eliezer Andres Lara Rivas ','SAN JUAN DE LOS MORROS','2025-02-27 23:20:37','2025-02-27 23:20:37',NULL),
(1428,11,'32033879','  JUAN JOSE MOZO GRATEROL ','SAN JUAN DE LOS MORROS','2025-02-27 23:20:37','2025-02-27 23:20:37',NULL),
(1429,11,'28408563','Deyson Xavier Garcia Corrales','SAN JUAN DE LOS MORROS','2025-02-27 23:20:37','2025-02-27 23:20:37',NULL),
(1430,11,'31923013','  JULIEXIS DEL CARMEN REQUENA FIGUEROA ','SAN JUAN DE LOS MORROS','2025-02-27 23:20:37','2025-02-27 23:20:37',NULL),
(1431,11,'30596029','Yara Del Valle Bastidas Moreno','SAN JUAN DE LOS MORROS','2025-02-27 23:20:38','2025-02-27 23:20:38',NULL),
(1432,11,'32058769','  LUIS FERNANDO ALVAREZ JIMENEZ ','SAN JUAN DE LOS MORROS','2025-02-27 23:20:38','2025-02-27 23:20:38',NULL),
(1433,11,'30016640','Jose Enrique Galindez Alvarez','SAN JUAN DE LOS MORROS','2025-02-27 23:20:38','2025-02-27 23:20:38',NULL),
(1434,11,'30626320','Juan Esteban Velasquez Santaella','SAN JUAN DE LOS MORROS','2025-02-27 23:20:38','2025-02-27 23:20:38',NULL),
(1435,11,'31420536','Adrian Andres Tamiche Matute','SAN JUAN DE LOS MORROS','2025-02-27 23:20:38','2025-02-27 23:20:38',NULL),
(1436,11,'31420570','  GABRIEL JESUS BARRIOS RODRIGUEZ ','SAN JUAN DE LOS MORROS','2025-02-27 23:20:38','2025-02-27 23:20:38',NULL),
(1437,11,'31659651','JUAN DAVID SANTAELLA PRADO','SAN JUAN DE LOS MORROS','2025-02-27 23:20:38','2025-02-27 23:20:38',NULL),
(1438,11,'32057736',' estefani Jeannielys Gonzalez Gonzalez ','SAN JUAN DE LOS MORROS','2025-02-27 23:20:38','2025-02-27 23:20:38',NULL),
(1439,11,'28317288','Jose Daniel Celas Archa','SAN JUAN DE LOS MORROS','2025-02-27 23:20:38','2025-02-27 23:20:38',NULL),
(1440,11,'26848838','Adryan Enerio Vasquez Paredes','SAN JUAN DE LOS MORROS','2025-02-27 23:20:38','2025-02-27 23:20:38',NULL),
(1441,11,'30463996','Yaderlyn Alejandra Fermin Osorio','SAN JUAN DE LOS MORROS','2025-02-27 23:20:38','2025-02-27 23:20:38',NULL),
(1442,11,'22610320','Robert Juvenal Perez Mena','SAN JUAN DE LOS MORROS','2025-02-27 23:20:38','2025-02-27 23:20:38',NULL),
(1443,11,'31480709','Tocuyo esqueda  Reinier Jose ','SAN JUAN DE LOS MORROS','2025-02-27 23:20:38','2025-02-27 23:20:38',NULL),
(1444,11,'30148370','Javier Jesus Suarez Valor','SAN JUAN DE LOS MORROS','2025-02-27 23:20:38','2025-02-27 23:20:38',NULL),
(1445,11,'16804490','Odaly Coromoto Padrino Mejias','SAN JUAN DE LOS MORROS','2025-02-27 23:20:38','2025-02-27 23:20:38',NULL),
(1446,11,'30325674','Emanuel Safir Rodriguez Benitez','SAN JUAN DE LOS MORROS','2025-02-27 23:20:38','2025-02-27 23:20:38',NULL),
(1447,11,'30755404','Axel Jose Castillo Bernique','SAN JUAN DE LOS MORROS','2025-02-27 23:20:38','2025-02-27 23:20:38',NULL),
(1448,11,'27211156','Manuel Vicente Benaventa Hurtado','SAN JUAN DE LOS MORROS','2025-02-27 23:20:38','2025-02-27 23:20:38',NULL),
(1449,11,'30276265','Maria  De los Angeles Vilera  Cedeño','SAN JUAN DE LOS MORROS','2025-02-27 23:20:38','2025-02-27 23:20:38',NULL),
(1450,11,'31766533','Jesus David Colmenares Leon','SAN JUAN DE LOS MORROS','2025-02-27 23:20:38','2025-02-27 23:20:38',NULL),
(1451,11,'30463210','Jefferson Miguel Morgado Mendoza','SAN JUAN DE LOS MORROS','2025-02-27 23:20:38','2025-02-27 23:20:38',NULL),
(1452,11,'30039569','Luis Emilio Diaz Bravo','SAN JUAN DE LOS MORROS','2025-02-27 23:20:38','2025-02-27 23:20:38',NULL),
(1453,11,'31391913','CARPIO  BRIAN CORREA','SAN JUAN DE LOS MORROS','2025-02-27 23:20:38','2025-02-27 23:20:38',NULL),
(1454,11,'19601525','NOELYS DEL CARMEN MEZA CORONADO','SAN JUAN DE LOS MORROS','2025-02-27 23:20:38','2025-02-27 23:20:38',NULL),
(1455,11,'32511489','  CARLIN DAHIAMS MIRO DIAZ ','SAN JUAN DE LOS MORROS','2025-02-27 23:20:38','2025-02-27 23:20:38',NULL),
(1456,11,'29689267','Nibci Mercedes Gabriela Pinto Infante','SAN JUAN DE LOS MORROS','2025-02-27 23:20:38','2025-02-27 23:20:38',NULL),
(1457,11,'23951030','JESUS MANUEL ORTELANO GODOY','SAN JUAN DE LOS MORROS','2025-02-27 23:20:38','2025-02-27 23:20:38',NULL),
(1458,11,'30789714','Anyela Patricia Acosta Villamizar','SAN JUAN DE LOS MORROS','2025-02-27 23:20:38','2025-02-27 23:20:38',NULL),
(1459,11,'31461477','Jhostin  Daniel  Urbano  Toledo ','SAN JUAN DE LOS MORROS','2025-02-27 23:20:38','2025-02-27 23:20:38',NULL),
(1460,11,'30147754','Ángel  José Castro Ramirez','SAN JUAN DE LOS MORROS','2025-02-27 23:20:38','2025-02-27 23:20:38',NULL),
(1461,11,'30873744','Carlos Rafael  Ruiz Medina ','SAN JUAN DE LOS MORROS','2025-02-27 23:20:38','2025-02-27 23:20:38',NULL),
(1462,11,'31576523','Juan ernesto  Franco Varela ','SAN JUAN DE LOS MORROS','2025-02-27 23:20:38','2025-02-27 23:20:38',NULL),
(1463,11,'29576912','Gerderson Tiuna Jose Sevilla Alvarez','SAN JUAN DE LOS MORROS','2025-02-27 23:20:38','2025-02-27 23:20:38',NULL),
(1464,11,'30160322','OLIVER FRANCISCO HERNANDEZ HILARDO','SAN JUAN DE LOS MORROS','2025-02-27 23:20:38','2025-02-27 23:20:38',NULL),
(1465,11,'31402675','Jose Gregorio Sanchez Seijas','SAN JUAN DE LOS MORROS','2025-02-27 23:20:38','2025-02-27 23:20:38',NULL),
(1466,11,'30160783','Jhoan Jose Zerpa Agraz','SAN JUAN DE LOS MORROS','2025-02-27 23:20:38','2025-02-27 23:20:38',NULL),
(1467,11,'30658751','Angley Jezzebel Barrios Vargas','SAN JUAN DE LOS MORROS','2025-02-27 23:20:38','2025-02-27 23:20:38',NULL),
(1468,11,'27131521','DIEGO SALVADOR  DUARTE TUA ','SAN JUAN DE LOS MORROS','2025-02-27 23:20:38','2025-02-27 23:20:38',NULL),
(1469,11,'26000911','Wladimir  Caraballo Moreno','SAN JUAN DE LOS MORROS','2025-02-27 23:20:38','2025-02-27 23:20:38',NULL),
(1470,11,'31536815','Victor Jose Melendez Bastidas','SAN JUAN DE LOS MORROS','2025-02-27 23:20:38','2025-02-27 23:20:38',NULL),
(1471,11,'30790364','GABRIEL ANTONIO  HERNANDEZ  NIEVES','SAN JUAN DE LOS MORROS','2025-02-27 23:20:38','2025-02-27 23:20:38',NULL),
(1472,11,'30091118','Gustavo Alexander Graterol Alaes','SAN JUAN DE LOS MORROS','2025-02-27 23:20:38','2025-02-27 23:20:38',NULL),
(1473,11,'31645829','OVALLES  JOSE GUTIERREZ','SAN JUAN DE LOS MORROS','2025-02-27 23:20:38','2025-02-27 23:20:38',NULL),
(1474,11,'31415299','Leonardo Andres Peña Martinez','SAN JUAN DE LOS MORROS','2025-02-27 23:20:38','2025-02-27 23:20:38',NULL),
(1475,11,'29659066','Jesus Alberto Colmenares Prieto','SAN JUAN DE LOS MORROS','2025-02-27 23:20:38','2025-02-27 23:20:38',NULL),
(1476,11,'29940501','CARLOS DANIEL OLIVO TORREALBA','SAN JUAN DE LOS MORROS','2025-02-27 23:20:38','2025-02-27 23:20:38',NULL),
(1477,11,'31743053','  FABRIZIO DOMENICO ARGENTO PINTO ','SAN JUAN DE LOS MORROS','2025-02-27 23:20:38','2025-02-27 23:20:38',NULL),
(1478,11,'30211766','Carlos Eduardo Pereira Oribio','SAN JUAN DE LOS MORROS','2025-02-27 23:20:38','2025-02-27 23:20:38',NULL),
(1479,11,'30160274','YEIBER ALEJANDRO MARTINEZ MORALES','SAN JUAN DE LOS MORROS','2025-02-27 23:20:38','2025-02-27 23:20:38',NULL),
(1480,11,'31294518','  SEBASTIAN ANDRES ZONATI CARTAYA ','SAN JUAN DE LOS MORROS','2025-02-27 23:20:38','2025-02-27 23:20:38',NULL),
(1481,11,'32223286','  CARLOS EDUARDO CENTENO BARRIOS ','SAN JUAN DE LOS MORROS','2025-02-27 23:20:38','2025-02-27 23:20:38',NULL),
(1482,11,'30961943','Eduar Alexander Bordones Aponte','SAN JUAN DE LOS MORROS','2025-02-27 23:20:38','2025-02-27 23:20:38',NULL),
(1483,11,'30406799','EMIL ANIBAL OROPEZA HERNANDEZ','SAN JUAN DE LOS MORROS','2025-02-27 23:20:38','2025-02-27 23:20:38',NULL),
(1484,11,'29860091','Leandro Adolfo Garcia Camacho','SAN JUAN DE LOS MORROS','2025-02-27 23:20:38','2025-02-27 23:20:38',NULL),
(1485,11,'30703448','Victor Jose Acosta Mercado','SAN JUAN DE LOS MORROS','2025-02-27 23:20:38','2025-02-27 23:20:38',NULL),
(1486,11,'31797318','GARCIA  HENRY ALVAREZ','SAN JUAN DE LOS MORROS','2025-02-27 23:20:38','2025-02-27 23:20:38',NULL),
(1487,11,'30914810','Andres Leonardo Caldera Torrealba','SAN JUAN DE LOS MORROS','2025-02-27 23:20:38','2025-02-27 23:20:38',NULL),
(1488,11,'30789579','Gabriel Alejandro Hernandez Rendiles','SAN JUAN DE LOS MORROS','2025-02-27 23:20:38','2025-02-27 23:20:38',NULL),
(1489,11,'30464040','ERNESTO JOSE MILENO COLMENARES','SAN JUAN DE LOS MORROS','2025-02-27 23:20:38','2025-02-27 23:20:38',NULL),
(1490,11,'31562484','JEAN DAVID TORRES ARTEAGA','SAN JUAN DE LOS MORROS','2025-02-27 23:20:38','2025-02-27 23:20:38',NULL),
(1491,11,'29671713','Reniel Said  Fernandez Mota ','SAN JUAN DE LOS MORROS','2025-02-27 23:20:38','2025-02-27 23:20:38',NULL),
(1492,11,'32083543','GONZALEZ  PORFIRIO RIVAS','SAN JUAN DE LOS MORROS','2025-02-27 23:20:38','2025-02-27 23:20:38',NULL),
(1493,11,'29858058','Georgelys Ariadna Herrera Gabazutt','SAN JUAN DE LOS MORROS','2025-02-27 23:20:38','2025-02-27 23:20:38',NULL),
(1494,11,'30790381','Kelvin Jose Pereira Paez','SAN JUAN DE LOS MORROS','2025-02-27 23:20:38','2025-02-27 23:20:38',NULL),
(1495,11,'31321542','CLEIBEL IGNACIO AGUILAR CANELONES','SAN JUAN DE LOS MORROS','2025-02-27 23:20:38','2025-02-27 23:20:38',NULL),
(1496,11,'29940593','Maria De Los Bustamante Hernandez','SAN JUAN DE LOS MORROS','2025-02-27 23:20:38','2025-02-27 23:20:38',NULL),
(1497,11,'31742920','  SAMIR ALEJANDRO SALAZAR QUINTANA ','SAN JUAN DE LOS MORROS','2025-02-27 23:20:38','2025-02-27 23:20:38',NULL),
(1498,11,'31749220','Dehinert Jhoscar Moran Nava','SAN JUAN DE LOS MORROS','2025-02-27 23:20:38','2025-02-27 23:20:38',NULL),
(1499,11,'27712081','EDGARDO ANDRES SIERRA CONCEPCION','SAN JUAN DE LOS MORROS','2025-02-27 23:20:38','2025-02-27 23:20:38',NULL),
(1500,11,'26849102','Geraldy Jose Morales Vargas','SAN JUAN DE LOS MORROS','2025-02-27 23:20:38','2025-02-27 23:20:38',NULL),
(1501,11,'31578721','Hernandez Magallanes  Ruben Alberto ','SAN JUAN DE LOS MORROS','2025-02-27 23:20:38','2025-02-27 23:20:38',NULL),
(1502,11,'27695774','Jose Gabriel Toro Seijas','SAN JUAN DE LOS MORROS','2025-02-27 23:20:38','2025-02-27 23:20:38',NULL),
(1503,11,'28284673','Simon Enmanuel Contreras Hurtado','SAN JUAN DE LOS MORROS','2025-02-27 23:20:38','2025-02-27 23:20:38',NULL),
(1504,11,'31031646','Diana Yucelis Magallanes Mascias','SAN JUAN DE LOS MORROS','2025-02-27 23:20:38','2025-02-27 23:20:38',NULL),
(1505,11,'31605127','Alejandro   Jose Hernandez   Hernandez','SAN JUAN DE LOS MORROS','2025-02-27 23:20:38','2025-02-27 23:20:38',NULL),
(1506,11,'30102629','Glhen Shanon Herrera Garcia','SAN JUAN DE LOS MORROS','2025-02-27 23:20:38','2025-02-27 23:20:38',NULL),
(1507,11,'30589661','Andrea Beatriz Gomez Hernandez','SAN JUAN DE LOS MORROS','2025-02-27 23:20:38','2025-02-27 23:20:38',NULL),
(1508,11,'31645816',' Mariangel Nazareth Arraiz Castillo ','SAN JUAN DE LOS MORROS','2025-02-27 23:20:38','2025-02-27 23:20:38',NULL),
(1509,11,'28408520','Henyer Manuel Gomez Aguirre','SAN JUAN DE LOS MORROS','2025-02-27 23:20:38','2025-02-27 23:20:38',NULL),
(1510,11,'28176583','Roger Jose Vera Gonzalez','SAN JUAN DE LOS MORROS','2025-02-27 23:20:38','2025-02-27 23:20:38',NULL),
(1511,11,'30789645','DIAZ  RICARDO ROMAN','SAN JUAN DE LOS MORROS','2025-02-27 23:20:38','2025-02-27 23:20:38',NULL),
(1512,11,'31511126','  CARLOS LEYUN PORTILLO DOUMAT ','SAN JUAN DE LOS MORROS','2025-02-27 23:20:38','2025-02-27 23:20:38',NULL),
(1513,11,'30322565','OSCAR XAVIER SANTANDER BRITO','SAN JUAN DE LOS MORROS','2025-02-27 23:20:38','2025-02-27 23:20:38',NULL),
(1514,11,'29908830','Julio Cesar Nieto Castillo','SAN JUAN DE LOS MORROS','2025-02-27 23:20:38','2025-02-27 23:20:38',NULL),
(1515,11,'20247629','Isamar Maria Carreño ','SAN JUAN DE LOS MORROS','2025-02-27 23:20:38','2025-02-27 23:20:38',NULL),
(1516,11,'28482604','Jose Alejandro Da Costa Medina','SAN JUAN DE LOS MORROS','2025-02-27 23:20:38','2025-02-27 23:20:38',NULL),
(1517,11,'27631348','Antonio Miguel Volcan Requena','SAN JUAN DE LOS MORROS','2025-02-27 23:20:38','2025-02-27 23:20:38',NULL),
(1518,11,'30874540','GERARDO ALEJANDRO ROJAS VARELA','SAN JUAN DE LOS MORROS','2025-02-27 23:20:38','2025-02-27 23:20:38',NULL),
(1519,11,'31423109','FERNANDO JOSE MORA CORDERO','SAN JUAN DE LOS MORROS','2025-02-27 23:20:38','2025-02-27 23:20:38',NULL),
(1520,11,'30971969','DERWIN JESUS MENDOZA TORO','SAN JUAN DE LOS MORROS','2025-02-27 23:20:38','2025-02-27 23:20:38',NULL),
(1521,11,'30275980','Delwuin Jose Zamora Gallardo','SAN JUAN DE LOS MORROS','2025-02-27 23:20:38','2025-02-27 23:20:38',NULL),
(1522,11,'30039536','Marleidis Alejandra Rodriguez Perez','SAN JUAN DE LOS MORROS','2025-02-27 23:20:38','2025-02-27 23:20:38',NULL),
(1523,11,'32020466','  HIRVIN LUIS HUMBERTO MORENO MEDRANO ','SAN JUAN DE LOS MORROS','2025-02-27 23:20:38','2025-02-27 23:20:38',NULL),
(1524,11,'29576595','Juan Pablo Valera Ron','SAN JUAN DE LOS MORROS','2025-02-27 23:20:38','2025-02-27 23:20:38',NULL),
(1525,11,'30327526','Brandon Samuel Ramirez Ferrer ','SAN JUAN DE LOS MORROS','2025-02-27 23:20:38','2025-02-27 23:20:38',NULL),
(1526,11,'31080889','RAUL EDUARDO OSORIO MARIN','SAN JUAN DE LOS MORROS','2025-02-27 23:20:38','2025-02-27 23:20:38',NULL),
(1527,11,'30785363','DIAZ  EMILIO RODRIGUEZ','SAN JUAN DE LOS MORROS','2025-02-27 23:20:38','2025-02-27 23:20:38',NULL),
(1528,11,'31695511',' eduardo Yonaiker Hurtado Ramirez ','SAN JUAN DE LOS MORROS','2025-02-27 23:20:38','2025-02-27 23:20:38',NULL),
(1529,11,'31391521','Carlos Andres  Gutierrez Carrasquel ','SAN JUAN DE LOS MORROS','2025-02-27 23:20:38','2025-02-27 23:20:38',NULL),
(1530,11,'28648732','Rossana Saharay de los Angeles Rodriguez Laya','SAN JUAN DE LOS MORROS','2025-02-27 23:20:38','2025-02-27 23:20:38',NULL),
(1531,11,'31971132','  CESAR ENRIQUE BORREGO FIGUEROA ','SAN JUAN DE LOS MORROS','2025-02-27 23:20:38','2025-02-27 23:20:38',NULL),
(1532,11,'30325515','Eduardo Alfonzo Malave Prada','SAN JUAN DE LOS MORROS','2025-02-27 23:20:38','2025-02-27 23:20:38',NULL),
(1533,11,'29894083','Luisangel Eduardo Tapia Colon','SAN JUAN DE LOS MORROS','2025-02-27 23:20:38','2025-02-27 23:20:38',NULL),
(1534,11,'30703464','JUSTIN JAVIER VEGAS LINERO','SAN JUAN DE LOS MORROS','2025-02-27 23:20:38','2025-02-27 23:20:38',NULL),
(1535,11,'31209723','Carlos Daniel  Simancas Sanchez ','SAN JUAN DE LOS MORROS','2025-02-27 23:20:38','2025-02-27 23:20:38',NULL),
(1536,11,'25074199','MOISES ENRIQUE FRANCO BLANCO','SAN JUAN DE LOS MORROS','2025-02-27 23:20:38','2025-02-27 23:20:38',NULL),
(1537,11,'29728167','Carlos Daniel Landaeta Gomez','SAN JUAN DE LOS MORROS','2025-02-27 23:20:38','2025-02-27 23:20:38',NULL),
(1538,11,'30039148','Romulo Jesus Paez Cortez','SAN JUAN DE LOS MORROS','2025-02-27 23:20:38','2025-02-27 23:20:38',NULL),
(1539,11,'30947036','FRANCISCO JAVIER  CELIS CELIS ','SAN JUAN DE LOS MORROS','2025-02-27 23:20:38','2025-02-27 23:20:38',NULL),
(1540,11,'27468770','RANZET ARQUIMEDES DIAZ BARRIOS','SAN JUAN DE LOS MORROS','2025-02-27 23:20:38','2025-02-27 23:20:38',NULL),
(1541,11,'29941160','Gerardo Jose De Figueroa Alvarez','SAN JUAN DE LOS MORROS','2025-02-27 23:20:38','2025-02-27 23:20:38',NULL),
(1542,11,'30733462','HECTOR ANTONIO CAMPO MATA','SAN JUAN DE LOS MORROS','2025-02-27 23:20:38','2025-02-27 23:20:38',NULL),
(1543,11,'30961257','Williams Alejandro Suarez Torres','SAN JUAN DE LOS MORROS','2025-02-27 23:20:38','2025-02-27 23:20:38',NULL),
(1544,11,'30463767','CARLOS DANIEL GAMEZ ASCANIO','SAN JUAN DE LOS MORROS','2025-02-27 23:20:38','2025-02-27 23:20:38',NULL),
(1545,11,'31141823','LEIDY LAURA HERNANDEZ GONZALEZ','SAN JUAN DE LOS MORROS','2025-02-27 23:20:38','2025-02-27 23:20:38',NULL),
(1546,11,'30211521','Grecia Ariadna Colmenares Rangel','SAN JUAN DE LOS MORROS','2025-02-27 23:20:38','2025-02-27 23:20:38',NULL),
(1547,11,'31246314',' Franny Massiel Luis Flores ','SAN JUAN DE LOS MORROS','2025-02-27 23:20:38','2025-02-27 23:20:38',NULL),
(1548,11,'28519233','Leonardo Francisco Marrero Intoci','SAN JUAN DE LOS MORROS','2025-02-27 23:20:38','2025-02-27 23:20:38',NULL),
(1549,11,'28367645','Kevin Jesus Beroes Romero','SAN JUAN DE LOS MORROS','2025-02-27 23:20:38','2025-02-27 23:20:38',NULL),
(1550,11,'31576161','  JUAN ALEJANDRO DAWAHER DAWAHRA ','SAN JUAN DE LOS MORROS','2025-02-27 23:20:38','2025-02-27 23:20:38',NULL),
(1551,11,'31970997','INFANTE  SNAYBER ZAPATA','SAN JUAN DE LOS MORROS','2025-02-27 23:20:38','2025-02-27 23:20:38',NULL),
(1552,11,'28432342','SAMUEL DAVID AGUANA GONZALEZ','SAN JUAN DE LOS MORROS','2025-02-27 23:20:38','2025-02-27 23:20:38',NULL),
(1553,11,'26973775','RUBEN DARIO VALDIVIA CASTILLO','SAN JUAN DE LOS MORROS','2025-02-27 23:20:38','2025-02-27 23:20:38',NULL),
(1554,11,'29858304','Raul Alejandro Oca De Palma','SAN JUAN DE LOS MORROS','2025-02-27 23:20:38','2025-02-27 23:20:38',NULL),
(1555,11,'30790230','NORKIS CAMILA  ISEA MACIAS ','SAN JUAN DE LOS MORROS','2025-02-27 23:20:38','2025-02-27 23:20:38',NULL),
(1556,11,'30582567','Eylenn Waleska Moreno Perdomo','SAN JUAN DE LOS MORROS','2025-02-27 23:20:38','2025-02-27 23:20:38',NULL),
(1557,11,'24407608','Kengerlys Ilich Diaz Castro','SAN JUAN DE LOS MORROS','2025-02-27 23:20:38','2025-02-27 23:20:38',NULL),
(1558,11,'32083289','  ANDRES ALEJANDRO MEDINA TORRES ','SAN JUAN DE LOS MORROS','2025-02-27 23:20:38','2025-02-27 23:20:38',NULL),
(1559,11,'27468884','AARON DAVID  TORREALBA RONDON ','SAN JUAN DE LOS MORROS','2025-02-27 23:20:38','2025-02-27 23:20:38',NULL),
(1560,11,'30626438','Alexander Raul Almaguer Orta','SAN JUAN DE LOS MORROS','2025-02-27 23:20:38','2025-02-27 23:20:38',NULL),
(1561,11,'31023440','Juan Enrique Vilchez Gomez','SAN JUAN DE LOS MORROS','2025-02-27 23:20:38','2025-02-27 23:20:38',NULL),
(1562,11,'17689575','Richard Jose Herrera Arteaga','SAN JUAN DE LOS MORROS','2025-02-27 23:20:38','2025-02-27 23:20:38',NULL),
(1563,11,'30789608','Ramses Rafael Sotomayor Guerra','SAN JUAN DE LOS MORROS','2025-02-27 23:20:38','2025-02-27 23:20:38',NULL),
(1564,11,'31376455','Pabel Manuel  Belisario Albornoz ','SAN JUAN DE LOS MORROS','2025-02-27 23:20:38','2025-02-27 23:20:38',NULL),
(1565,11,'30247656','Hansser Arnaldo Izquierdo Gutierrez','SAN JUAN DE LOS MORROS','2025-02-27 23:20:38','2025-02-27 23:20:38',NULL),
(1566,11,'30669569','Carlos Alberto Barco Vera','SAN JUAN DE LOS MORROS','2025-02-27 23:20:38','2025-02-27 23:20:38',NULL),
(1567,11,'24237109','Rossana Caridad Ceballos Ibarra','SAN JUAN DE LOS MORROS','2025-02-27 23:20:38','2025-02-27 23:20:38',NULL),
(1568,11,'28012901','Armando De Jesus Delgado Sumoza','SAN JUAN DE LOS MORROS','2025-02-27 23:20:38','2025-02-27 23:20:38',NULL),
(1569,11,'28408847','GOMEZ  ISAAC LARA','SAN JUAN DE LOS MORROS','2025-02-27 23:20:38','2025-02-27 23:20:38',NULL),
(1570,11,'27653787','jose alejandro infante lara','SAN JUAN DE LOS MORROS','2025-02-27 23:20:38','2025-02-27 23:20:38',NULL),
(1571,11,'30039073','Jesus Orlando Ramirez Sierra','SAN JUAN DE LOS MORROS','2025-02-27 23:20:38','2025-02-27 23:20:38',NULL),
(1572,11,'30742068','Carlos Yonis Rojas Reggio','SAN JUAN DE LOS MORROS','2025-02-27 23:20:38','2025-02-27 23:20:38',NULL),
(1573,11,'31834821','  EFRAIN ALFREDO ROJAS HERNANDEZ ','SAN JUAN DE LOS MORROS','2025-02-27 23:20:38','2025-02-27 23:20:38',NULL),
(1574,11,'32308680','PAREDES  KEVIN CABALLERO','SAN JUAN DE LOS MORROS','2025-02-27 23:20:38','2025-02-27 23:20:38',NULL),
(1575,11,'25910644','Oscar Miguel Espinoza Rondon','SAN JUAN DE LOS MORROS','2025-02-27 23:20:38','2025-02-27 23:20:38',NULL),
(1576,11,'31302062','Keidys Marie Camacho Berrios','SAN JUAN DE LOS MORROS','2025-02-27 23:20:38','2025-02-27 23:20:38',NULL),
(1577,11,'32513650','  DANIEL JOSE LOPEZ PALMA ','SAN JUAN DE LOS MORROS','2025-02-27 23:20:38','2025-02-27 23:20:38',NULL),
(1578,11,'30276131','JOSE ALEJANDRO RANGEL AVILA','SAN JUAN DE LOS MORROS','2025-02-27 23:20:38','2025-02-27 23:20:38',NULL),
(1579,11,'32465995','JEINS REMBER JOSE HARY PIÑA','SAN JUAN DE LOS MORROS','2025-02-27 23:20:38','2025-02-27 23:20:38',NULL),
(1580,11,'30428597','Angel Guillermo Cutt Diaz','SAN JUAN DE LOS MORROS','2025-02-27 23:20:38','2025-02-27 23:20:38',NULL),
(1581,11,'28518952','Jose Carlos Yanez Mujica','SAN JUAN DE LOS MORROS','2025-02-27 23:20:38','2025-02-27 23:20:38',NULL),
(1582,11,'29858453','Logan Rafael  Urdaneta Contreras','SAN JUAN DE LOS MORROS','2025-02-27 23:20:38','2025-02-27 23:20:38',NULL),
(1583,11,'32186047','Salvador Tomas Messina Gudino','SAN JUAN DE LOS MORROS','2025-02-27 23:20:38','2025-02-27 23:20:38',NULL),
(1584,11,'28408121','  YHURBYS MARIANY SUAREZ LINARES ','SAN JUAN DE LOS MORROS','2025-02-27 23:20:38','2025-02-27 23:20:38',NULL),
(1585,11,'28012507','  JOSEMITTY JONEIKER BARRIOS NAVAS ','SAN JUAN DE LOS MORROS','2025-02-27 23:20:38','2025-02-27 23:20:38',NULL),
(1586,11,'29708860','Genesis Gabriela Sumoza Calcurian','SAN JUAN DE LOS MORROS','2025-02-27 23:20:38','2025-02-27 23:20:38',NULL),
(1587,11,'31869852','NICOLAS MIGUEL CALDERIN HERNANDEZ','SAN JUAN DE LOS MORROS','2025-02-27 23:20:38','2025-02-27 23:20:38',NULL),
(1588,11,'31627651',' Jeremias De Jesus Silva Ramos ','SAN JUAN DE LOS MORROS','2025-02-27 23:20:38','2025-02-27 23:20:38',NULL),
(1589,11,'30869947','JOSE ALEXANDER SANCHEZ MARTIN','SAN JUAN DE LOS MORROS','2025-02-27 23:20:38','2025-02-27 23:20:38',NULL),
(1590,11,'31294368','Ariadna Georgeth Acosta Sanabria','SAN JUAN DE LOS MORROS','2025-02-27 23:20:38','2025-02-27 23:20:38',NULL),
(1591,11,'28482038','Emilio Javier Barberi Pulido','SAN JUAN DE LOS MORROS','2025-02-27 23:20:38','2025-02-27 23:20:38',NULL),
(1592,11,'28262997','Daniel Ilianoff Pimentel Gamez','SAN JUAN DE LOS MORROS','2025-02-27 23:20:38','2025-02-27 23:20:38',NULL),
(1593,11,'30627699','Jose Gabriel Gil Gonzalez','SAN JUAN DE LOS MORROS','2025-02-27 23:20:38','2025-02-27 23:20:38',NULL),
(1594,11,'30276819','Samuel Jose Fuentes Rivero','SAN JUAN DE LOS MORROS','2025-02-27 23:20:38','2025-02-27 23:20:38',NULL),
(1595,11,'31926966',' Miguel Angel Balza Barrios ','SAN JUAN DE LOS MORROS','2025-02-27 23:20:38','2025-02-27 23:20:38',NULL),
(1596,11,'26464268','Kisbel José Pacheco Pantoja','SAN JUAN DE LOS MORROS','2025-02-27 23:20:38','2025-02-27 23:20:38',NULL),
(1597,11,'26495224','Jonathan Jose Lemos Monasterio','SAN JUAN DE LOS MORROS','2025-02-27 23:20:38','2025-02-27 23:20:38',NULL),
(1598,11,'30452565','Ramses Eduardo Rivero Barrios','SAN JUAN DE LOS MORROS','2025-02-27 23:20:38','2025-02-27 23:20:38',NULL),
(1599,11,'27665635','Djimon Jose Baloa Rodriguez','SAN JUAN DE LOS MORROS','2025-02-27 23:20:38','2025-02-27 23:20:38',NULL),
(1600,11,'31345773',' Joskey Julnan Joskey Hernandez   Zerpa','SAN JUAN DE LOS MORROS','2025-02-27 23:20:38','2025-02-27 23:20:38',NULL),
(1601,11,'31904162','Edgar Jesus Palencia Ochoa','SAN JUAN DE LOS MORROS','2025-02-27 23:20:38','2025-02-27 23:20:38',NULL),
(1602,11,'32136456','Eduin Alfonzo Guevara Aponte','SAN JUAN DE LOS MORROS','2025-02-27 23:20:38','2025-02-27 23:20:38',NULL),
(1603,11,'23951367',' BALOA  ANDRES MARTINEZ','SAN JUAN DE LOS MORROS','2025-02-27 23:20:38','2025-02-27 23:20:38',NULL),
(1604,11,'31834954','Angel Gabriel Perez  Guevara','SAN JUAN DE LOS MORROS','2025-02-27 23:20:38','2025-02-27 23:20:38',NULL),
(1605,11,'28718167','Luis Jose Ruiz Alarcon','SAN JUAN DE LOS MORROS','2025-02-27 23:20:38','2025-02-27 23:20:38',NULL),
(1606,11,'31899312','  EDGAR ALEXANDER HERRERA MILANO ','SAN JUAN DE LOS MORROS','2025-02-27 23:20:38','2025-02-27 23:20:38',NULL),
(1607,11,'30160490','Leniangel Vanessa Perez Ron','SAN JUAN DE LOS MORROS','2025-02-27 23:20:38','2025-02-27 23:20:38',NULL),
(1608,11,'29659330','Gabriela Alejandra Pacheco Lozada','SAN JUAN DE LOS MORROS','2025-02-27 23:20:38','2025-02-27 23:20:38',NULL),
(1609,11,'30658470','Moises Angel Requena Lugo','SAN JUAN DE LOS MORROS','2025-02-27 23:20:38','2025-02-27 23:20:38',NULL),
(1610,11,'29858925','Noelvis Jose Alonso Herrera','SAN JUAN DE LOS MORROS','2025-02-27 23:20:38','2025-02-27 23:20:38',NULL),
(1611,11,'30780909','Eduardo Alfonso Lopez Tirado','SAN JUAN DE LOS MORROS','2025-02-27 23:20:38','2025-02-27 23:20:38',NULL),
(1612,11,'30626481','Yender Jose Osorio Hernandez','SAN JUAN DE LOS MORROS','2025-02-27 23:20:38','2025-02-27 23:20:38',NULL),
(1613,11,'31719394','  VICTOR JULIO PERDOMO SANCHEZ ','SAN JUAN DE LOS MORROS','2025-02-27 23:20:38','2025-02-27 23:20:38',NULL),
(1614,11,'29899588','Angel Jesus Millan Duque','SAN JUAN DE LOS MORROS','2025-02-27 23:20:38','2025-02-27 23:20:38',NULL),
(1615,11,'32001254','Barbara Valentina  Pedrique Aponte ','SAN JUAN DE LOS MORROS','2025-02-27 23:20:38','2025-02-27 23:20:38',NULL),
(1616,11,'31489799','MARIANA DEL VALLE ROMERO GALLARDO','SAN JUAN DE LOS MORROS','2025-02-27 23:20:38','2025-02-27 23:20:38',NULL),
(1617,11,'30874237','Cesar Ignacio Bermudez Bolivar','SAN JUAN DE LOS MORROS','2025-02-27 23:20:38','2025-02-27 23:20:38',NULL),
(1618,11,'31922901','  ANGEL LEONARDO VERA GONZALEZ ','SAN JUAN DE LOS MORROS','2025-02-27 23:20:38','2025-02-27 23:20:38',NULL),
(1619,11,'31345938','Klaybel Javier  Ruben Mireles ','SAN JUAN DE LOS MORROS','2025-02-27 23:20:38','2025-02-27 23:20:38',NULL),
(1620,11,'31107750','GABAZUT  JOSGREGORY GARRIDO','SAN JUAN DE LOS MORROS','2025-02-27 23:20:38','2025-02-27 23:20:38',NULL),
(1621,11,'28012948','Alejandra Carolina Moreno Perez','SAN JUAN DE LOS MORROS','2025-02-27 23:20:38','2025-02-27 23:20:38',NULL),
(1622,11,'21258088','Astrid Carolina Arreaza Gil','SAN JUAN DE LOS MORROS','2025-02-27 23:20:38','2025-02-27 23:20:38',NULL),
(1623,11,'30874005','Genesis Rosiangel Fernandez Rodriguez','SAN JUAN DE LOS MORROS','2025-02-27 23:20:38','2025-02-27 23:20:38',NULL),
(1624,11,'29597891','Jose Andres Figueroa Perez','SAN JUAN DE LOS MORROS','2025-02-27 23:20:38','2025-02-27 23:20:38',NULL),
(1625,11,'28373173','Jose  Fernandez ','SAN JUAN DE LOS MORROS','2025-02-27 23:20:38','2025-02-27 23:20:38',NULL),
(1626,11,'32139656','BENAVIDES  JOSE RUIZ','SAN JUAN DE LOS MORROS','2025-02-27 23:20:38','2025-02-27 23:20:38',NULL),
(1627,11,'25887087','Hendrickson Alejandro Ruiz Nadales','SAN JUAN DE LOS MORROS','2025-02-27 23:20:38','2025-02-27 23:20:38',NULL),
(1628,11,'31240289','  JOAN JOSE GARCIA VALENZUELA ','SAN JUAN DE LOS MORROS','2025-02-27 23:20:38','2025-02-27 23:20:38',NULL),
(1629,11,'31711565','  YEIBERT EMILIO VELIZ ROJAS ','SAN JUAN DE LOS MORROS','2025-02-27 23:20:38','2025-02-27 23:20:38',NULL),
(1630,11,'24238114','Santo De Jesus Delgado Sumoza','SAN JUAN DE LOS MORROS','2025-02-27 23:20:38','2025-02-27 23:20:38',NULL),
(1631,11,'30039908','Bryan Vicente blanco Gonzalez','SAN JUAN DE LOS MORROS','2025-02-27 23:20:38','2025-02-27 23:20:38',NULL),
(1632,11,'30703486','JOSE GABRIEL PADILLA CEBALLOS','SAN JUAN DE LOS MORROS','2025-02-27 23:20:38','2025-02-27 23:20:38',NULL),
(1633,11,'26153066','Jesus Daniel Ortega Villalba','SAN JUAN DE LOS MORROS','2025-02-27 23:20:38','2025-02-27 23:20:38',NULL),
(1634,11,'24238646','Jesus Rafael Escalona Rondon','SAN JUAN DE LOS MORROS','2025-02-27 23:20:38','2025-02-27 23:20:38',NULL),
(1635,11,'28408471','Yeison Jesus Polanco Osorio','SAN JUAN DE LOS MORROS','2025-02-27 23:20:38','2025-02-27 23:20:38',NULL),
(1636,11,'30626166','VALESKA   ALEJANDRA BARRIOS CORDERO','SAN JUAN DE LOS MORROS','2025-02-27 23:20:38','2025-02-27 23:20:38',NULL),
(1637,11,'28127270','Emily Daniela Castrillo Puerta','SAN JUAN DE LOS MORROS','2025-02-27 23:20:38','2025-02-27 23:20:38',NULL),
(1638,11,'31107329','DIONI JOSUE ROJAS DIMAS','SAN JUAN DE LOS MORROS','2025-02-27 23:20:38','2025-02-27 23:20:38',NULL),
(1639,11,'30160109','MARCOS VINICIO  ARAUJO SOJO ','SAN JUAN DE LOS MORROS','2025-02-27 23:20:38','2025-02-27 23:20:38',NULL),
(1640,11,'30703432','Julio Jose Charmelo Toro','SAN JUAN DE LOS MORROS','2025-02-27 23:20:38','2025-02-27 23:20:38',NULL),
(1641,11,'31786816','Pablo Heriberto Zerpa Sierra','SAN JUAN DE LOS MORROS','2025-02-27 23:20:38','2025-02-27 23:20:38',NULL),
(1642,11,'31970962','  JOHANDER DANIEL QUINTANA GUIRADOS ','SAN JUAN DE LOS MORROS','2025-02-27 23:20:38','2025-02-27 23:20:38',NULL),
(1643,11,'31023647','Leonardo Jose Pacheco Malpica','SAN JUAN DE LOS MORROS','2025-02-27 23:20:38','2025-02-27 23:20:38',NULL),
(1644,11,'30186459','Isaac David Montilla Delgado','SAN JUAN DE LOS MORROS','2025-02-27 23:20:38','2025-02-27 23:20:38',NULL),
(1645,11,'27544320','Roger Orlando Villegas Milano','SAN JUAN DE LOS MORROS','2025-02-27 23:20:38','2025-02-27 23:20:38',NULL),
(1646,11,'30789856','DANIEL ALEJANDRO QUINONES MIRELES','SAN JUAN DE LOS MORROS','2025-02-27 23:20:38','2025-02-27 23:20:38',NULL),
(1647,11,'32634372','  ALBA DE LOS ANGELES ROMERO FLORES ','SAN JUAN DE LOS MORROS','2025-02-27 23:20:38','2025-02-27 23:20:38',NULL),
(1648,11,'32163981',' Jesus Alberto Pedriquez Gotto ','SAN JUAN DE LOS MORROS','2025-02-27 23:20:38','2025-02-27 23:20:38',NULL),
(1649,11,'28544044','LUIS AUGUSTO  HIDALGO VASQUEZ ','SAN JUAN DE LOS MORROS','2025-02-27 23:20:38','2025-02-27 23:20:38',NULL),
(1650,11,'26519711','Karla Yosneiby Quintero Maldonado','SAN JUAN DE LOS MORROS','2025-02-27 23:20:38','2025-02-27 23:20:38',NULL),
(1651,11,'32167268','BOLIVAR  JOFRED JIMENEZ','SAN JUAN DE LOS MORROS','2025-02-27 23:20:38','2025-02-27 23:20:38',NULL),
(1652,11,'28051655','Cesar Antonio Alvarado Oliveros','SAN JUAN DE LOS MORROS','2025-02-27 23:20:38','2025-02-27 23:20:38',NULL),
(1653,11,'28176859','Javier Alexander Camejo Gamarra','SAN JUAN DE LOS MORROS','2025-02-27 23:20:38','2025-02-27 23:20:38',NULL),
(1654,11,'31073511','DIXON ARTURO RAMOS SOTO','SAN JUAN DE LOS MORROS','2025-02-27 23:20:38','2025-02-27 23:20:38',NULL),
(1655,11,'28482348','Jose Gregorio Sojo Jaimes','SAN JUAN DE LOS MORROS','2025-02-27 23:20:38','2025-02-27 23:20:38',NULL),
(1656,11,'29576598','Erick Felipe Perez Martinez','SAN JUAN DE LOS MORROS','2025-02-27 23:20:38','2025-02-27 23:20:38',NULL),
(1657,11,'29978333','Andre Bazzany Pena Gil','SAN JUAN DE LOS MORROS','2025-02-27 23:20:38','2025-02-27 23:20:38',NULL),
(1658,11,'29858705','Javier Excleyer Pereira Ortuño','SAN JUAN DE LOS MORROS','2025-02-27 23:20:38','2025-02-27 23:20:38',NULL),
(1659,11,'31345987','CASTRO  JESUS ARNAUDES','SAN JUAN DE LOS MORROS','2025-02-27 23:20:38','2025-02-27 23:20:38',NULL),
(1660,11,'31415658','RAFAEL ANDRES VASQUEZ SANCHEZ','SAN JUAN DE LOS MORROS','2025-02-27 23:20:38','2025-02-27 23:20:38',NULL),
(1661,11,'25717980','Luis Alejandro Reaza Torrealba','SAN JUAN DE LOS MORROS','2025-02-27 23:20:38','2025-02-27 23:20:38',NULL),
(1662,11,'32003227','  HECTOR JOSE BRAVO BOLIVAR ','SAN JUAN DE LOS MORROS','2025-02-27 23:20:38','2025-02-27 23:20:38',NULL),
(1663,11,'29858403','German Rafael Cordero Gomez','SAN JUAN DE LOS MORROS','2025-02-27 23:20:38','2025-02-27 23:20:38',NULL),
(1664,11,'30874360','Anthony Enrique Arteaga Daniel','SAN JUAN DE LOS MORROS','2025-02-27 23:20:38','2025-02-27 23:20:38',NULL),
(1665,11,'30325840','Dariana Daniela Arnaudes Guatache','SAN JUAN DE LOS MORROS','2025-02-27 23:20:38','2025-02-27 23:20:38',NULL),
(1666,11,'28225269','Jose  David Seijas  Olivero ','SAN JUAN DE LOS MORROS','2025-02-27 23:20:38','2025-02-27 23:20:38',NULL),
(1667,11,'27843424','Carlos Daniel Gomez Mosquera','SAN JUAN DE LOS MORROS','2025-02-27 23:20:38','2025-02-27 23:20:38',NULL),
(1668,11,'31742941','  LEONELL JOSUE ELIU CALDERON HERNANDEZ ','SAN JUAN DE LOS MORROS','2025-02-27 23:20:38','2025-02-27 23:20:38',NULL),
(1669,11,'29846389','Jessy Marlene Castillo Gil','SAN JUAN DE LOS MORROS','2025-02-27 23:20:38','2025-02-27 23:20:38',NULL),
(1670,11,'30039545','Hector Jesus Correa Vicuna','SAN JUAN DE LOS MORROS','2025-02-27 23:20:38','2025-02-27 23:20:38',NULL),
(1671,11,'32223140','  JESUS ANDRES RAMOS HERNANDEZ ','SAN JUAN DE LOS MORROS','2025-02-27 23:20:38','2025-02-27 23:20:38',NULL),
(1672,11,'28408807','Jean  Carlos Yanez Diaz','SAN JUAN DE LOS MORROS','2025-02-27 23:20:38','2025-02-27 23:20:38',NULL),
(1673,11,'28012547','Victor Armando Nunez Bolivar','SAN JUAN DE LOS MORROS','2025-02-27 23:20:38','2025-02-27 23:20:38',NULL),
(1674,11,'30874598','Carlos Daniel Solorzano Silva','SAN JUAN DE LOS MORROS','2025-02-27 23:20:39','2025-02-27 23:20:39',NULL),
(1675,11,'30251595','Nickol Gaby Sarahํs Carrasquel Constant','SAN JUAN DE LOS MORROS','2025-02-27 23:20:39','2025-02-27 23:20:39',NULL),
(1676,11,'27631066','Simón Hugo Pálima Funez','SAN JUAN DE LOS MORROS','2025-02-27 23:20:39','2025-02-27 23:20:39',NULL),
(1677,11,'27581744','Naser Tarek Shraim Ruiz','SAN JUAN DE LOS MORROS','2025-02-27 23:20:39','2025-02-27 23:20:39',NULL),
(1678,11,'31879197','  JUAN CARLOS ECHENIQUE CASTILLO ','SAN JUAN DE LOS MORROS','2025-02-27 23:20:39','2025-02-27 23:20:39',NULL),
(1679,11,'31073381','RAEL DAVID MORENO LOPEZ','SAN JUAN DE LOS MORROS','2025-02-27 23:20:39','2025-02-27 23:20:39',NULL),
(1680,11,'31363607','ANTHONY GABRIEL CHINA SAEZ','SAN JUAN DE LOS MORROS','2025-02-27 23:20:39','2025-02-27 23:20:39',NULL),
(1681,11,'26883714','Johanson Jose Rodriguez Lara','SAN JUAN DE LOS MORROS','2025-02-27 23:20:39','2025-02-27 23:20:39',NULL),
(1682,11,'31073300','Albert Alexander  Flores Briceño ','SAN JUAN DE LOS MORROS','2025-02-27 23:20:39','2025-02-27 23:20:39',NULL),
(1683,11,'31862971','Pablo Martin  Rodriguez Mosqueda','SAN JUAN DE LOS MORROS','2025-02-27 23:20:39','2025-02-27 23:20:39',NULL),
(1684,11,'31142120','JUAN ERNESTO VALERA QUIROZ','SAN JUAN DE LOS MORROS','2025-02-27 23:20:39','2025-02-27 23:20:39',NULL),
(1685,11,'31321381','Vicente Jose Blanco Montoya','SAN JUAN DE LOS MORROS','2025-02-27 23:20:39','2025-02-27 23:20:39',NULL),
(1686,11,'29959129','CARLOS MOISES NIEVES RUSSO','SAN JUAN DE LOS MORROS','2025-02-27 23:20:39','2025-02-27 23:20:39',NULL),
(1687,11,'27238524','ANTHONY JOSE CORREA CORREA','SAN JUAN DE LOS MORROS','2025-02-27 23:20:39','2025-02-27 23:20:39',NULL),
(1688,11,'28064278','WILKER JESUS MORA JIMENEZ','SAN JUAN DE LOS MORROS','2025-02-27 23:20:39','2025-02-27 23:20:39',NULL),
(1689,11,'31321630',' Jhirkliann Indergal Barrios Zerpa ','SAN JUAN DE LOS MORROS','2025-02-27 23:20:39','2025-02-27 23:20:39',NULL),
(1690,11,'28354391','Jesus Enrique Morgado Condiales','SAN JUAN DE LOS MORROS','2025-02-27 23:20:39','2025-02-27 23:20:39',NULL),
(1691,11,'30325415','Luis Fernando Serra Fernandez','SAN JUAN DE LOS MORROS','2025-02-27 23:20:39','2025-02-27 23:20:39',NULL),
(1692,11,'27882589','Luis Enrique Nuñez Silva','SAN JUAN DE LOS MORROS','2025-02-27 23:20:39','2025-02-27 23:20:39',NULL),
(1693,11,'31604215','   ROSIBEL DEL CARMEN CARRERA FERNANDEZ  ','SAN JUAN DE LOS MORROS','2025-02-27 23:20:39','2025-02-27 23:20:39',NULL),
(1694,11,'30326941','MIGUEL ALEJANDRO LARA FRANCO','SAN JUAN DE LOS MORROS','2025-02-27 23:20:39','2025-02-27 23:20:39',NULL),
(1695,11,'27463393','Luis Jose Briceno Virahonda','SAN JUAN DE LOS MORROS','2025-02-27 23:20:39','2025-02-27 23:20:39',NULL),
(1696,11,'27326677','JOHANDER ALEXANDER AGUILAR DELGADO','SAN JUAN DE LOS MORROS','2025-02-27 23:20:39','2025-02-27 23:20:39',NULL),
(1697,11,'31321545','  YHERMAN JESUS GUTIERREZ CALDERA ','SAN JUAN DE LOS MORROS','2025-02-27 23:20:39','2025-02-27 23:20:39',NULL),
(1698,11,'30542889',' Bryan Jose Avila Garcia ','SAN JUAN DE LOS MORROS','2025-02-27 23:20:39','2025-02-27 23:20:39',NULL),
(1699,11,'30852767','Bracamonte Meza  Ashly Deymar ','SAN JUAN DE LOS MORROS','2025-02-27 23:20:39','2025-02-27 23:20:39',NULL),
(1700,11,'31339031','oscar  daniel  agudelo  montevideo ','SAN JUAN DE LOS MORROS','2025-02-27 23:20:39','2025-02-27 23:20:39',NULL),
(1701,11,'32145129','  LUIS DANIEL SANCHEZ FLORES ','SAN JUAN DE LOS MORROS','2025-02-27 23:20:39','2025-02-27 23:20:39',NULL),
(1702,11,'28408954','Jeiker Josram MuNoz Garcia','SAN JUAN DE LOS MORROS','2025-02-27 23:20:39','2025-02-27 23:20:39',NULL),
(1703,11,'26277784','RENNY JOSE RAMIREZ COBOS','SAN JUAN DE LOS MORROS','2025-02-27 23:20:39','2025-02-27 23:20:39',NULL),
(1704,11,'31692917','  JOY ALEJANDRA MICHELENA CAMPOS ','SAN JUAN DE LOS MORROS','2025-02-27 23:20:39','2025-02-27 23:20:39',NULL),
(1705,11,'31376393','Naomi Chiquinquira Linares Berroteran','SAN JUAN DE LOS MORROS','2025-02-27 23:20:39','2025-02-27 23:20:39',NULL),
(1706,11,'30595926','Angel Moises Navarro Hernandez','SAN JUAN DE LOS MORROS','2025-02-27 23:20:39','2025-02-27 23:20:39',NULL),
(1707,11,'30434724','Williams Jose Perez Noguera','SAN JUAN DE LOS MORROS','2025-02-27 23:20:39','2025-02-27 23:20:39',NULL),
(1708,11,'27867282','My berth  Andrews Rodriguez Montesinos','SAN JUAN DE LOS MORROS','2025-02-27 23:20:39','2025-02-27 23:20:39',NULL),
(1709,11,'28017405','ELVIS  JESUS JIMENEZ  CARDENAS ','SAN JUAN DE LOS MORROS','2025-02-27 23:20:39','2025-02-27 23:20:39',NULL),
(1710,11,'30703300','ELIO FOAT FIGUEROA HAMZI','SAN JUAN DE LOS MORROS','2025-02-27 23:20:39','2025-02-27 23:20:39',NULL),
(1711,11,'30874347','Carlos Alejandro Perez Gonzalez','SAN JUAN DE LOS MORROS','2025-02-27 23:20:39','2025-02-27 23:20:39',NULL),
(1712,11,'30961815','RUT MARIA QUINTERO GAMEZ','SAN JUAN DE LOS MORROS','2025-02-27 23:20:39','2025-02-27 23:20:39',NULL),
(1713,11,'25717033','Alejandro Josue Barberi Abreu','SAN JUAN DE LOS MORROS','2025-02-27 23:20:39','2025-02-27 23:20:39',NULL),
(1714,11,'27238758','Yeander  Alvin  Alvarez  Guzman ','SAN JUAN DE LOS MORROS','2025-02-27 23:20:39','2025-02-27 23:20:39',NULL),
(1715,11,'31603722',' Juan Miguel Laya Munoz ','SAN JUAN DE LOS MORROS','2025-02-27 23:20:39','2025-02-27 23:20:39',NULL),
(1716,11,'30864297','Mario David Jaime Nunez','SAN JUAN DE LOS MORROS','2025-02-27 23:20:39','2025-02-27 23:20:39',NULL),
(1717,11,'27867062','KILBER MIJAEL HERNANDEZ RODRIGUEZ','SAN JUAN DE LOS MORROS','2025-02-27 23:20:39','2025-02-27 23:20:39',NULL),
(1718,11,'31924639','Fredeny Jesus Nieves Arraez','SAN JUAN DE LOS MORROS','2025-02-27 23:20:39','2025-02-27 23:20:39',NULL),
(1719,11,'31294589','KEYBER JAVIER MENDOZA ALEXANDRE','SAN JUAN DE LOS MORROS','2025-02-27 23:20:39','2025-02-27 23:20:39',NULL),
(1720,11,'30326170','Luis Miguel De Hernandez Herbel','SAN JUAN DE LOS MORROS','2025-02-27 23:20:39','2025-02-27 23:20:39',NULL),
(1721,11,'27715166','Keyver Andres Benitez Arteaga','SAN JUAN DE LOS MORROS','2025-02-27 23:20:39','2025-02-27 23:20:39',NULL),
(1722,11,'30596244','Luis  Felipe Aristigueta Fuenmayor','SAN JUAN DE LOS MORROS','2025-02-27 23:20:39','2025-02-27 23:20:39',NULL),
(1723,11,'23633651','Vietming  Guillermo Rodriguez   Fernandez','SAN JUAN DE LOS MORROS','2025-02-27 23:20:39','2025-02-27 23:20:39',NULL),
(1724,11,'30972492','Jhosber Jose  Jimenez Fernandez ','SAN JUAN DE LOS MORROS','2025-02-27 23:20:39','2025-02-27 23:20:39',NULL),
(1725,11,'31031745','JUAN  DAVID  BARRIOS ORTA','SAN JUAN DE LOS MORROS','2025-02-27 23:20:39','2025-02-27 23:20:39',NULL),
(1726,11,'31499269','JUAN PABLO GONZALEZ LA POSTA','SAN JUAN DE LOS MORROS','2025-02-27 23:20:39','2025-02-27 23:20:39',NULL),
(1727,11,'27665738','JOSE ALEJANDRO FERNANDEZ  BRICENO','SAN JUAN DE LOS MORROS','2025-02-27 23:20:39','2025-02-27 23:20:39',NULL),
(1728,11,'29576596','Alejandro Leonel Arias Marrero','SAN JUAN DE LOS MORROS','2025-02-27 23:20:39','2025-02-27 23:20:39',NULL),
(1729,11,'31158710','Brandon Josue  Morales Marchan ','SAN JUAN DE LOS MORROS','2025-02-27 23:20:39','2025-02-27 23:20:39',NULL),
(1730,11,'31107795','ANDRIERBER FREDDYANGEL LEAL DE MEDONCA','SAN JUAN DE LOS MORROS','2025-02-27 23:20:39','2025-02-27 23:20:39',NULL),
(1731,11,'30627048','Pedro Alexander Rodriguez Cordero','SAN JUAN DE LOS MORROS','2025-02-27 23:20:39','2025-02-27 23:20:39',NULL),
(1732,11,'32063604','  NORBELIS MARIA MENDEZ VARGAS ','SAN JUAN DE LOS MORROS','2025-02-27 23:20:39','2025-02-27 23:20:39',NULL),
(1733,11,'32128027','CORDOVA  ALBERT BLANCO','SAN JUAN DE LOS MORROS','2025-02-27 23:20:39','2025-02-27 23:20:39',NULL),
(1734,11,'30556019','Ali Gustavo Camejo Castillo','SAN JUAN DE LOS MORROS','2025-02-27 23:20:39','2025-02-27 23:20:39',NULL),
(1735,11,'30276613','Jesus Rodolfo Angulo Azuaje','SAN JUAN DE LOS MORROS','2025-02-27 23:20:39','2025-02-27 23:20:39',NULL),
(1736,11,'27862829','Maria Jose Zurita Flores','SAN JUAN DE LOS MORROS','2025-02-27 23:20:39','2025-02-27 23:20:39',NULL),
(1737,11,'30326053','Mark Eowyn Garcia Martinez','SAN JUAN DE LOS MORROS','2025-02-27 23:20:39','2025-02-27 23:20:39',NULL),
(1738,11,'27665199','Rosmel Alexander García Echarry','SAN JUAN DE LOS MORROS','2025-02-27 23:20:39','2025-02-27 23:20:39',NULL),
(1739,11,'28514141','Maria De los Angeles Parra Rivero','SAN JUAN DE LOS MORROS','2025-02-27 23:20:39','2025-02-27 23:20:39',NULL),
(1740,11,'28051178','Jesus Ernesto Acosta Paredes','SAN JUAN DE LOS MORROS','2025-02-27 23:20:39','2025-02-27 23:20:39',NULL),
(1741,11,'28306536','Luis Mauricio Sepulveda Perez','SAN JUAN DE LOS MORROS','2025-02-27 23:20:39','2025-02-27 23:20:39',NULL),
(1742,11,'30463583','Julio Arturo Infante Manuitt','SAN JUAN DE LOS MORROS','2025-02-27 23:20:39','2025-02-27 23:20:39',NULL),
(1743,11,'30626299','IGLESIAS  FRANCISCO GARCIA','SAN JUAN DE LOS MORROS','2025-02-27 23:20:39','2025-02-27 23:20:39',NULL),
(1744,11,'30703529','Deiver Josue Suarez Hernandez','SAN JUAN DE LOS MORROS','2025-02-27 23:20:39','2025-02-27 23:20:39',NULL),
(1745,11,'29671203','KEVIN DANIEL  RIOBUENO MARTINEZ ','SAN JUAN DE LOS MORROS','2025-02-27 23:20:39','2025-02-27 23:20:39',NULL),
(1746,11,'23564723','JOSE FRANCISCO CORDERO CASTILLO','SAN JUAN DE LOS MORROS','2025-02-27 23:20:39','2025-02-27 23:20:39',NULL),
(1747,11,'27863893','Benjamin Alberto Vargas Segovia','SAN JUAN DE LOS MORROS','2025-02-27 23:20:39','2025-02-27 23:20:39',NULL),
(1748,11,'25130664','Albert Alexander Pimentel Gamez','SAN JUAN DE LOS MORROS','2025-02-27 23:20:39','2025-02-27 23:20:39',NULL),
(1749,11,'31601772','SOJO  LUIS MORA','SAN JUAN DE LOS MORROS','2025-02-27 23:20:39','2025-02-27 23:20:39',NULL),
(1750,11,'31971270','  JUAN JOSE LOPEZ QUERO ','SAN JUAN DE LOS MORROS','2025-02-27 23:20:39','2025-02-27 23:20:39',NULL),
(1751,11,'31376428','  ANDY DAVID PEREZ COLMENARES ','SAN JUAN DE LOS MORROS','2025-02-27 23:20:39','2025-02-27 23:20:39',NULL),
(1752,11,'30038537','Oscar Jose Tirado Chavez','SAN JUAN DE LOS MORROS','2025-02-27 23:20:39','2025-02-27 23:20:39',NULL),
(1753,11,'28514018','Victor Andres Maldonado Giannalia','SAN JUAN DE LOS MORROS','2025-02-27 23:20:39','2025-02-27 23:20:39',NULL),
(1754,11,'29858678','Jose Armando Estanga Guillen','SAN JUAN DE LOS MORROS','2025-02-27 23:20:39','2025-02-27 23:20:39',NULL),
(1755,11,'26179565','LUIS ANTONIO BLANCO ARCIA','SAN JUAN DE LOS MORROS','2025-02-27 23:20:39','2025-02-27 23:20:39',NULL),
(1756,11,'13850250','Carlos Javier Castillo Guevara','SAN JUAN DE LOS MORROS','2025-02-27 23:20:39','2025-02-27 23:20:39',NULL),
(1757,11,'30160347','Jesus Javier Rojas Pena','SAN JUAN DE LOS MORROS','2025-02-27 23:20:39','2025-02-27 23:20:39',NULL),
(1758,11,'32274597','  EDUARDO ENRIQUE ADARME ORTEGA ','SAN JUAN DE LOS MORROS','2025-02-27 23:20:39','2025-02-27 23:20:39',NULL),
(1759,11,'26500406','Erick Javier Rojas Cana','SAN JUAN DE LOS MORROS','2025-02-27 23:20:39','2025-02-27 23:20:39',NULL),
(1760,11,'27856253','Freddy Orlando Leon Ceballos','SAN JUAN DE LOS MORROS','2025-02-27 23:20:39','2025-02-27 23:20:39',NULL),
(1761,11,'24975682','Alexander  Jose   Ratia  Barriento','SAN JUAN DE LOS MORROS','2025-02-27 23:20:39','2025-02-27 23:20:39',NULL),
(1762,11,'30325797','Miriam De Los Mota David','SAN JUAN DE LOS MORROS','2025-02-27 23:20:39','2025-02-27 23:20:39',NULL),
(1763,11,'31878183','MANUEL EDUARDO PRIETO LOPEZ','SAN JUAN DE LOS MORROS','2025-02-27 23:20:39','2025-02-27 23:20:39',NULL),
(1764,11,'31182412','Cesar enrique  Castillo Muñoz ','SAN JUAN DE LOS MORROS','2025-02-27 23:20:39','2025-02-27 23:20:39',NULL),
(1765,11,'29781180','Jesus Gonzalo Medina Pulido','SAN JUAN DE LOS MORROS','2025-02-27 23:20:39','2025-02-27 23:20:39',NULL),
(1766,11,'30874044','Daniel Enrique Torres Corona','SAN JUAN DE LOS MORROS','2025-02-27 23:20:39','2025-02-27 23:20:39',NULL),
(1767,11,'29728447','Jose  Alejandro  Duran  Cantor ','SAN JUAN DE LOS MORROS','2025-02-27 23:20:39','2025-02-27 23:20:39',NULL),
(1768,11,'30961348','Martinez Gomez  Jose Angel Daniel ','SAN JUAN DE LOS MORROS','2025-02-27 23:20:39','2025-02-27 23:20:39',NULL),
(1769,12,'30161147','Diego Leonardo Rojas Hernandez','SAN JUAN DE LOS MORROS','2025-02-27 23:20:39','2025-02-27 23:20:39',NULL),
(1770,12,'27867456','Barrios Gonzalez  Adriana Dayari','SAN JUAN DE LOS MORROS','2025-02-27 23:20:39','2025-02-27 23:20:39',NULL),
(1771,12,'25130728','Alejandro José Méndez Contreras','SAN JUAN DE LOS MORROS','2025-02-27 23:20:39','2025-02-27 23:20:39',NULL),
(1772,12,'28174753','Giselle Estefania Figueroa Martinez','SAN JUAN DE LOS MORROS','2025-02-27 23:20:39','2025-02-27 23:20:39',NULL),
(1773,12,'14147756','Rebolledo Alvarado Negly Carolina','SAN JUAN DE LOS MORROS','2025-02-27 23:20:39','2025-02-27 23:20:39',NULL),
(1774,12,'21337511','Maria Andreina Arias Graterol','SAN JUAN DE LOS MORROS','2025-02-27 23:20:39','2025-02-27 23:20:39',NULL),
(1775,12,'28012763','Yhoixer Alexander Mireles Ferrer','SAN JUAN DE LOS MORROS','2025-02-27 23:20:39','2025-02-27 23:20:39',NULL),
(1776,12,'26973465','Torrealba Lopez Diana Patricia','SAN JUAN DE LOS MORROS','2025-02-27 23:20:39','2025-02-27 23:20:39',NULL),
(1777,12,'28176220','saldivia  angel ','SAN JUAN DE LOS MORROS','2025-02-27 23:20:39','2025-02-27 23:20:39',NULL),
(1778,13,'31922825','Maria  Fabiana Hernandez  Diaz ','SAN JUAN DE LOS MORROS','2025-02-27 23:20:39','2025-02-27 23:20:39',NULL),
(1779,13,'25573560','Luis Alejandro Muñoz ','SAN JUAN DE LOS MORROS','2025-02-27 23:20:39','2025-02-27 23:20:39',NULL),
(1780,13,'30147593','Johan Jose Mata Inojosa','SAN JUAN DE LOS MORROS','2025-02-27 23:20:39','2025-02-27 23:20:39',NULL),
(1781,13,'30626241','Gabriel Andres Sumoza Del Corral','SAN JUAN DE LOS MORROS','2025-02-27 23:20:39','2025-02-27 23:20:39',NULL),
(1782,13,'27665392','Deivi Pauly Colmenares Miranda','SAN JUAN DE LOS MORROS','2025-02-27 23:20:39','2025-02-27 23:20:39',NULL),
(1783,13,'30626315','Jacob Enmanuel Alanzo Torrealba','SAN JUAN DE LOS MORROS','2025-02-27 23:20:39','2025-02-27 23:20:39',NULL),
(1784,13,'28408311','Juan  Enrique Graterol Diaz','SAN JUAN DE LOS MORROS','2025-02-27 23:20:39','2025-02-27 23:20:39',NULL),
(1785,13,'30160462','GONZALEZ GONCALVES JOSE IGNACIO','SAN JUAN DE LOS MORROS','2025-02-27 23:20:39','2025-02-27 23:20:39',NULL),
(1786,13,'30772312','Neomar Josue Ruiz Marquez','SAN JUAN DE LOS MORROS','2025-02-27 23:20:39','2025-02-27 23:20:39',NULL),
(1787,13,'29576496','Glenys Caridad Garcia Rivas','SAN JUAN DE LOS MORROS','2025-02-27 23:20:39','2025-02-27 23:20:39',NULL),
(1788,13,'30874664','Christian Jeampier Mellado Salvatierra','SAN JUAN DE LOS MORROS','2025-02-27 23:20:39','2025-02-27 23:20:39',NULL),
(1789,13,'30463692','LEDEZMA  WILMELYS ','SAN JUAN DE LOS MORROS','2025-02-27 23:20:39','2025-02-27 23:20:39',NULL),
(1790,13,'29781430','Socrates Alejandro Leal Vera','SAN JUAN DE LOS MORROS','2025-02-27 23:20:39','2025-02-27 23:20:39',NULL),
(1791,13,'30626548','Rosneida  Faviana Bolivar Carrasquel','SAN JUAN DE LOS MORROS','2025-02-27 23:20:39','2025-03-20 05:16:40','estudiantes/01JPRHZE286DDDZ8CQZS0YTMY3.png'),
(1792,13,'30327783','Abdiel Isai Castillo Aguero','SAN JUAN DE LOS MORROS','2025-02-27 23:20:39','2025-02-27 23:20:39',NULL),
(1793,13,'30168419','Norkys Yorgelys Guerra Guerra','SAN JUAN DE LOS MORROS','2025-02-27 23:20:39','2025-02-27 23:20:39',NULL),
(1794,13,'28284629','Tua Garcia Joimer Jose','SAN JUAN DE LOS MORROS','2025-02-27 23:20:39','2025-02-27 23:20:39',NULL),
(1795,13,'30327309','Joshualy Brissel Escalante Gil','SAN JUAN DE LOS MORROS','2025-02-27 23:20:39','2025-02-27 23:20:39',NULL),
(1796,13,'30325779','Jose Alejandro Romero Torres','SAN JUAN DE LOS MORROS','2025-02-27 23:20:39','2025-02-27 23:20:39',NULL),
(1797,13,'27721559','Pineda  Carlos ','SAN JUAN DE LOS MORROS','2025-02-27 23:20:39','2025-02-27 23:20:39',NULL),
(1798,13,'29894891','Mariany Carolie Zerpa Bordoñez','SAN JUAN DE LOS MORROS','2025-02-27 23:20:39','2025-02-27 23:20:39',NULL),
(1799,13,'21336498','Francheska Ysaidu Peña Machado','SAN JUAN DE LOS MORROS','2025-02-27 23:20:39','2025-02-27 23:20:39',NULL),
(1800,13,'27631361','Blanco  Castillo Herlisnays Paola','SAN JUAN DE LOS MORROS','2025-02-27 23:20:39','2025-02-27 23:20:39',NULL),
(1801,13,'27631193','Oropeza Alcala Pedro Ignacio','SAN JUAN DE LOS MORROS','2025-02-27 23:20:39','2025-02-27 23:20:39',NULL),
(1802,13,'28482879','Aponte  jhoiner ','SAN JUAN DE LOS MORROS','2025-02-27 23:20:39','2025-02-27 23:20:39',NULL),
(1803,13,'29858952','Carlos Jose Lopez Moreno','SAN JUAN DE LOS MORROS','2025-02-27 23:20:39','2025-02-27 23:20:39',NULL),
(1804,13,'26511018','Astudillo Escalona Francys lolimar','SAN JUAN DE LOS MORROS','2025-02-27 23:20:39','2025-02-27 23:20:39',NULL),
(1805,13,'20278106','Ibarra  Juan ','SAN JUAN DE LOS MORROS','2025-02-27 23:20:39','2025-02-27 23:20:39',NULL),
(1806,13,'29941442','ISRAEL EDUARDO RIVAS ACOSTA','SAN JUAN DE LOS MORROS','2025-02-27 23:20:39','2025-02-27 23:20:39',NULL),
(1807,13,'25976925','Diaz  Suyeisy ','SAN JUAN DE LOS MORROS','2025-02-27 23:20:39','2025-02-27 23:20:39',NULL);
/*!40000 ALTER TABLE `estudiantes` ENABLE KEYS */;
UNLOCK TABLES;

--
-- Table structure for table `failed_jobs`
--

DROP TABLE IF EXISTS `failed_jobs`;
/*!40101 SET @saved_cs_client     = @@character_set_client */;
/*!40101 SET character_set_client = utf8 */;
CREATE TABLE `failed_jobs` (
  `id` bigint(20) unsigned NOT NULL AUTO_INCREMENT,
  `uuid` varchar(255) NOT NULL,
  `connection` text NOT NULL,
  `queue` text NOT NULL,
  `payload` longtext NOT NULL,
  `exception` longtext NOT NULL,
  `failed_at` timestamp NOT NULL DEFAULT current_timestamp(),
  PRIMARY KEY (`id`),
  UNIQUE KEY `failed_jobs_uuid_unique` (`uuid`)
) ENGINE=InnoDB DEFAULT CHARSET=utf8mb4 COLLATE=utf8mb4_unicode_ci;
/*!40101 SET character_set_client = @saved_cs_client */;

--
-- Dumping data for table `failed_jobs`
--

LOCK TABLES `failed_jobs` WRITE;
/*!40000 ALTER TABLE `failed_jobs` DISABLE KEYS */;
/*!40000 ALTER TABLE `failed_jobs` ENABLE KEYS */;
UNLOCK TABLES;

--
-- Table structure for table `job_batches`
--

DROP TABLE IF EXISTS `job_batches`;
/*!40101 SET @saved_cs_client     = @@character_set_client */;
/*!40101 SET character_set_client = utf8 */;
CREATE TABLE `job_batches` (
  `id` varchar(255) NOT NULL,
  `name` varchar(255) NOT NULL,
  `total_jobs` int(11) NOT NULL,
  `pending_jobs` int(11) NOT NULL,
  `failed_jobs` int(11) NOT NULL,
  `failed_job_ids` longtext NOT NULL,
  `options` mediumtext DEFAULT NULL,
  `cancelled_at` int(11) DEFAULT NULL,
  `created_at` int(11) NOT NULL,
  `finished_at` int(11) DEFAULT NULL,
  PRIMARY KEY (`id`)
) ENGINE=InnoDB DEFAULT CHARSET=utf8mb4 COLLATE=utf8mb4_unicode_ci;
/*!40101 SET character_set_client = @saved_cs_client */;

--
-- Dumping data for table `job_batches`
--

LOCK TABLES `job_batches` WRITE;
/*!40000 ALTER TABLE `job_batches` DISABLE KEYS */;
/*!40000 ALTER TABLE `job_batches` ENABLE KEYS */;
UNLOCK TABLES;

--
-- Table structure for table `jobs`
--

DROP TABLE IF EXISTS `jobs`;
/*!40101 SET @saved_cs_client     = @@character_set_client */;
/*!40101 SET character_set_client = utf8 */;
CREATE TABLE `jobs` (
  `id` bigint(20) unsigned NOT NULL AUTO_INCREMENT,
  `queue` varchar(255) NOT NULL,
  `payload` longtext NOT NULL,
  `attempts` tinyint(3) unsigned NOT NULL,
  `reserved_at` int(10) unsigned DEFAULT NULL,
  `available_at` int(10) unsigned NOT NULL,
  `created_at` int(10) unsigned NOT NULL,
  PRIMARY KEY (`id`),
  KEY `jobs_queue_index` (`queue`)
) ENGINE=InnoDB DEFAULT CHARSET=utf8mb4 COLLATE=utf8mb4_unicode_ci;
/*!40101 SET character_set_client = @saved_cs_client */;

--
-- Dumping data for table `jobs`
--

LOCK TABLES `jobs` WRITE;
/*!40000 ALTER TABLE `jobs` DISABLE KEYS */;
/*!40000 ALTER TABLE `jobs` ENABLE KEYS */;
UNLOCK TABLES;

--
-- Table structure for table `migrations`
--

DROP TABLE IF EXISTS `migrations`;
/*!40101 SET @saved_cs_client     = @@character_set_client */;
/*!40101 SET character_set_client = utf8 */;
CREATE TABLE `migrations` (
  `id` int(10) unsigned NOT NULL AUTO_INCREMENT,
  `migration` varchar(255) NOT NULL,
  `batch` int(11) NOT NULL,
  PRIMARY KEY (`id`)
) ENGINE=InnoDB AUTO_INCREMENT=57 DEFAULT CHARSET=utf8mb4 COLLATE=utf8mb4_unicode_ci;
/*!40101 SET character_set_client = @saved_cs_client */;

--
-- Dumping data for table `migrations`
--

LOCK TABLES `migrations` WRITE;
/*!40000 ALTER TABLE `migrations` DISABLE KEYS */;
INSERT INTO `migrations` VALUES
(1,'2025_03_20_034128_create_areas_table',0),
(2,'2025_03_20_034128_create_audits_table',0),
(3,'2025_03_20_034128_create_autoridades_table',0),
(4,'2025_03_20_034128_create_cache_table',0),
(5,'2025_03_20_034128_create_cache_locks_table',0),
(6,'2025_03_20_034128_create_cargos_table',0),
(7,'2025_03_20_034128_create_carnets_table',0),
(8,'2025_03_20_034128_create_carreras_table',0),
(9,'2025_03_20_034128_create_departamentos_table',0),
(10,'2025_03_20_034128_create_empleados_table',0),
(11,'2025_03_20_034128_create_estudiantes_table',0),
(12,'2025_03_20_034128_create_failed_jobs_table',0),
(13,'2025_03_20_034128_create_job_batches_table',0),
(14,'2025_03_20_034128_create_jobs_table',0),
(15,'2025_03_20_034128_create_model_has_permissions_table',0),
(16,'2025_03_20_034128_create_model_has_roles_table',0),
(17,'2025_03_20_034128_create_password_reset_tokens_table',0),
(18,'2025_03_20_034128_create_permissions_table',0),
(19,'2025_03_20_034128_create_role_has_permissions_table',0),
(20,'2025_03_20_034128_create_roles_table',0),
(21,'2025_03_20_034128_create_sessions_table',0),
(22,'2025_03_20_034128_create_users_table',0),
(23,'2025_03_20_034131_add_foreign_keys_to_carreras_table',0),
(24,'2025_03_20_034131_add_foreign_keys_to_empleados_table',0),
(25,'2025_03_20_034131_add_foreign_keys_to_estudiantes_table',0),
(26,'2025_03_20_034131_add_foreign_keys_to_model_has_permissions_table',0),
(27,'2025_03_20_034131_add_foreign_keys_to_model_has_roles_table',0),
(28,'2025_03_20_034131_add_foreign_keys_to_role_has_permissions_table',0),
(29,'2025_03_28_004746_create_areas_table',0),
(30,'2025_03_28_004746_create_audits_table',0),
(31,'2025_03_28_004746_create_autoridades_table',0),
(32,'2025_03_28_004746_create_cache_table',0),
(33,'2025_03_28_004746_create_cache_locks_table',0),
(34,'2025_03_28_004746_create_cargos_table',0),
(35,'2025_03_28_004746_create_carnets_table',0),
(36,'2025_03_28_004746_create_carreras_table',0),
(37,'2025_03_28_004746_create_departamentos_table',0),
(38,'2025_03_28_004746_create_empleados_table',0),
(39,'2025_03_28_004746_create_estudiantes_table',0),
(40,'2025_03_28_004746_create_failed_jobs_table',0),
(41,'2025_03_28_004746_create_job_batches_table',0),
(42,'2025_03_28_004746_create_jobs_table',0),
(43,'2025_03_28_004746_create_model_has_permissions_table',0),
(44,'2025_03_28_004746_create_model_has_roles_table',0),
(45,'2025_03_28_004746_create_password_reset_tokens_table',0),
(46,'2025_03_28_004746_create_permissions_table',0),
(47,'2025_03_28_004746_create_role_has_permissions_table',0),
(48,'2025_03_28_004746_create_roles_table',0),
(49,'2025_03_28_004746_create_sessions_table',0),
(50,'2025_03_28_004746_create_users_table',0),
(51,'2025_03_28_004749_add_foreign_keys_to_carreras_table',0),
(52,'2025_03_28_004749_add_foreign_keys_to_empleados_table',0),
(53,'2025_03_28_004749_add_foreign_keys_to_estudiantes_table',0),
(54,'2025_03_28_004749_add_foreign_keys_to_model_has_permissions_table',0),
(55,'2025_03_28_004749_add_foreign_keys_to_model_has_roles_table',0),
(56,'2025_03_28_004749_add_foreign_keys_to_role_has_permissions_table',0);
/*!40000 ALTER TABLE `migrations` ENABLE KEYS */;
UNLOCK TABLES;

--
-- Table structure for table `model_has_permissions`
--

DROP TABLE IF EXISTS `model_has_permissions`;
/*!40101 SET @saved_cs_client     = @@character_set_client */;
/*!40101 SET character_set_client = utf8 */;
CREATE TABLE `model_has_permissions` (
  `permission_id` bigint(20) unsigned NOT NULL,
  `model_type` varchar(255) NOT NULL,
  `model_id` bigint(20) unsigned NOT NULL,
  PRIMARY KEY (`permission_id`,`model_id`,`model_type`),
  KEY `model_has_permissions_model_id_model_type_index` (`model_id`,`model_type`),
  CONSTRAINT `model_has_permissions_permission_id_foreign` FOREIGN KEY (`permission_id`) REFERENCES `permissions` (`id`) ON DELETE CASCADE
) ENGINE=InnoDB DEFAULT CHARSET=utf8mb4 COLLATE=utf8mb4_unicode_ci;
/*!40101 SET character_set_client = @saved_cs_client */;

--
-- Dumping data for table `model_has_permissions`
--

LOCK TABLES `model_has_permissions` WRITE;
/*!40000 ALTER TABLE `model_has_permissions` DISABLE KEYS */;
/*!40000 ALTER TABLE `model_has_permissions` ENABLE KEYS */;
UNLOCK TABLES;

--
-- Table structure for table `model_has_roles`
--

DROP TABLE IF EXISTS `model_has_roles`;
/*!40101 SET @saved_cs_client     = @@character_set_client */;
/*!40101 SET character_set_client = utf8 */;
CREATE TABLE `model_has_roles` (
  `role_id` bigint(20) unsigned NOT NULL,
  `model_type` varchar(255) NOT NULL,
  `model_id` bigint(20) unsigned NOT NULL,
  PRIMARY KEY (`role_id`,`model_id`,`model_type`),
  KEY `model_has_roles_model_id_model_type_index` (`model_id`,`model_type`),
  CONSTRAINT `model_has_roles_role_id_foreign` FOREIGN KEY (`role_id`) REFERENCES `roles` (`id`) ON DELETE CASCADE
) ENGINE=InnoDB DEFAULT CHARSET=utf8mb4 COLLATE=utf8mb4_unicode_ci;
/*!40101 SET character_set_client = @saved_cs_client */;

--
-- Dumping data for table `model_has_roles`
--

LOCK TABLES `model_has_roles` WRITE;
/*!40000 ALTER TABLE `model_has_roles` DISABLE KEYS */;
INSERT INTO `model_has_roles` VALUES
(1,'App\\Models\\User',1),
(2,'App\\Models\\User',2);
/*!40000 ALTER TABLE `model_has_roles` ENABLE KEYS */;
UNLOCK TABLES;

--
-- Table structure for table `password_reset_tokens`
--

DROP TABLE IF EXISTS `password_reset_tokens`;
/*!40101 SET @saved_cs_client     = @@character_set_client */;
/*!40101 SET character_set_client = utf8 */;
CREATE TABLE `password_reset_tokens` (
  `email` varchar(255) NOT NULL,
  `token` varchar(255) NOT NULL,
  `created_at` timestamp NULL DEFAULT NULL,
  PRIMARY KEY (`email`)
) ENGINE=InnoDB DEFAULT CHARSET=utf8mb4 COLLATE=utf8mb4_unicode_ci;
/*!40101 SET character_set_client = @saved_cs_client */;

--
-- Dumping data for table `password_reset_tokens`
--

LOCK TABLES `password_reset_tokens` WRITE;
/*!40000 ALTER TABLE `password_reset_tokens` DISABLE KEYS */;
/*!40000 ALTER TABLE `password_reset_tokens` ENABLE KEYS */;
UNLOCK TABLES;

--
-- Table structure for table `permissions`
--

DROP TABLE IF EXISTS `permissions`;
/*!40101 SET @saved_cs_client     = @@character_set_client */;
/*!40101 SET character_set_client = utf8 */;
CREATE TABLE `permissions` (
  `id` bigint(20) unsigned NOT NULL AUTO_INCREMENT,
  `name` varchar(255) NOT NULL,
  `guard_name` varchar(255) NOT NULL,
  `created_at` timestamp NULL DEFAULT NULL,
  `updated_at` timestamp NULL DEFAULT NULL,
  PRIMARY KEY (`id`),
  UNIQUE KEY `permissions_name_guard_name_unique` (`name`,`guard_name`)
) ENGINE=InnoDB AUTO_INCREMENT=134 DEFAULT CHARSET=utf8mb4 COLLATE=utf8mb4_unicode_ci;
/*!40101 SET character_set_client = @saved_cs_client */;

--
-- Dumping data for table `permissions`
--

LOCK TABLES `permissions` WRITE;
/*!40000 ALTER TABLE `permissions` DISABLE KEYS */;
INSERT INTO `permissions` VALUES
(1,'view_role','web','2025-02-27 06:28:17','2025-02-27 06:28:17'),
(2,'view_any_role','web','2025-02-27 06:28:17','2025-02-27 06:28:17'),
(3,'create_role','web','2025-02-27 06:28:17','2025-02-27 06:28:17'),
(4,'update_role','web','2025-02-27 06:28:17','2025-02-27 06:28:17'),
(5,'delete_role','web','2025-02-27 06:28:17','2025-02-27 06:28:17'),
(6,'delete_any_role','web','2025-02-27 06:28:17','2025-02-27 06:28:17'),
(7,'view_user','web','2025-02-27 06:28:17','2025-02-27 06:28:17'),
(8,'view_any_user','web','2025-02-27 06:28:17','2025-02-27 06:28:17'),
(9,'create_user','web','2025-02-27 06:28:17','2025-02-27 06:28:17'),
(10,'update_user','web','2025-02-27 06:28:17','2025-02-27 06:28:17'),
(11,'restore_user','web','2025-02-27 06:28:17','2025-02-27 06:28:17'),
(12,'restore_any_user','web','2025-02-27 06:28:17','2025-02-27 06:28:17'),
(13,'replicate_user','web','2025-02-27 06:28:17','2025-02-27 06:28:17'),
(14,'reorder_user','web','2025-02-27 06:28:17','2025-02-27 06:28:17'),
(15,'delete_user','web','2025-02-27 06:28:17','2025-02-27 06:28:17'),
(16,'delete_any_user','web','2025-02-27 06:28:17','2025-02-27 06:28:17'),
(17,'force_delete_user','web','2025-02-27 06:28:17','2025-02-27 06:28:17'),
(18,'force_delete_any_user','web','2025-02-27 06:28:17','2025-02-27 06:28:17'),
(19,'view_area','web','2025-02-27 06:49:55','2025-02-27 06:49:55'),
(20,'view_any_area','web','2025-02-27 06:49:55','2025-02-27 06:49:55'),
(21,'create_area','web','2025-02-27 06:49:55','2025-02-27 06:49:55'),
(22,'update_area','web','2025-02-27 06:49:55','2025-02-27 06:49:55'),
(23,'restore_area','web','2025-02-27 06:49:55','2025-02-27 06:49:55'),
(24,'restore_any_area','web','2025-02-27 06:49:55','2025-02-27 06:49:55'),
(25,'replicate_area','web','2025-02-27 06:49:55','2025-02-27 06:49:55'),
(26,'reorder_area','web','2025-02-27 06:49:55','2025-02-27 06:49:55'),
(27,'delete_area','web','2025-02-27 06:49:55','2025-02-27 06:49:55'),
(28,'delete_any_area','web','2025-02-27 06:49:55','2025-02-27 06:49:55'),
(29,'force_delete_area','web','2025-02-27 06:49:55','2025-02-27 06:49:55'),
(30,'force_delete_any_area','web','2025-02-27 06:49:55','2025-02-27 06:49:55'),
(31,'view_carrera','web','2025-02-27 07:09:30','2025-02-27 07:09:30'),
(32,'view_any_carrera','web','2025-02-27 07:09:30','2025-02-27 07:09:30'),
(33,'create_carrera','web','2025-02-27 07:09:30','2025-02-27 07:09:30'),
(34,'update_carrera','web','2025-02-27 07:09:30','2025-02-27 07:09:30'),
(35,'restore_carrera','web','2025-02-27 07:09:30','2025-02-27 07:09:30'),
(36,'restore_any_carrera','web','2025-02-27 07:09:30','2025-02-27 07:09:30'),
(37,'replicate_carrera','web','2025-02-27 07:09:30','2025-02-27 07:09:30'),
(38,'reorder_carrera','web','2025-02-27 07:09:30','2025-02-27 07:09:30'),
(39,'delete_carrera','web','2025-02-27 07:09:30','2025-02-27 07:09:30'),
(40,'delete_any_carrera','web','2025-02-27 07:09:30','2025-02-27 07:09:30'),
(41,'force_delete_carrera','web','2025-02-27 07:09:30','2025-02-27 07:09:30'),
(42,'force_delete_any_carrera','web','2025-02-27 07:09:30','2025-02-27 07:09:30'),
(43,'view_estudiante','web','2025-02-27 22:30:40','2025-02-27 22:30:40'),
(44,'view_any_estudiante','web','2025-02-27 22:30:40','2025-02-27 22:30:40'),
(45,'create_estudiante','web','2025-02-27 22:30:40','2025-02-27 22:30:40'),
(46,'update_estudiante','web','2025-02-27 22:30:40','2025-02-27 22:30:40'),
(47,'restore_estudiante','web','2025-02-27 22:30:40','2025-02-27 22:30:40'),
(48,'restore_any_estudiante','web','2025-02-27 22:30:40','2025-02-27 22:30:40'),
(49,'replicate_estudiante','web','2025-02-27 22:30:40','2025-02-27 22:30:40'),
(50,'reorder_estudiante','web','2025-02-27 22:30:40','2025-02-27 22:30:40'),
(51,'delete_estudiante','web','2025-02-27 22:30:40','2025-02-27 22:30:40'),
(52,'delete_any_estudiante','web','2025-02-27 22:30:40','2025-02-27 22:30:40'),
(53,'force_delete_estudiante','web','2025-02-27 22:30:40','2025-02-27 22:30:40'),
(54,'force_delete_any_estudiante','web','2025-02-27 22:30:40','2025-02-27 22:30:40'),
(55,'audit_area','web','2025-02-27 23:49:33','2025-02-27 23:49:33'),
(56,'restoreAudit_area','web','2025-02-27 23:49:33','2025-02-27 23:49:33'),
(57,'audit_carrera','web','2025-02-27 23:49:33','2025-02-27 23:49:33'),
(58,'restoreAudit_carrera','web','2025-02-27 23:49:33','2025-02-27 23:49:33'),
(59,'audit_estudiante','web','2025-02-27 23:49:33','2025-02-27 23:49:33'),
(60,'restoreAudit_estudiante','web','2025-02-27 23:49:33','2025-02-27 23:49:33'),
(61,'audit_user','web','2025-02-27 23:49:33','2025-02-27 23:49:33'),
(62,'restoreAudit_user','web','2025-02-27 23:49:33','2025-02-27 23:49:33'),
(63,'view_autoridad','web','2025-03-20 00:47:48','2025-03-20 00:47:48'),
(64,'view_any_autoridad','web','2025-03-20 00:47:48','2025-03-20 00:47:48'),
(65,'create_autoridad','web','2025-03-20 00:47:48','2025-03-20 00:47:48'),
(66,'update_autoridad','web','2025-03-20 00:47:48','2025-03-20 00:47:48'),
(67,'restore_autoridad','web','2025-03-20 00:47:48','2025-03-20 00:47:48'),
(68,'restore_any_autoridad','web','2025-03-20 00:47:48','2025-03-20 00:47:48'),
(69,'replicate_autoridad','web','2025-03-20 00:47:48','2025-03-20 00:47:48'),
(70,'reorder_autoridad','web','2025-03-20 00:47:48','2025-03-20 00:47:48'),
(71,'delete_autoridad','web','2025-03-20 00:47:48','2025-03-20 00:47:48'),
(72,'delete_any_autoridad','web','2025-03-20 00:47:48','2025-03-20 00:47:48'),
(73,'force_delete_autoridad','web','2025-03-20 00:47:48','2025-03-20 00:47:48'),
(74,'force_delete_any_autoridad','web','2025-03-20 00:47:48','2025-03-20 00:47:48'),
(75,'audit_autoridad','web','2025-03-20 00:47:48','2025-03-20 00:47:48'),
(76,'restoreAudit_autoridad','web','2025-03-20 00:47:48','2025-03-20 00:47:48'),
(77,'widget_Cantidades','web','2025-03-20 00:47:49','2025-03-20 00:47:49'),
(78,'view_cargo','web','2025-03-20 06:55:54','2025-03-20 06:55:54'),
(79,'view_any_cargo','web','2025-03-20 06:55:54','2025-03-20 06:55:54'),
(80,'create_cargo','web','2025-03-20 06:55:54','2025-03-20 06:55:54'),
(81,'update_cargo','web','2025-03-20 06:55:54','2025-03-20 06:55:54'),
(82,'restore_cargo','web','2025-03-20 06:55:54','2025-03-20 06:55:54'),
(83,'restore_any_cargo','web','2025-03-20 06:55:54','2025-03-20 06:55:54'),
(84,'replicate_cargo','web','2025-03-20 06:55:54','2025-03-20 06:55:54'),
(85,'reorder_cargo','web','2025-03-20 06:55:54','2025-03-20 06:55:54'),
(86,'delete_cargo','web','2025-03-20 06:55:54','2025-03-20 06:55:54'),
(87,'delete_any_cargo','web','2025-03-20 06:55:54','2025-03-20 06:55:54'),
(88,'force_delete_cargo','web','2025-03-20 06:55:55','2025-03-20 06:55:55'),
(89,'force_delete_any_cargo','web','2025-03-20 06:55:55','2025-03-20 06:55:55'),
(90,'audit_cargo','web','2025-03-20 06:55:55','2025-03-20 06:55:55'),
(91,'restoreAudit_cargo','web','2025-03-20 06:55:55','2025-03-20 06:55:55'),
(92,'view_departamento','web','2025-03-20 06:56:36','2025-03-20 06:56:36'),
(93,'view_any_departamento','web','2025-03-20 06:56:36','2025-03-20 06:56:36'),
(94,'create_departamento','web','2025-03-20 06:56:36','2025-03-20 06:56:36'),
(95,'update_departamento','web','2025-03-20 06:56:36','2025-03-20 06:56:36'),
(96,'restore_departamento','web','2025-03-20 06:56:36','2025-03-20 06:56:36'),
(97,'restore_any_departamento','web','2025-03-20 06:56:36','2025-03-20 06:56:36'),
(98,'replicate_departamento','web','2025-03-20 06:56:36','2025-03-20 06:56:36'),
(99,'reorder_departamento','web','2025-03-20 06:56:36','2025-03-20 06:56:36'),
(100,'delete_departamento','web','2025-03-20 06:56:36','2025-03-20 06:56:36'),
(101,'delete_any_departamento','web','2025-03-20 06:56:36','2025-03-20 06:56:36'),
(102,'force_delete_departamento','web','2025-03-20 06:56:36','2025-03-20 06:56:36'),
(103,'force_delete_any_departamento','web','2025-03-20 06:56:36','2025-03-20 06:56:36'),
(104,'audit_departamento','web','2025-03-20 06:56:36','2025-03-20 06:56:36'),
(105,'restoreAudit_departamento','web','2025-03-20 06:56:36','2025-03-20 06:56:36'),
(106,'view_empleado','web','2025-03-20 06:57:34','2025-03-20 06:57:34'),
(107,'view_any_empleado','web','2025-03-20 06:57:34','2025-03-20 06:57:34'),
(108,'create_empleado','web','2025-03-20 06:57:34','2025-03-20 06:57:34'),
(109,'update_empleado','web','2025-03-20 06:57:34','2025-03-20 06:57:34'),
(110,'restore_empleado','web','2025-03-20 06:57:34','2025-03-20 06:57:34'),
(111,'restore_any_empleado','web','2025-03-20 06:57:34','2025-03-20 06:57:34'),
(112,'replicate_empleado','web','2025-03-20 06:57:34','2025-03-20 06:57:34'),
(113,'reorder_empleado','web','2025-03-20 06:57:34','2025-03-20 06:57:34'),
(114,'delete_empleado','web','2025-03-20 06:57:34','2025-03-20 06:57:34'),
(115,'delete_any_empleado','web','2025-03-20 06:57:34','2025-03-20 06:57:34'),
(116,'force_delete_empleado','web','2025-03-20 06:57:34','2025-03-20 06:57:34'),
(117,'force_delete_any_empleado','web','2025-03-20 06:57:34','2025-03-20 06:57:34'),
(118,'audit_empleado','web','2025-03-20 06:57:34','2025-03-20 06:57:34'),
(119,'restoreAudit_empleado','web','2025-03-20 06:57:34','2025-03-20 06:57:34'),
(120,'view_carnet','web','2025-03-20 07:20:08','2025-03-20 07:20:08'),
(121,'view_any_carnet','web','2025-03-20 07:20:08','2025-03-20 07:20:08'),
(122,'create_carnet','web','2025-03-20 07:20:08','2025-03-20 07:20:08'),
(123,'update_carnet','web','2025-03-20 07:20:08','2025-03-20 07:20:08'),
(124,'restore_carnet','web','2025-03-20 07:20:08','2025-03-20 07:20:08'),
(125,'restore_any_carnet','web','2025-03-20 07:20:08','2025-03-20 07:20:08'),
(126,'replicate_carnet','web','2025-03-20 07:20:08','2025-03-20 07:20:08'),
(127,'reorder_carnet','web','2025-03-20 07:20:08','2025-03-20 07:20:08'),
(128,'delete_carnet','web','2025-03-20 07:20:08','2025-03-20 07:20:08'),
(129,'delete_any_carnet','web','2025-03-20 07:20:08','2025-03-20 07:20:08'),
(130,'force_delete_carnet','web','2025-03-20 07:20:08','2025-03-20 07:20:08'),
(131,'force_delete_any_carnet','web','2025-03-20 07:20:08','2025-03-20 07:20:08'),
(132,'audit_carnet','web','2025-03-20 07:20:08','2025-03-20 07:20:08'),
(133,'restoreAudit_carnet','web','2025-03-20 07:20:08','2025-03-20 07:20:08');
/*!40000 ALTER TABLE `permissions` ENABLE KEYS */;
UNLOCK TABLES;

--
-- Table structure for table `role_has_permissions`
--

DROP TABLE IF EXISTS `role_has_permissions`;
/*!40101 SET @saved_cs_client     = @@character_set_client */;
/*!40101 SET character_set_client = utf8 */;
CREATE TABLE `role_has_permissions` (
  `permission_id` bigint(20) unsigned NOT NULL,
  `role_id` bigint(20) unsigned NOT NULL,
  PRIMARY KEY (`permission_id`,`role_id`),
  KEY `role_has_permissions_role_id_foreign` (`role_id`),
  CONSTRAINT `role_has_permissions_permission_id_foreign` FOREIGN KEY (`permission_id`) REFERENCES `permissions` (`id`) ON DELETE CASCADE,
  CONSTRAINT `role_has_permissions_role_id_foreign` FOREIGN KEY (`role_id`) REFERENCES `roles` (`id`) ON DELETE CASCADE
) ENGINE=InnoDB DEFAULT CHARSET=utf8mb4 COLLATE=utf8mb4_unicode_ci;
/*!40101 SET character_set_client = @saved_cs_client */;

--
-- Dumping data for table `role_has_permissions`
--

LOCK TABLES `role_has_permissions` WRITE;
/*!40000 ALTER TABLE `role_has_permissions` DISABLE KEYS */;
INSERT INTO `role_has_permissions` VALUES
(1,1),
(2,1),
(3,1),
(4,1),
(5,1),
(6,1),
(7,1),
(8,1),
(9,1),
(10,1),
(11,1),
(12,1),
(13,1),
(14,1),
(15,1),
(16,1),
(17,1),
(18,1),
(19,1),
(19,2),
(20,1),
(20,2),
(21,1),
(21,2),
(22,1),
(22,2),
(23,1),
(24,1),
(25,1),
(26,1),
(27,1),
(28,1),
(29,1),
(30,1),
(31,1),
(31,2),
(32,1),
(32,2),
(33,1),
(33,2),
(34,1),
(34,2),
(35,1),
(36,1),
(37,1),
(38,1),
(39,1),
(40,1),
(41,1),
(42,1),
(43,1),
(43,2),
(44,1),
(44,2),
(45,1),
(45,2),
(46,1),
(46,2),
(47,1),
(48,1),
(49,1),
(50,1),
(51,1),
(52,1),
(53,1),
(54,1),
(55,1),
(56,1),
(57,1),
(58,1),
(59,1),
(60,1),
(61,1),
(62,1),
(63,1),
(63,2),
(64,1),
(64,2),
(65,1),
(65,2),
(66,1),
(66,2),
(67,1),
(68,1),
(69,1),
(70,1),
(71,1),
(72,1),
(73,1),
(74,1),
(75,1),
(76,1),
(77,1),
(77,2),
(78,1),
(78,2),
(79,1),
(79,2),
(80,1),
(80,2),
(81,1),
(81,2),
(82,1),
(83,1),
(84,1),
(85,1),
(86,1),
(87,1),
(88,1),
(89,1),
(90,1),
(91,1),
(92,1),
(92,2),
(93,1),
(93,2),
(94,1),
(94,2),
(95,1),
(95,2),
(96,1),
(97,1),
(98,1),
(99,1),
(100,1),
(101,1),
(102,1),
(103,1),
(104,1),
(105,1),
(106,1),
(106,2),
(107,1),
(107,2),
(108,1),
(108,2),
(109,1),
(109,2),
(110,1),
(111,1),
(112,1),
(113,1),
(114,1),
(115,1),
(116,1),
(117,1),
(118,1),
(119,1),
(120,1),
(120,2),
(121,1),
(121,2),
(122,1),
(122,2),
(123,1),
(123,2),
(124,1),
(125,1),
(126,1),
(127,1),
(128,1),
(129,1),
(130,1),
(131,1),
(132,1),
(133,1);
/*!40000 ALTER TABLE `role_has_permissions` ENABLE KEYS */;
UNLOCK TABLES;

--
-- Table structure for table `roles`
--

DROP TABLE IF EXISTS `roles`;
/*!40101 SET @saved_cs_client     = @@character_set_client */;
/*!40101 SET character_set_client = utf8 */;
CREATE TABLE `roles` (
  `id` bigint(20) unsigned NOT NULL AUTO_INCREMENT,
  `name` varchar(255) NOT NULL,
  `guard_name` varchar(255) NOT NULL,
  `created_at` timestamp NULL DEFAULT NULL,
  `updated_at` timestamp NULL DEFAULT NULL,
  PRIMARY KEY (`id`),
  UNIQUE KEY `roles_name_guard_name_unique` (`name`,`guard_name`)
) ENGINE=InnoDB AUTO_INCREMENT=3 DEFAULT CHARSET=utf8mb4 COLLATE=utf8mb4_unicode_ci;
/*!40101 SET character_set_client = @saved_cs_client */;

--
-- Dumping data for table `roles`
--

LOCK TABLES `roles` WRITE;
/*!40000 ALTER TABLE `roles` DISABLE KEYS */;
INSERT INTO `roles` VALUES
(1,'super_admin','web','2025-02-27 06:26:48','2025-02-27 06:26:48'),
(2,'panel_user','web','2025-02-27 06:28:42','2025-02-27 06:28:42');
/*!40000 ALTER TABLE `roles` ENABLE KEYS */;
UNLOCK TABLES;

--
-- Table structure for table `sessions`
--

DROP TABLE IF EXISTS `sessions`;
/*!40101 SET @saved_cs_client     = @@character_set_client */;
/*!40101 SET character_set_client = utf8 */;
CREATE TABLE `sessions` (
  `id` varchar(255) NOT NULL,
  `user_id` bigint(20) unsigned DEFAULT NULL,
  `ip_address` varchar(45) DEFAULT NULL,
  `user_agent` text DEFAULT NULL,
  `payload` longtext NOT NULL,
  `last_activity` int(11) NOT NULL,
  PRIMARY KEY (`id`),
  KEY `sessions_user_id_index` (`user_id`),
  KEY `sessions_last_activity_index` (`last_activity`)
) ENGINE=InnoDB DEFAULT CHARSET=utf8mb4 COLLATE=utf8mb4_unicode_ci;
/*!40101 SET character_set_client = @saved_cs_client */;

--
-- Dumping data for table `sessions`
--

LOCK TABLES `sessions` WRITE;
/*!40000 ALTER TABLE `sessions` DISABLE KEYS */;
INSERT INTO `sessions` VALUES
('PDl4HAsj1WgNN0SUuT0BtL27WeFq7GVV85wpaKwL',1,'127.0.0.1','Mozilla/5.0 (Windows NT 10.0; Win64; x64) AppleWebKit/537.36 (KHTML, like Gecko) Chrome/134.0.0.0 Safari/537.36','YTo3OntzOjY6Il90b2tlbiI7czo0MDoia2pMdGdCVXdpaFp6M29kTzNKMTFRWXhMQ0lnRjJyaFlVVFZ0Y2ZWQyI7czozOiJ1cmwiO2E6MDp7fXM6OToiX3ByZXZpb3VzIjthOjE6e3M6MzoidXJsIjtzOjM0OiJodHRwOi8vY2FybmV0LnRlc3QvYWRtaW4vZW1wbGVhZG9zIjt9czo2OiJfZmxhc2giO2E6Mjp7czozOiJvbGQiO2E6MDp7fXM6MzoibmV3IjthOjA6e319czo1MDoibG9naW5fd2ViXzU5YmEzNmFkZGMyYjJmOTQwMTU4MGYwMTRjN2Y1OGVhNGUzMDk4OWQiO2k6MTtzOjE3OiJwYXNzd29yZF9oYXNoX3dlYiI7czo2MDoiJDJ5JDEyJEsycUR0YUk1SkE0ei5wYUNUcm5ZUk9LaHBwcTJqV0sxeGRibGVjUWRwOUVnQTh4MGo3YXNPIjtzOjg6ImZpbGFtZW50IjthOjA6e319',1743130400);
/*!40000 ALTER TABLE `sessions` ENABLE KEYS */;
UNLOCK TABLES;

--
-- Table structure for table `users`
--

DROP TABLE IF EXISTS `users`;
/*!40101 SET @saved_cs_client     = @@character_set_client */;
/*!40101 SET character_set_client = utf8 */;
CREATE TABLE `users` (
  `id` bigint(20) unsigned NOT NULL AUTO_INCREMENT,
  `name` varchar(255) NOT NULL,
  `email` varchar(255) NOT NULL,
  `email_verified_at` timestamp NULL DEFAULT NULL,
  `password` varchar(255) NOT NULL,
  `remember_token` varchar(100) DEFAULT NULL,
  `created_at` timestamp NULL DEFAULT NULL,
  `updated_at` timestamp NULL DEFAULT NULL,
  PRIMARY KEY (`id`),
  UNIQUE KEY `users_email_unique` (`email`)
) ENGINE=InnoDB AUTO_INCREMENT=3 DEFAULT CHARSET=utf8mb4 COLLATE=utf8mb4_unicode_ci;
/*!40101 SET character_set_client = @saved_cs_client */;

--
-- Dumping data for table `users`
--

LOCK TABLES `users` WRITE;
/*!40000 ALTER TABLE `users` DISABLE KEYS */;
INSERT INTO `users` VALUES
(1,'Admin','admin@admin.com',NULL,'$2y$12$K2qDtaI5JA4z.paCTrnYROKhppq2jWK1xdblecQdp9EgA8x0j7asO','ixM9ROECuMMxwKA7DXzuqGvR0hnBsbrfY41bo0D1m0YN8ZvEHPqsmxLg5PLh','2025-02-27 01:14:34','2025-02-27 01:14:34'),
(2,'Operador','operador@gmail.com',NULL,'$2y$12$5i.2OlTDWvNclDNd/jS/IujGWS7hZHhKpYaz.ig194QHVBm0K8S7K',NULL,'2025-02-27 05:37:16','2025-02-27 05:37:16');
/*!40000 ALTER TABLE `users` ENABLE KEYS */;
UNLOCK TABLES;

--
-- Dumping routines for database 'carnet'
--
/*!40103 SET TIME_ZONE=@OLD_TIME_ZONE */;

/*!40101 SET SQL_MODE=@OLD_SQL_MODE */;
/*!40014 SET FOREIGN_KEY_CHECKS=@OLD_FOREIGN_KEY_CHECKS */;
/*!40014 SET UNIQUE_CHECKS=@OLD_UNIQUE_CHECKS */;
/*!40101 SET CHARACTER_SET_CLIENT=@OLD_CHARACTER_SET_CLIENT */;
/*!40101 SET CHARACTER_SET_RESULTS=@OLD_CHARACTER_SET_RESULTS */;
/*!40101 SET COLLATION_CONNECTION=@OLD_COLLATION_CONNECTION */;
/*!40111 SET SQL_NOTES=@OLD_SQL_NOTES */;

-- Dump completed on 2025-03-27 22:54:46
